# rollout meta: {"joint_names": ["joint1", "joint2", "joint3", "joint4", "joint5", "joint6", "joint7"], "dt": 0.02, "n": 1150, "source": "shape_ik_6d", "note": "schedule r=0.3 h=0.3"}
t,q1,q2,q3,q4,q5,q6,q7,ee_x,ee_y,ee_z,tgt_x,tgt_y,tgt_z
0.000000,3.36822359,1.16074663,-1.57000000,-0.81562829,1.27344235,4.00000000,3.15000000,0.082553,-0.110844,-0.063568,0.300000,0.060000,0.300000
0.020000,-0.07409027,-0.36778720,1.16253697,-4.00000000,-2.00000000,1.28245276,2.12918711,0.321432,0.144940,0.336997,0.300000,0.059981,0.301508
0.040000,-0.07164323,-0.33157664,1.07442046,-4.00000000,-2.00000000,1.27969825,2.11237674,0.315361,0.143921,0.333780,0.300000,0.059924,0.303015
0.060000,-0.05665903,-0.34132050,1.13562507,-4.00000000,-2.00000000,1.21449375,2.13283199,0.313580,0.140710,0.342321,0.300000,0.059830,0.304520
0.080000,-0.05545199,-0.32902679,1.11235567,-4.00000000,-2.00000000,1.21713486,2.12358879,0.311315,0.140217,0.342087,0.300000,0.059697,0.306022
0.100000,-0.07478837,-0.49412174,1.48135609,-4.00000000,-2.00000000,1.39588072,2.12494251,0.340720,0.143219,0.346589,0.300000,0.059527,0.307520
0.120000,-0.05359137,-0.38420456,1.19449698,-4.00000000,-2.00000000,1.10937058,2.32163754,0.319867,0.141764,0.341735,0.300000,0.059319,0.309014
0.140000,-0.07206370,-0.11939189,0.63613880,-4.00000000,-2.00000000,1.18756980,1.95065219,0.268572,0.144847,0.316652,0.300000,0.059074,0.310501
0.160000,-0.04584272,-0.31032975,1.08868896,-4.00000000,-2.00000000,1.23319392,2.11499219,0.307555,0.136606,0.344098,0.300000,0.058791,0.311983
0.180000,-0.05423834,-0.78147702,1.57000000,-4.00000000,-2.00000000,1.37747613,2.40148217,0.409683,0.132881,0.282535,0.300000,0.058472,0.313456
0.200000,-0.05641999,-0.63263122,1.57000000,-4.00000000,-2.00000000,1.31658064,2.33221178,0.371432,0.137383,0.325438,0.300000,0.058115,0.314921
0.220000,-0.06588077,-0.49399061,1.49979491,-4.00000000,-2.00000000,1.41208730,2.12863764,0.339690,0.139865,0.349936,0.300000,0.057722,0.316377
0.240000,-0.05066835,-0.61812825,1.57000000,-4.00000000,-2.00000000,1.26550339,2.37415402,0.366207,0.136887,0.330381,0.300000,0.057292,0.317822
0.260000,-0.03382263,-0.82903806,1.57000000,-4.00000000,-2.00000000,1.24591663,2.56007211,0.417043,0.129687,0.272014,0.300000,0.056826,0.319257
0.280000,-0.02848252,-0.27436022,1.02875239,-4.00000000,-2.00000000,1.19154767,2.14979605,0.299068,0.131505,0.346355,0.300000,0.056324,0.320679
0.300000,-0.03942519,-0.94949409,1.57000000,-4.00000000,-2.00000000,1.45201529,2.49593073,0.444405,0.124656,0.229085,0.300000,0.055787,0.322087
0.320000,-0.03404698,-0.10009239,0.62943571,-4.00000000,-2.00000000,1.04704937,2.10941226,0.260108,0.135609,0.326142,0.300000,0.055214,0.323482
0.340000,-0.04058575,-0.72055237,1.57000000,-4.00000000,-2.00000000,1.34183203,2.40107601,0.394584,0.130617,0.302852,0.300000,0.054606,0.324863
0.360000,-0.03347167,-0.87219067,1.57000000,-4.00000000,-2.00000000,1.37986537,2.50035391,0.428882,0.125970,0.256624,0.300000,0.053964,0.326227
0.380000,-0.00856662,-0.29151831,1.08888520,-4.00000000,-2.00000000,1.14205872,2.26280061,0.299721,0.125641,0.353569,0.300000,0.053288,0.327575
0.400000,-0.03143241,-0.83180617,1.57000000,-4.00000000,-2.00000000,1.38585089,2.45763647,0.420804,0.125705,0.269738,0.300000,0.052578,0.328905
0.420000,-0.04965368,-0.34970081,1.25796987,-4.00000000,-2.00000000,1.58185053,1.84922029,0.317155,0.129850,0.353109,0.300000,0.051835,0.330217
0.440000,-0.00505180,-0.21697547,0.92862588,-4.00000000,-2.00000000,1.13478294,2.18958056,0.285611,0.124513,0.347943,0.300000,0.051060,0.331510
0.460000,0.00337035,-0.22890126,0.96137963,-4.00000000,-2.00000000,1.10316651,2.24078289,0.286746,0.122192,0.351281,0.300000,0.050252,0.332784
0.480000,-0.03809020,-0.28351808,1.10466061,-4.00000000,-2.00000000,1.28199144,2.21039124,0.300187,0.133110,0.352049,0.300000,0.049412,0.334036
0.500000,-0.08267832,-0.26843965,1.08775592,-4.00000000,-2.00000000,1.54676886,1.97169444,0.302261,0.141958,0.343678,0.300000,0.048541,0.335267
0.520000,-0.09013229,-0.26334828,1.07686871,-4.00000000,-2.00000000,1.44848400,2.07675359,0.299485,0.147122,0.343373,0.300000,0.047639,0.336476
0.540000,-0.08377328,-0.25730534,1.06241587,-4.00000000,-2.00000000,1.33213161,2.18874450,0.295944,0.147823,0.344845,0.300000,0.046708,0.337661
0.560000,-0.07666553,-0.25053943,1.04800002,-4.00000000,-2.00000000,1.25621120,2.25907471,0.292885,0.147122,0.346046,0.300000,0.045747,0.338823
0.580000,-0.06126814,-0.24423742,1.03497593,-4.00000000,-2.00000000,1.19941512,2.30544586,0.290260,0.143016,0.348301,0.300000,0.044756,0.339961
0.600000,-0.03771485,-0.23933232,1.02533162,-4.00000000,-2.00000000,1.16024115,2.32852563,0.288277,0.135592,0.351602,0.300000,0.043738,0.341073
0.620000,-0.01784566,-0.23111192,1.00834265,-4.00000000,-2.00000000,1.13773282,2.33081468,0.286119,0.129028,0.353799,0.300000,0.042692,0.342159
0.640000,-0.00763607,-0.22009126,0.98557513,-4.00000000,-2.00000000,1.12699615,2.32516639,0.283731,0.125618,0.354335,0.300000,0.041619,0.343219
0.660000,0.00549523,-0.20595376,0.95478502,-4.00000000,-2.00000000,1.11464073,2.31222656,0.280745,0.121205,0.354722,0.300000,0.040520,0.344251
0.680000,0.02590276,-0.87982334,1.57000000,-4.00000000,-2.00000000,1.37542349,2.55455689,0.430283,0.110690,0.261234,0.300000,0.039395,0.345255
0.700000,0.02314388,-0.06467602,0.62608868,-4.00000000,-2.00000000,1.05724280,2.18364312,0.250926,0.116448,0.338136,0.300000,0.038245,0.346231
0.720000,0.02522626,0.02203498,0.42470399,-4.00000000,-2.00000000,1.04616319,2.03475694,0.230874,0.116311,0.323934,0.300000,0.037072,0.347177
0.740000,0.00893265,0.14026786,0.15496672,-4.00000000,-2.00000000,1.05592116,1.88648324,0.201518,0.121597,0.299395,0.300000,0.035874,0.348094
0.760000,0.01772889,-0.63082393,1.57000000,-4.00000000,-2.00000000,1.23111500,2.44855676,0.368746,0.114803,0.335862,0.300000,0.034654,0.348980
0.780000,0.03386420,-0.72932201,1.57000000,-4.00000000,-2.00000000,1.12610322,2.57586182,0.391152,0.112452,0.311270,0.300000,0.033413,0.349836
0.800000,0.04709825,-0.92037416,1.57000000,-4.00000000,-2.00000000,1.38796369,2.58735191,0.438134,0.105464,0.249947,0.300000,0.032150,0.350660
0.820000,0.05589197,-0.03555047,0.57884566,-4.00000000,-2.00000000,1.02535730,2.15189873,0.243232,0.105978,0.340222,0.300000,0.030866,0.351452
0.840000,0.05563425,-1.11017676,1.57000000,-4.00000000,-2.00000000,1.42450132,2.70986453,0.466785,0.106153,0.183948,0.300000,0.029564,0.352211
0.860000,0.06656064,-1.36952061,1.57000000,-4.00000000,-2.00000000,1.39727503,2.94002847,0.483552,0.111200,0.089213,0.300000,0.028242,0.352937
0.880000,0.03363509,0.32130127,-0.29362415,-4.00000000,-1.99778489,0.90246607,1.91026921,0.147398,0.118165,0.261374,0.300000,0.026903,0.353630
0.900000,0.11186501,-0.24401032,0.76239690,-4.00000000,-1.81181739,1.11951696,2.28049968,0.326779,0.088056,0.346529,0.300000,0.025547,0.354290
0.920000,-0.00186214,0.68587150,-1.06749052,-4.00000000,-1.55425598,1.15714789,1.31155723,0.112264,0.123429,0.132220,0.300000,0.024174,0.354914
0.940000,0.05393322,0.13726303,0.18842879,-4.00000000,-2.00000000,1.02247420,1.94230952,0.201782,0.108350,0.309346,0.300000,0.022787,0.355505
0.960000,0.19884191,-0.14846441,0.47966328,-4.00000000,-1.50018459,1.44333207,2.00802099,0.359950,0.048151,0.340130,0.300000,0.021385,0.356060
0.980000,0.08766974,-0.29224512,0.98156100,-4.00000000,-2.00000000,1.10425929,2.33813477,0.303803,0.092996,0.350807,0.300000,0.019969,0.356579
1.000000,0.10509790,-0.46140376,1.57000000,-4.00000000,-2.00000000,1.66681319,2.52967551,0.329534,0.070310,0.380842,0.300000,0.018541,0.357063
1.020000,0.02456647,0.59609178,-0.86587418,-4.00000000,-1.68100652,1.01457577,1.50202530,0.120278,0.124087,0.175212,0.300000,0.017101,0.357511
1.040000,0.13033538,-0.19505804,0.67448424,-4.00000000,-1.72301077,1.39268387,2.02306170,0.334905,0.075374,0.346242,0.300000,0.015650,0.357923
1.060000,0.05921091,-0.45025421,1.45786750,-4.00000000,-2.00000000,1.21827397,2.32384582,0.324956,0.099218,0.371324,0.300000,0.014190,0.358298
1.080000,0.09436033,-1.50814737,1.57000000,-4.00000000,-2.00000000,1.70345892,2.79777552,0.482972,0.106311,0.032184,0.300000,0.012720,0.358636
1.100000,0.08166354,-0.74242132,1.57000000,-4.00000000,-2.00000000,1.14404153,2.58010713,0.394812,0.097412,0.312362,0.300000,0.011243,0.358937
1.120000,0.08701055,-0.28867831,0.96474171,-4.00000000,-1.99018608,1.28852023,2.12143696,0.309502,0.089847,0.347504,0.300000,0.009758,0.359201
1.140000,0.10483916,0.08784277,0.32953354,-4.00000000,-2.00000000,0.99842007,2.03785555,0.213502,0.091436,0.328270,0.300000,0.008267,0.359428
1.160000,0.11248472,-1.23540920,1.57000000,-4.00000000,-2.00000000,1.40760931,2.81947302,0.477934,0.101086,0.144211,0.300000,0.006771,0.359617
1.180000,0.08649730,-0.51464137,1.57000000,-4.00000000,-2.00000000,1.17112288,2.39804031,0.334037,0.090219,0.371945,0.300000,0.005271,0.359768
1.200000,0.02510089,-0.06057087,0.69179248,-4.00000000,-2.00000000,0.99033401,2.40294997,0.246088,0.116722,0.348216,0.300000,0.003767,0.359882
1.220000,-0.13386773,-0.06388446,0.71062397,-4.00000000,-2.00000000,0.94224700,2.50797875,0.244965,0.171467,0.327573,0.300000,0.002261,0.359957
1.240000,0.08505545,-0.48814995,1.56352242,-4.00000000,-2.00000000,1.20592106,2.35920390,0.327565,0.089581,0.376976,0.300000,0.000754,0.359995
1.260000,0.12834168,-1.22161827,1.57000000,-4.00000000,-2.00000000,1.40872948,2.80385266,0.476977,0.098103,0.150873,0.300000,-0.000754,0.359995
1.280000,0.10987654,-0.29741446,1.00011289,-4.00000000,-2.00000000,1.28264872,2.12864618,0.309009,0.081527,0.351618,0.300000,-0.002261,0.359957
1.300000,0.14197801,-0.18537940,0.53882789,-4.00000000,-1.55664221,2.24431592,1.15577488,0.359518,0.052186,0.314139,0.300000,-0.003767,0.359882
1.320000,0.28744632,-0.17313373,0.43274777,-4.00000000,-1.38341838,1.52544825,1.90928315,0.384161,0.014138,0.332837,0.300000,-0.005271,0.359768
1.340000,0.34711615,-0.18633375,0.35845907,-4.00000000,-1.25467369,1.56846869,1.88063009,0.405475,-0.008848,0.319605,0.300000,-0.006771,0.359617
1.360000,0.32113868,-0.26500519,0.58675517,-4.00000000,-1.46784618,0.84196155,2.58069064,0.381277,0.018409,0.350821,0.300000,-0.008267,0.359428
1.380000,0.06899788,0.01676382,0.83785417,-4.00000000,-2.00000000,2.23024355,2.28053954,0.235134,0.069557,0.360307,0.300000,-0.009758,0.359201
1.400000,0.11949110,0.21469715,0.03264850,-4.00000000,-2.00000000,1.01291876,1.84215117,0.181627,0.089622,0.302448,0.300000,-0.011243,0.358937
1.420000,0.12555001,-0.75744482,1.57000000,-4.00000000,-2.00000000,1.24466294,2.43034370,0.401033,0.082168,0.310821,0.300000,-0.012720,0.358636
1.440000,0.11100944,0.27483025,-0.10916465,-4.00000000,-2.00000000,1.01820949,1.75744977,0.165367,0.093678,0.287438,0.300000,-0.014190,0.358298
1.460000,0.13004556,0.32369873,-0.24655256,-4.00000000,-2.00000000,0.88221046,1.95077982,0.147990,0.091857,0.277906,0.300000,-0.015650,0.357923
1.480000,0.17292989,-1.14962714,1.57000000,-4.00000000,-2.00000000,0.83217285,3.15000000,0.457676,0.096022,0.193064,0.300000,-0.017101,0.357511
1.500000,0.12235807,-0.51451439,1.57000000,-4.00000000,-2.00000000,1.23349545,2.33649120,0.335725,0.075524,0.374653,0.300000,-0.018541,0.357063
1.520000,0.23664604,-0.28980229,0.72219722,-4.00000000,-1.74312368,0.97645122,2.33900511,0.346842,0.049776,0.345350,0.300000,-0.019969,0.356579
1.540000,0.31721599,-0.26433459,0.55280112,-4.00000000,-1.47519747,0.98541341,2.37476321,0.384270,0.019749,0.341263,0.300000,-0.021385,0.356060
1.560000,0.25640230,-0.25116178,0.64821956,-4.00000000,-1.62581434,1.08152665,2.27029778,0.358878,0.039024,0.349138,0.300000,-0.022787,0.355505
1.580000,0.08954071,-0.22106069,1.06673772,-4.00000000,-2.00000000,1.15994541,2.38881623,0.280594,0.089127,0.374340,0.300000,-0.024174,0.354914
1.600000,0.22194630,-0.57543784,1.57000000,-4.00000000,-2.00000000,1.37926153,2.80575717,0.357183,0.038058,0.364338,0.300000,-0.025547,0.354290
1.620000,0.21635564,-0.52545705,1.57000000,-4.00000000,-2.00000000,1.43381326,2.62194755,0.344022,0.036239,0.375415,0.300000,-0.026903,0.353630
1.640000,0.14585508,-0.83821675,1.57000000,-4.00000000,-2.00000000,1.26761094,2.55260108,0.419501,0.078966,0.287632,0.300000,-0.028242,0.352937
1.660000,0.18644977,-0.29661175,0.95828982,-4.00000000,-1.99236644,1.12754257,2.24073873,0.307637,0.058351,0.354747,0.300000,-0.029564,0.352211
1.680000,0.58551341,-0.50259406,0.38524027,-4.00000000,-0.83180504,0.00691064,3.15000000,0.499701,-0.041815,0.263258,0.300000,-0.030866,0.351452
1.700000,0.36369218,-0.17593987,0.35110534,-4.00000000,-1.25899037,1.59972263,1.81400349,0.402472,-0.014742,0.319342,0.300000,-0.032150,0.350660
1.720000,0.14356947,-0.53460036,1.57000000,-4.00000000,-2.00000000,1.35193061,2.21485322,0.344750,0.065646,0.370508,0.300000,-0.033413,0.349836
1.740000,0.15396676,-0.56099975,1.57000000,-4.00000000,-2.00000000,1.22885947,2.34757004,0.349224,0.065442,0.365943,0.300000,-0.034654,0.348980
1.760000,0.20418069,-0.22506212,0.74741961,-4.00000000,-1.76967549,1.33679283,2.01797143,0.333099,0.050508,0.354166,0.300000,-0.035874,0.348094
1.780000,0.22720435,0.57925461,-1.07262380,-4.00000000,-1.79690839,0.32657547,2.11927446,0.070904,0.094716,0.197792,0.300000,-0.037072,0.347177
1.800000,0.16362376,-0.99623655,1.57000000,-4.00000000,-2.00000000,1.40069075,2.53180490,0.451093,0.079626,0.234766,0.300000,-0.038245,0.346231
1.820000,0.18314623,0.04067429,0.40428418,-4.00000000,-2.00000000,1.06092972,1.91425756,0.226625,0.063767,0.337538,0.300000,-0.039395,0.345255
1.840000,4.00000000,-3.14000000,0.92287252,1.87251552,-1.86412927,-0.16172802,1.10776636,-0.024676,-0.225844,0.084500,0.300000,-0.040520,0.344251
1.860000,4.00000000,-2.13533243,0.19589455,-4.00000000,-2.00000000,4.00000000,-3.15000000,0.234521,-0.137729,0.015338,0.300000,-0.041619,0.343219
1.880000,1.80392770,-3.14000000,-1.57000000,-0.22651130,-0.02731681,-4.00000000,3.15000000,0.024956,-0.151270,-0.007057,0.300000,-0.042692,0.342159
1.900000,4.00000000,-3.14000000,1.57000000,2.55078264,2.00000000,-4.00000000,-3.15000000,0.228952,-0.109961,0.263670,0.300000,-0.043738,0.341073
1.920000,-1.82355935,-1.25856477,-1.57000000,1.30480114,-2.00000000,3.29996681,1.18139703,0.232675,0.194213,0.021620,0.300000,-0.044756,0.339961
1.940000,-0.91390144,-0.80266539,-1.57000000,3.50636684,1.85836674,0.82732356,-0.98859945,0.238626,0.026507,0.210758,0.300000,-0.045747,0.338823
1.960000,4.00000000,0.80405603,-0.72119952,-4.00000000,-2.00000000,-4.00000000,0.85350745,0.050121,0.069373,-0.182576,0.300000,-0.046708,0.337661
1.980000,-2.65755235,-1.16548423,-1.57000000,3.46367409,-0.49455452,4.00000000,0.56982734,0.086759,-0.106206,-0.026788,0.300000,-0.047639,0.336476
2.000000,4.00000000,-3.14000000,1.57000000,-4.00000000,2.00000000,4.00000000,-3.15000000,0.277771,-0.150562,0.290299,0.300000,-0.048541,0.335267
2.020000,-2.81147863,-1.20328917,-1.57000000,-2.53429287,2.00000000,4.00000000,-3.15000000,0.207943,0.164196,-0.107916,0.300000,-0.049412,0.334036
2.040000,0.12572899,-0.71218196,1.57000000,4.00000000,2.00000000,4.00000000,-3.15000000,0.401442,-0.125029,0.280017,0.300000,-0.050252,0.332784
2.060000,0.15230494,-0.46662139,1.51993469,4.00000000,2.00000000,3.53921654,-3.15000000,0.336217,-0.129203,0.325641,0.300000,-0.051060,0.331510
2.080000,0.13436860,-0.67649410,1.57000000,4.00000000,2.00000000,3.98055415,-3.15000000,0.392961,-0.128281,0.288922,0.300000,-0.051835,0.330217
2.100000,0.13514091,-0.66826765,1.57000000,4.00000000,2.00000000,3.99488500,-3.15000000,0.391058,-0.129238,0.291439,0.300000,-0.052578,0.328905
2.120000,0.13600518,-0.65895223,1.57000000,4.00000000,2.00000000,4.00000000,-3.15000000,0.388815,-0.129999,0.294060,0.300000,-0.053288,0.327575
2.140000,0.14024197,-0.65560194,1.57000000,4.00000000,2.00000000,3.93994353,-3.15000000,0.387652,-0.129643,0.293312,0.300000,-0.053964,0.326227
2.160000,0.15332592,-0.11772392,0.63531790,4.00000000,2.00000000,3.90665342,-3.15000000,0.272768,-0.131815,0.286428,0.300000,-0.054606,0.324863
2.180000,0.17638802,-0.33289418,1.14073754,4.00000000,2.00000000,3.53567168,-3.15000000,0.315357,-0.133789,0.304763,0.300000,-0.055214,0.323482
2.200000,0.14365614,-0.14298061,0.72129558,4.00000000,2.00000000,4.00000000,-3.15000000,0.280470,-0.132775,0.296718,0.300000,-0.055787,0.322087
2.220000,0.14611795,-0.15794856,0.75574690,4.00000000,2.00000000,4.00000000,-3.15000000,0.284077,-0.133823,0.298551,0.300000,-0.056324,0.320679
2.240000,0.15259020,-0.19339635,0.79629583,4.00000000,2.00000000,3.81485209,-3.15000000,0.290066,-0.130470,0.294005,0.300000,-0.056826,0.319257
2.260000,0.18341019,-0.10160878,0.57695373,4.00000000,2.00000000,3.95695212,-3.15000000,0.269133,-0.140805,0.277635,0.300000,-0.057292,0.317822
2.280000,0.18041763,-0.12619883,0.63234630,4.00000000,2.00000000,3.87637464,-3.15000000,0.274255,-0.138351,0.280536,0.300000,-0.057722,0.316377
2.300000,0.19111924,-0.10586065,0.57774720,4.00000000,2.00000000,3.95842552,-3.15000000,0.270162,-0.142871,0.275978,0.300000,-0.058115,0.314921
2.320000,0.15605923,-0.22986859,0.89519917,4.00000000,2.00000000,4.00000000,-3.15000000,0.300959,-0.137722,0.303166,0.300000,-0.058472,0.313456
2.340000,0.16042956,-0.21623333,0.85283511,4.00000000,2.00000000,4.00000000,-3.15000000,0.298014,-0.138522,0.299326,0.300000,-0.058791,0.311983
2.360000,0.19446648,-0.15010160,0.66944968,4.00000000,2.00000000,3.88964290,-3.15000000,0.280486,-0.142845,0.279729,0.300000,-0.059074,0.310501
2.380000,0.19324388,-0.15474811,0.67352268,4.00000000,2.00000000,3.90794666,-3.15000000,0.281921,-0.142969,0.279890,0.300000,-0.059319,0.309014
2.400000,0.18455546,-0.15204633,0.65972582,4.00000000,2.00000000,4.00000000,-3.15000000,0.282520,-0.142911,0.280945,0.300000,-0.059527,0.307520
2.420000,0.17189655,-0.21416811,0.81181224,4.00000000,2.00000000,4.00000000,-3.15000000,0.297818,-0.141028,0.292432,0.300000,-0.059697,0.306022
2.440000,0.17456393,-0.21924078,0.81620770,4.00000000,2.00000000,4.00000000,-3.15000000,0.299054,-0.141744,0.291694,0.300000,-0.059830,0.304520
2.460000,0.17731149,-0.22396555,0.81948115,4.00000000,2.00000000,4.00000000,-3.15000000,0.300208,-0.142463,0.290848,0.300000,-0.059924,0.303015
2.480000,0.18089873,-0.22572694,0.81487940,4.00000000,2.00000000,4.00000000,-3.15000000,0.300663,-0.143327,0.289359,0.300000,-0.059981,0.301508
2.500000,0.18334574,-0.23484048,0.82963734,4.00000000,2.00000000,3.97030627,-3.15000000,0.302487,-0.143214,0.288838,0.300000,-0.060000,0.300000
2.520000,0.18482231,-0.24743996,0.85335487,4.00000000,2.00000000,3.92716406,-3.15000000,0.304914,-0.142542,0.288786,0.300000,-0.059981,0.298492
2.540000,0.18608341,-0.26035806,0.87772903,4.00000000,2.00000000,3.88742493,-3.15000000,0.307398,-0.141923,0.288801,0.300000,-0.059924,0.296985
2.560000,0.18711512,-0.27359775,0.90280849,4.00000000,2.00000000,3.85125427,-3.15000000,0.309951,-0.141355,0.288887,0.300000,-0.059830,0.295480
2.580000,0.18790629,-0.28718583,0.92869243,4.00000000,2.00000000,3.81867969,-3.15000000,0.312589,-0.140831,0.289049,0.300000,-0.059697,0.293978
2.600000,0.18844971,-0.30119442,0.95558052,4.00000000,2.00000000,3.78953378,-3.15000000,0.315328,-0.140343,0.289294,0.300000,-0.059527,0.292480
2.620000,0.18874166,-0.31577258,0.98384891,4.00000000,2.00000000,3.76342539,-3.15000000,0.318200,-0.139878,0.289629,0.300000,-0.059319,0.290986
2.640000,0.18877903,-0.33120210,1.01418553,4.00000000,2.00000000,3.73972927,-3.15000000,0.321252,-0.139420,0.290071,0.300000,-0.059074,0.289499
2.660000,0.18855229,-0.34802955,1.04790914,4.00000000,2.00000000,3.71752700,-3.15000000,0.324580,-0.138949,0.290654,0.300000,-0.058791,0.288017
2.680000,0.18802685,-0.36751039,1.08803585,4.00000000,2.00000000,3.69525890,-3.15000000,0.328401,-0.138432,0.291461,0.300000,-0.058472,0.286544
2.700000,0.18703543,-0.39454057,1.14630099,4.00000000,2.00000000,3.66804037,-3.15000000,0.333576,-0.137774,0.292835,0.300000,-0.058115,0.285079
2.720000,0.18737199,-0.42103978,1.20248557,4.00000000,2.00000000,3.60805068,-3.15000000,0.337843,-0.136656,0.293133,0.300000,-0.057722,0.283623
2.740000,0.18917624,-0.42357281,1.20048845,4.00000000,2.00000000,3.55229573,-3.15000000,0.337362,-0.135726,0.291158,0.300000,-0.057292,0.282178
2.760000,0.19076586,-0.42615838,1.19820641,4.00000000,2.00000000,3.49736728,-3.15000000,0.336822,-0.134806,0.289205,0.300000,-0.056826,0.280743
2.780000,0.19213726,-0.42880079,1.19566719,4.00000000,2.00000000,3.44317598,-3.15000000,0.336227,-0.133894,0.287279,0.300000,-0.056324,0.279321
2.800000,0.19328809,-0.43146801,1.19281091,4.00000000,2.00000000,3.38967128,-3.15000000,0.335575,-0.132992,0.285382,0.300000,-0.055787,0.277913
2.820000,0.19421601,-0.43411627,1.18954934,4.00000000,2.00000000,3.33682042,-3.15000000,0.334861,-0.132100,0.283516,0.300000,-0.055214,0.276518
2.840000,0.19491862,-0.43668322,1.18575054,4.00000000,2.00000000,3.28461873,-3.15000000,0.334078,-0.131219,0.281681,0.300000,-0.054606,0.275137
2.860000,0.19539335,-0.43907604,1.18121185,4.00000000,2.00000000,3.23310797,-3.15000000,0.333211,-0.130349,0.279878,0.300000,-0.053964,0.273773
2.880000,0.19563734,-0.44114949,1.17561031,4.00000000,2.00000000,3.18241210,-3.15000000,0.332239,-0.129491,0.278105,0.300000,-0.053288,0.272425
2.900000,0.19564731,-0.44266312,1.16840692,4.00000000,2.00000000,3.13281229,-3.15000000,0.331122,-0.128646,0.276361,0.300000,-0.052578,0.271095
2.920000,0.19541930,-0.44319403,1.15865385,4.00000000,2.00000000,3.08491602,-3.15000000,0.329790,-0.127814,0.274638,0.300000,-0.051835,0.269783
2.940000,0.19494824,-0.44195860,1.14461036,4.00000000,2.00000000,3.04005963,-3.15000000,0.328116,-0.126996,0.272926,0.300000,-0.051060,0.268490
2.960000,0.19422760,-0.43752278,1.12316334,4.00000000,2.00000000,3.00120810,-3.15000000,0.325872,-0.126195,0.271206,0.300000,-0.050252,0.267216
2.980000,0.19325381,-0.42794460,1.09036607,4.00000000,2.00000000,2.97390194,-3.15000000,0.322785,-0.125420,0.269475,0.300000,-0.049412,0.265964
3.000000,0.19204751,-0.41316127,1.04691955,4.00000000,2.00000000,2.96265724,-3.15000000,0.318946,-0.124683,0.267795,0.300000,-0.048541,0.264733
3.020000,0.19050804,-0.41522702,1.03746309,4.00000000,2.00000000,2.90747817,-3.09311381,0.317454,-0.123713,0.266224,0.300000,-0.047639,0.263524
3.040000,0.18839056,-0.42454704,1.04243208,4.00000000,2.00000000,2.83191898,-3.01406935,0.316919,-0.122669,0.264800,0.300000,-0.046708,0.262339
3.060000,0.18569670,-0.43369505,1.04709637,4.00000000,2.00000000,2.75680557,-2.93511288,0.316331,-0.121661,0.263536,0.300000,-0.045747,0.261177
3.080000,0.18244253,-0.44225122,1.05063084,4.00000000,2.00000000,2.68289292,-2.85679364,0.315634,-0.120689,0.262436,0.300000,-0.044756,0.260039
3.100000,0.17866644,-0.44970963,1.05203290,4.00000000,2.00000000,2.61120380,-2.77989423,0.314763,-0.119751,0.261499,0.300000,-0.043738,0.258927
3.120000,0.17446831,-0.45513525,1.04944831,4.00000000,2.00000000,2.54417298,-2.70642230,0.313595,-0.118844,0.260724,0.300000,-0.042692,0.257841
3.140000,0.17008864,-0.45690044,1.03971002,4.00000000,2.00000000,2.48702488,-2.64093371,0.311934,-0.117956,0.260094,0.300000,-0.041619,0.256781
3.160000,0.16598345,-0.45301396,1.01918950,4.00000000,2.00000000,2.44825912,-2.59134947,0.309580,-0.117074,0.259561,0.300000,-0.040520,0.255749
3.180000,0.16263960,-0.44303043,0.98772068,4.00000000,2.00000000,2.43447846,-2.56474381,0.306602,-0.116194,0.259047,0.300000,-0.039395,0.254745
3.200000,0.16012227,-0.42929399,0.95053295,4.00000000,2.00000000,2.44245743,-2.55947456,0.303403,-0.115327,0.258502,0.300000,-0.038245,0.253769
3.220000,0.15809199,-0.41474293,0.91336029,4.00000000,2.00000000,2.46239313,-2.56699830,0.300350,-0.114482,0.257931,0.300000,-0.037072,0.252823
3.240000,0.15621575,-0.40097180,0.87893150,4.00000000,2.00000000,2.48648127,-2.57988582,0.297581,-0.113657,0.257361,0.300000,-0.035874,0.251906
3.260000,0.15432070,-0.38843521,0.84777770,4.00000000,2.00000000,2.51098318,-2.59431649,0.295096,-0.112845,0.256810,0.300000,-0.034654,0.251020
3.280000,0.15234037,-0.37711523,0.81963161,4.00000000,2.00000000,2.53455314,-2.60876048,0.292857,-0.112040,0.256286,0.300000,-0.033413,0.250164
3.300000,0.15049597,-0.36555491,0.79183812,4.00000000,1.99197493,2.56083343,-2.62881418,0.291907,-0.111723,0.255696,0.300000,-0.032150,0.249340
3.320000,0.14875624,-0.35376885,0.76441044,4.00000000,1.97665541,2.58972183,-2.65415878,0.292140,-0.111818,0.255035,0.300000,-0.030866,0.248548
3.340000,0.14681841,-0.34324148,0.73975512,4.00000000,1.96282925,2.61592072,-2.67709406,0.292358,-0.111790,0.254417,0.300000,-0.029564,0.247789
3.360000,0.14467508,-0.33391972,0.71765194,4.00000000,1.95033249,2.63894473,-2.69708835,0.292559,-0.111652,0.253849,0.300000,-0.028242,0.247063
3.380000,0.14235441,-0.32560851,0.69769288,4.00000000,1.93895353,2.65925963,-2.71457332,0.292746,-0.111422,0.253329,0.300000,-0.026903,0.246370
3.400000,0.13988210,-0.31814220,0.67954743,4.00000000,1.92852854,2.67734080,-2.72999927,0.292921,-0.111114,0.252854,0.300000,-0.025547,0.245710
3.420000,0.13727790,-0.31139587,0.66296966,4.00000000,1.91893733,2.69355611,-2.74371493,0.293086,-0.110740,0.252424,0.300000,-0.024174,0.245086
3.440000,0.13455693,-0.30527560,0.64777563,4.00000000,1.91009063,2.70818072,-2.75598041,0.293240,-0.110308,0.252035,0.300000,-0.022787,0.244495
3.460000,0.13173114,-0.29970942,0.63382492,4.00000000,1.90192069,2.72142284,-2.76699158,0.293386,-0.109825,0.251689,0.300000,-0.021385,0.243940
3.480000,0.12881029,-0.29464100,0.62100799,4.00000000,1.89437493,2.73344300,-2.77689868,0.293524,-0.109296,0.251384,0.300000,-0.019969,0.243421
3.500000,0.12580257,-0.29002543,0.60923788,4.00000000,1.88741191,2.74436723,-2.78581892,0.293653,-0.108725,0.251120,0.300000,-0.018541,0.242937
3.520000,0.12271509,-0.28582641,0.59844455,4.00000000,1.88099844,2.75429598,-2.79384504,0.293774,-0.108117,0.250897,0.300000,-0.017101,0.242489
3.540000,0.11955415,-0.28201421,0.58857091,4.00000000,1.87510769,2.76331031,-2.80105120,0.293888,-0.107474,0.250714,0.300000,-0.015650,0.242077
3.560000,0.11632545,-0.27856431,0.57957005,4.00000000,1.86971780,2.77147622,-2.80749718,0.293995,-0.106800,0.250572,0.300000,-0.014190,0.241702
3.580000,0.11303420,-0.27545632,0.57140319,4.00000000,1.86481085,2.77884785,-2.81323141,0.294094,-0.106097,0.250470,0.300000,-0.012720,0.241364
3.600000,0.10968530,-0.27267325,0.56403815,4.00000000,1.86037211,2.78546984,-2.81829315,0.294186,-0.105366,0.250408,0.300000,-0.011243,0.241063
3.620000,0.10628334,-0.27020091,0.55744817,4.00000000,1.85638947,2.79137904,-2.82271424,0.294271,-0.104610,0.250386,0.300000,-0.009758,0.240799
3.640000,0.10283270,-0.26802750,0.55161108,4.00000000,1.85285301,2.79660589,-2.82652033,0.294350,-0.103830,0.250404,0.300000,-0.008267,0.240572
3.660000,0.09933757,-0.26614323,0.54650863,4.00000000,1.84975465,2.80117542,-2.82973184,0.294421,-0.103028,0.250462,0.300000,-0.006771,0.240383
3.680000,0.09580199,-0.26454008,0.54212589,4.00000000,1.84708790,2.80510808,-2.83236476,0.294485,-0.102206,0.250560,0.300000,-0.005271,0.240232
3.700000,0.09222986,-0.26321160,0.53845093,4.00000000,1.84484764,2.80842030,-2.83443120,0.294542,-0.101363,0.250697,0.300000,-0.003767,0.240118
3.720000,0.08862498,-0.26215276,0.53547445,4.00000000,1.84302999,2.81112503,-2.83593985,0.294593,-0.100501,0.250874,0.300000,-0.002261,0.240043
3.740000,0.08499102,-0.26135979,0.53318957,4.00000000,1.84163218,2.81323206,-2.83689632,0.294637,-0.099622,0.251089,0.300000,-0.000754,0.240005
3.760000,0.08133153,-0.26083016,0.53159166,4.00000000,1.84065243,2.81474828,-2.83730337,0.294674,-0.098725,0.251344,0.300000,0.000754,0.240005
3.780000,0.07764997,-0.26056245,0.53067821,4.00000000,1.84008996,2.81567791,-2.83716112,0.294705,-0.097812,0.251636,0.300000,0.002261,0.240043
3.800000,0.07394969,-0.26055637,0.53044876,4.00000000,1.83994490,2.81602257,-2.83646712,0.294729,-0.096882,0.251967,0.300000,0.003767,0.240118
3.820000,0.07023391,-0.26081271,0.53090490,4.00000000,1.84021829,2.81578135,-2.83521639,0.294746,-0.095937,0.252335,0.300000,0.005271,0.240232
3.840000,0.06650571,-0.26133338,0.53205027,4.00000000,1.84091214,2.81495080,-2.83340142,0.294757,-0.094976,0.252741,0.300000,0.006771,0.240383
3.860000,0.06276806,-0.26212144,0.53389066,4.00000000,1.84202940,2.81352482,-2.83101203,0.294762,-0.093999,0.253183,0.300000,0.008267,0.240572
3.880000,0.05902372,-0.26318113,0.53643411,4.00000000,1.84357406,2.81149454,-2.82803526,0.294760,-0.093007,0.253662,0.300000,0.009758,0.240799
3.900000,0.05527533,-0.26451797,0.53969109,4.00000000,1.84555125,2.80884810,-2.82445508,0.294752,-0.091999,0.254176,0.300000,0.011243,0.241063
3.920000,0.05152528,-0.26613890,0.54367476,4.00000000,1.84796737,2.80557031,-2.82025211,0.294738,-0.090975,0.254726,0.300000,0.012720,0.241364
3.940000,0.04777573,-0.26805241,0.54840128,4.00000000,1.85083020,2.80164220,-2.81540310,0.294718,-0.089935,0.255310,0.300000,0.014190,0.241702
3.960000,0.04402858,-0.27026876,0.55389024,4.00000000,1.85414922,2.79704054,-2.80988043,0.294691,-0.088877,0.255928,0.300000,0.015650,0.242077
3.980000,0.04028541,-0.27280022,0.56016522,4.00000000,1.85793579,2.79173703,-2.80365126,0.294658,-0.087802,0.256579,0.300000,0.017101,0.242489
4.000000,0.03654740,-0.27566145,0.56725446,4.00000000,1.86220359,2.78569742,-2.79667661,0.294619,-0.086707,0.257262,0.300000,0.018541,0.242937
4.020000,0.03281529,-0.27886992,0.57519183,4.00000000,1.86696902,2.77888023,-2.78891003,0.294575,-0.085593,0.257978,0.300000,0.019969,0.243421
4.040000,0.02908925,-0.28244651,0.58401801,4.00000000,1.87225192,2.77123515,-2.78029589,0.294524,-0.084455,0.258725,0.300000,0.021385,0.243940
4.060000,0.02536878,-0.28641630,0.59378211,4.00000000,1.87807628,2.76270087,-2.77076713,0.294467,-0.083294,0.259502,0.300000,0.022787,0.244495
4.080000,0.02165251,-0.29080962,0.60454383,4.00000000,1.88447144,2.75320212,-2.76024212,0.294403,-0.082106,0.260308,0.300000,0.024174,0.245086
4.100000,0.01793797,-0.29566350,0.61637647,4.00000000,1.89147357,2.74264565,-2.74862045,0.294334,-0.080887,0.261144,0.300000,0.025547,0.245710
4.120000,0.01422125,-0.30102373,0.62937113,4.00000000,1.89912785,2.73091447,-2.73577690,0.294257,-0.079635,0.262008,0.300000,0.026903,0.246370
4.140000,0.01049652,-0.30694785,0.64364280,4.00000000,1.90749155,2.71785959,-2.72155266,0.294174,-0.078342,0.262899,0.300000,0.028242,0.247063
4.160000,0.00675524,-0.31350953,0.65933945,4.00000000,1.91663871,2.70328757,-2.70574232,0.294084,-0.077004,0.263818,0.300000,0.029564,0.247789
4.180000,0.00298505,-0.32080551,0.67665623,4.00000000,1.92666738,2.68694118,-2.68807346,0.293985,-0.075610,0.264764,0.300000,0.030866,0.248548
4.200000,-0.00083218,-0.32896685,0.69585858,4.00000000,1.93771147,2.66846780,-2.66817335,0.293876,-0.074149,0.265737,0.300000,0.032150,0.249340
4.220000,-0.00472369,-0.33817839,0.71732239,4.00000000,1.94996132,2.64736453,-2.64551116,0.293756,-0.072603,0.266738,0.300000,0.033413,0.250164
4.240000,-0.00873218,-0.34871544,0.74160967,4.00000000,1.96370256,2.62287531,-2.61928954,0.293622,-0.070948,0.267769,0.300000,0.034654,0.251020
4.260000,-0.01292911,-0.36102040,0.76962700,4.00000000,1.97939765,2.59377612,-2.58821820,0.293468,-0.069141,0.268834,0.300000,0.035874,0.251906
4.280000,-0.01744735,-0.37589029,0.80301440,4.00000000,1.99788656,2.55785341,-2.54996408,0.293285,-0.067109,0.269943,0.300000,0.037072,0.252823
4.300000,-0.02149238,-0.38949683,0.83499087,4.00000000,2.00000000,2.52570183,-2.52237064,0.295495,-0.066107,0.271018,0.300000,0.038245,0.253769
4.320000,-0.02543741,-0.40416391,0.86986454,4.00000000,2.00000000,2.49335643,-2.49626899,0.298270,-0.065274,0.272108,0.300000,0.039395,0.254745
4.340000,-0.02958770,-0.42198522,0.91186223,4.00000000,2.00000000,2.45482785,-2.46548590,0.301580,-0.064462,0.273261,0.300000,0.040520,0.255749
4.360000,-0.03424356,-0.44599820,0.96767771,4.00000000,2.00000000,2.40355701,-2.42483720,0.305912,-0.063674,0.274528,0.300000,0.041619,0.256781
4.380000,-0.04074185,-0.49220550,1.07323283,4.00000000,2.00000000,2.30939621,-2.35198933,0.313953,-0.062970,0.276133,0.300000,0.042692,0.257841
4.400000,-0.04137259,-0.58609271,1.30609180,4.00000000,2.00000000,2.28119546,-2.38372461,0.333572,-0.063135,0.277185,0.300000,0.043738,0.258927
4.420000,-0.04104505,-0.56869268,1.27351136,4.00000000,2.00000000,2.33547814,-2.43133970,0.331722,-0.062481,0.277851,0.300000,0.044756,0.260039
4.440000,-0.04035952,-0.55292775,1.24632844,4.00000000,2.00000000,2.39650551,-2.48766790,0.330410,-0.061923,0.278561,0.300000,0.045747,0.261177
4.460000,-0.03956159,-0.53933266,1.22552239,4.00000000,2.00000000,2.46109822,-2.54952833,0.329675,-0.061457,0.279374,0.300000,0.046708,0.262339
4.480000,-0.03883955,-0.52734237,1.20941446,4.00000000,2.00000000,2.52716076,-2.61419499,0.329345,-0.061066,0.280320,0.300000,0.047639,0.263524
4.500000,-0.03828479,-0.51633128,1.19632706,4.00000000,2.00000000,2.59397612,-2.68042175,0.329264,-0.060739,0.281413,0.300000,0.048541,0.264733
4.520000,-0.03794028,-0.50587498,1.18516061,4.00000000,2.00000000,2.66146721,-2.74780446,0.329333,-0.060468,0.282659,0.300000,0.049412,0.265964
4.540000,-0.03783111,-0.49571477,1.17525920,4.00000000,2.00000000,2.72979815,-2.81631570,0.329493,-0.060252,0.284064,0.300000,0.050252,0.267216
4.560000,-0.03797767,-0.48569336,1.16623263,4.00000000,2.00000000,2.79923198,-2.88610282,0.329708,-0.060088,0.285636,0.300000,0.051060,0.268490
4.580000,-0.03840128,-0.47571243,1.15784440,4.00000000,2.00000000,2.87008926,-2.95741185,0.329954,-0.059977,0.287382,0.300000,0.051835,0.269783
4.600000,-0.03912716,-0.46570841,1.14994959,4.00000000,2.00000000,2.94274370,-3.03056440,0.330216,-0.059919,0.289315,0.300000,0.052578,0.271095
4.620000,-0.04018667,-0.45563888,1.14246087,4.00000000,2.00000000,3.01763484,-3.10595977,0.330481,-0.059914,0.291448,0.300000,0.053288,0.272425
4.640000,-0.04175961,-0.45492488,1.15498028,4.00000000,2.00000000,3.07695910,-3.15000000,0.332232,-0.059776,0.293796,0.300000,0.053964,0.273773
4.660000,-0.04371942,-0.46058271,1.17965901,4.00000000,2.00000000,3.12292909,-3.15000000,0.334867,-0.059491,0.296110,0.300000,0.054606,0.275137
4.680000,-0.04577672,-0.46171981,1.19362380,4.00000000,2.00000000,3.17496911,-3.15000000,0.336639,-0.059291,0.298353,0.300000,0.055214,0.276518
4.700000,-0.04791723,-0.46086682,1.20261846,4.00000000,2.00000000,3.22936362,-3.15000000,0.337986,-0.059156,0.300578,0.300000,0.055787,0.277913
4.720000,-0.05013548,-0.45904847,1.20901161,4.00000000,2.00000000,3.28497153,-3.15000000,0.339091,-0.059080,0.302812,0.300000,0.056324,0.279321
4.740000,-0.05242860,-0.45672396,1.21386961,4.00000000,2.00000000,3.34140953,-3.15000000,0.340035,-0.059060,0.305065,0.300000,0.056826,0.280743
4.760000,-0.05479476,-0.45412576,1.21772914,4.00000000,2.00000000,3.39855675,-3.15000000,0.340859,-0.059095,0.307342,0.300000,0.057292,0.282178
4.780000,-0.05723270,-0.45138378,1.22088471,4.00000000,2.00000000,3.45639989,-3.15000000,0.341583,-0.059183,0.309644,0.300000,0.057722,0.283623
4.800000,-0.05974142,-0.44857652,1.22350798,4.00000000,2.00000000,3.51497598,-3.15000000,0.342218,-0.059326,0.311970,0.300000,0.058115,0.285079
4.820000,-0.06232004,-0.44575460,1.22570277,4.00000000,2.00000000,3.57434752,-3.15000000,0.342769,-0.059523,0.314317,0.300000,0.058472,0.286544
4.840000,-0.06496749,-0.44295251,1.22753264,4.00000000,2.00000000,3.63458979,-3.15000000,0.343238,-0.059775,0.316683,0.300000,0.058791,0.288017
4.860000,-0.06768223,-0.44019506,1.22903580,4.00000000,2.00000000,3.69578214,-3.15000000,0.343623,-0.060083,0.319062,0.300000,0.059074,0.289499
4.880000,-0.07045834,-0.43740988,1.23001825,4.00000000,2.00000000,3.75808001,-3.15000000,0.343907,-0.060450,0.321446,0.300000,0.059319,0.290986
4.900000,-0.06992832,-0.39848148,1.14419298,4.00000000,2.00000000,3.80481662,-3.15000000,0.336901,-0.061813,0.320075,0.300000,0.059527,0.292480
4.920000,-0.06944640,-0.37615155,1.09734407,4.00000000,2.00000000,3.82491608,-3.15000000,0.332549,-0.062505,0.319250,0.300000,0.059697,0.293978
4.940000,-0.06914973,-0.35824200,1.06096511,4.00000000,2.00000000,3.84275700,-3.15000000,0.328977,-0.063070,0.318697,0.300000,0.059830,0.295480
4.960000,-0.06896400,-0.34225675,1.02913383,4.00000000,2.00000000,3.86092317,-3.15000000,0.325751,-0.063604,0.318270,0.300000,0.059924,0.296985
4.980000,-0.06887907,-0.32729552,0.99970515,4.00000000,2.00000000,3.88077259,-3.15000000,0.322717,-0.064146,0.317927,0.300000,0.059981,0.298492
5.000000,-3.02569181,0.71339464,-0.99064088,4.00000000,-1.36768014,0.71850889,2.64752612,0.209866,-0.040177,-0.393320,0.070000,0.300000,0.300000
5.020000,-4.00000000,-3.14000000,-1.57000000,-4.00000000,2.00000000,3.53590026,-1.10141604,-0.058292,0.140459,-0.043696,0.069440,0.300000,0.302512
5.040000,-0.47984464,-0.07989330,1.53558921,2.50611822,-2.00000000,0.65128485,-2.69841200,0.146502,0.328531,0.307639,0.068880,0.300000,0.305018
5.060000,-0.52532176,0.76095936,-0.07408161,2.39873317,-2.00000000,2.30494799,-3.15000000,0.065004,0.228552,0.179766,0.068320,0.300000,0.307511
5.080000,-0.49029528,0.44368418,0.45927944,2.50532132,-2.00000000,0.84951426,-3.15000000,0.082555,0.306504,0.259415,0.067760,0.300000,0.309985
5.100000,-0.46704753,-0.00470125,1.51224717,-3.78434296,-2.00000000,1.41624108,2.80744777,0.145054,0.321689,0.327284,0.067200,0.300000,0.312434
5.120000,-0.49440219,0.59568057,0.14383998,-3.78206610,-2.00000000,1.06990966,2.57797281,0.069911,0.288172,0.227697,0.066640,0.300000,0.314852
5.140000,-0.50424335,0.59178039,0.14633041,-3.76165314,-2.00000000,1.07458068,2.59454222,0.068968,0.293047,0.226271,0.066080,0.300000,0.317232
5.160000,-0.48929691,0.61039812,0.12714403,-3.78886430,-2.00000000,1.06061031,2.57907716,0.067399,0.285237,0.226816,0.065520,0.300000,0.319569
5.180000,-0.49477206,0.58857307,0.18163434,-3.77806510,-2.00000000,1.07237861,2.60456030,0.068942,0.290694,0.231468,0.064960,0.300000,0.321856
5.200000,-0.49520018,0.59667148,0.16627763,-3.77945830,-2.00000000,1.06382721,2.60980002,0.067656,0.289868,0.229650,0.064400,0.300000,0.324088
5.220000,-0.49847892,0.60238583,0.15497136,-3.77976917,-2.00000000,1.05736489,2.61819643,0.066702,0.290024,0.227490,0.063840,0.300000,0.326259
5.240000,-0.46845745,-0.33375522,1.57000000,-3.67199221,-2.00000000,1.63705404,2.78316464,0.248501,0.315954,0.301364,0.063280,0.300000,0.328363
5.260000,0.16990035,-0.27739411,0.15441052,-4.00000000,-1.46636388,1.50006395,1.59467759,0.380870,0.073154,0.234743,0.062720,0.300000,0.330397
5.280000,3.75917319,0.06439286,-1.57000000,4.00000000,0.65861831,0.26911286,-3.15000000,0.109972,0.090977,0.038970,0.062160,0.300000,0.332353
5.300000,2.89314289,-3.14000000,0.82435332,2.79662290,2.00000000,1.45126622,0.68009793,0.146282,0.198483,0.268823,0.061600,0.300000,0.334227
5.320000,2.81314271,-3.14000000,1.57000000,-1.22868728,-2.00000000,-4.00000000,3.15000000,0.329256,0.129053,0.276825,0.061040,0.300000,0.336015
5.340000,2.68538677,-3.14000000,-1.57000000,3.92909626,-2.00000000,4.00000000,-3.15000000,-0.043852,-0.054905,0.153948,0.060480,0.300000,0.337713
5.360000,4.00000000,1.57000000,-1.57000000,4.00000000,-0.04957865,-4.00000000,-3.15000000,0.189662,0.071263,-0.069845,0.059920,0.300000,0.339314
5.380000,4.00000000,1.00661106,0.75167928,-2.54419832,-2.00000000,-4.00000000,-1.78521178,-0.263168,0.120711,-0.301657,0.059360,0.300000,0.340817
5.400000,4.00000000,1.57000000,0.32413836,-4.00000000,-2.00000000,-4.00000000,-3.15000000,-0.111280,0.091490,-0.201677,0.058800,0.300000,0.342216
5.420000,4.00000000,1.57000000,0.32347719,-4.00000000,-2.00000000,-4.00000000,-3.15000000,-0.111189,0.091473,-0.201663,0.058240,0.300000,0.343509
5.440000,4.00000000,1.57000000,0.32128628,-4.00000000,-2.00000000,-4.00000000,-3.15000000,-0.110889,0.091418,-0.201615,0.057680,0.300000,0.344692
5.460000,4.00000000,1.57000000,0.31807828,-4.00000000,-2.00000000,-4.00000000,-3.15000000,-0.110451,0.091336,-0.201544,0.057120,0.300000,0.345762
5.480000,4.00000000,1.57000000,0.31418594,-4.00000000,-2.00000000,-4.00000000,-3.15000000,-0.109920,0.091235,-0.201457,0.056560,0.300000,0.346716
5.500000,4.00000000,1.57000000,0.30982620,-4.00000000,-2.00000000,-4.00000000,-3.15000000,-0.109325,0.091120,-0.201358,0.056000,0.300000,0.347553
5.520000,4.00000000,1.57000000,0.30515598,-4.00000000,-2.00000000,-4.00000000,-3.15000000,-0.108689,0.090994,-0.201250,0.055440,0.300000,0.348269
5.540000,4.00000000,1.57000000,0.30031005,-4.00000000,-2.00000000,-4.00000000,-3.15000000,-0.108030,0.090862,-0.201135,0.054880,0.300000,0.348863
5.560000,4.00000000,1.57000000,0.29540322,-4.00000000,-2.00000000,-4.00000000,-3.15000000,-0.107363,0.090726,-0.201018,0.054320,0.300000,0.349334
5.580000,4.00000000,1.57000000,0.29051746,-4.00000000,-2.00000000,-4.00000000,-3.15000000,-0.106700,0.090587,-0.200898,0.053760,0.300000,0.349681
5.600000,4.00000000,1.57000000,0.28570623,-4.00000000,-2.00000000,-4.00000000,-3.15000000,-0.106048,0.090449,-0.200778,0.053200,0.300000,0.349901
5.620000,4.00000000,1.57000000,0.28101399,-4.00000000,-2.00000000,-4.00000000,-3.15000000,-0.105413,0.090311,-0.200660,0.052640,0.300000,0.349996
5.640000,4.00000000,1.57000000,0.27649237,-4.00000000,-2.00000000,-4.00000000,-3.15000000,-0.104802,0.090177,-0.200543,0.052080,0.300000,0.349964
5.660000,4.00000000,1.57000000,0.27220499,-4.00000000,-2.00000000,-4.00000000,-3.15000000,-0.104223,0.090047,-0.200432,0.051520,0.300000,0.349807
5.680000,4.00000000,1.57000000,0.26822446,-4.00000000,-2.00000000,-4.00000000,-3.15000000,-0.103686,0.089925,-0.200326,0.050960,0.300000,0.349523
5.700000,4.00000000,1.57000000,0.26462795,-4.00000000,-2.00000000,-4.00000000,-3.15000000,-0.103202,0.089813,-0.200230,0.050400,0.300000,0.349114
5.720000,4.00000000,1.57000000,0.26149399,-4.00000000,-2.00000000,-4.00000000,-3.15000000,-0.102780,0.089715,-0.200145,0.049840,0.300000,0.348582
5.740000,4.00000000,1.57000000,0.25889942,-4.00000000,-2.00000000,-4.00000000,-3.15000000,-0.102432,0.089633,-0.200074,0.049280,0.300000,0.347926
5.760000,4.00000000,1.57000000,0.25691507,-4.00000000,-2.00000000,-4.00000000,-3.15000000,-0.102165,0.089570,-0.200019,0.048720,0.300000,0.347150
5.780000,4.00000000,1.57000000,0.25559960,-4.00000000,-2.00000000,-4.00000000,-3.15000000,-0.101989,0.089528,-0.199983,0.048160,0.300000,0.346254
5.800000,4.00000000,1.57000000,0.25499282,-4.00000000,-2.00000000,-4.00000000,-3.15000000,-0.101907,0.089508,-0.199966,0.047600,0.300000,0.345241
5.820000,4.00000000,1.57000000,0.25511006,-4.00000000,-2.00000000,-4.00000000,-3.15000000,-0.101923,0.089512,-0.199969,0.047040,0.300000,0.344115
5.840000,4.00000000,1.57000000,0.25593963,-4.00000000,-2.00000000,-4.00000000,-3.15000000,-0.102034,0.089538,-0.199992,0.046480,0.300000,0.342876
5.860000,4.00000000,1.57000000,0.25744417,-4.00000000,-2.00000000,-4.00000000,-3.15000000,-0.102236,0.089587,-0.200034,0.045920,0.300000,0.341530
5.880000,4.00000000,1.57000000,0.25956555,-4.00000000,-2.00000000,-4.00000000,-3.15000000,-0.102521,0.089654,-0.200092,0.045360,0.300000,0.340078
5.900000,4.00000000,1.57000000,0.26223181,-4.00000000,-2.00000000,-4.00000000,-3.15000000,-0.102880,0.089738,-0.200165,0.044800,0.300000,0.338526
5.920000,4.00000000,1.57000000,0.26536429,-4.00000000,-2.00000000,-4.00000000,-3.15000000,-0.103301,0.089836,-0.200250,0.044240,0.300000,0.336876
5.940000,4.00000000,1.57000000,0.26888353,-4.00000000,-2.00000000,-4.00000000,-3.15000000,-0.103775,0.089945,-0.200344,0.043680,0.300000,0.335132
5.960000,4.00000000,1.57000000,0.27271344,-4.00000000,-2.00000000,-4.00000000,-3.15000000,-0.104292,0.090063,-0.200445,0.043120,0.300000,0.333301
5.980000,4.00000000,1.57000000,0.27678363,-4.00000000,-2.00000000,-4.00000000,-3.15000000,-0.104841,0.090185,-0.200551,0.042560,0.300000,0.331385
6.000000,4.00000000,1.57000000,0.28103015,-4.00000000,-2.00000000,-4.00000000,-3.15000000,-0.105415,0.090312,-0.200660,0.042000,0.300000,0.329389
6.020000,4.00000000,1.57000000,0.28539529,-4.00000000,-2.00000000,-4.00000000,-3.15000000,-0.106006,0.090440,-0.200771,0.041440,0.300000,0.327320
6.040000,4.00000000,1.57000000,0.28982679,-4.00000000,-2.00000000,-4.00000000,-3.15000000,-0.106606,0.090568,-0.200881,0.040880,0.300000,0.325181
6.060000,4.00000000,1.57000000,0.29427717,-4.00000000,-2.00000000,-4.00000000,-3.15000000,-0.107210,0.090694,-0.200990,0.040320,0.300000,0.322979
6.080000,4.00000000,1.57000000,0.29870310,-4.00000000,-2.00000000,-4.00000000,-3.15000000,-0.107811,0.090818,-0.201097,0.039760,0.300000,0.320719
6.100000,4.00000000,1.57000000,0.30306509,-4.00000000,-2.00000000,-4.00000000,-3.15000000,-0.108404,0.090938,-0.201201,0.039200,0.300000,0.318406
6.120000,4.00000000,1.57000000,0.30732684,-4.00000000,-2.00000000,-4.00000000,-3.15000000,-0.108984,0.091053,-0.201300,0.038640,0.300000,0.316047
6.140000,4.00000000,1.57000000,0.31145418,-4.00000000,-2.00000000,-4.00000000,-3.15000000,-0.109547,0.091163,-0.201395,0.038080,0.300000,0.313648
6.160000,4.00000000,1.57000000,0.31541393,-4.00000000,-2.00000000,-4.00000000,-3.15000000,-0.110087,0.091267,-0.201485,0.037520,0.300000,0.311214
6.180000,4.00000000,1.57000000,0.31917296,-4.00000000,-2.00000000,-4.00000000,-3.15000000,-0.110601,0.091364,-0.201569,0.036960,0.300000,0.308751
6.200000,4.00000000,1.57000000,0.32269780,-4.00000000,-2.00000000,-4.00000000,-3.15000000,-0.111082,0.091453,-0.201646,0.036400,0.300000,0.306267
6.220000,4.00000000,1.57000000,0.32595471,-4.00000000,-2.00000000,-4.00000000,-3.15000000,-0.111528,0.091535,-0.201717,0.035840,0.300000,0.303766
6.240000,4.00000000,1.57000000,0.32891015,-4.00000000,-2.00000000,-4.00000000,-3.15000000,-0.111933,0.091608,-0.201780,0.035280,0.300000,0.301257
6.260000,4.00000000,1.57000000,0.33153128,-4.00000000,-2.00000000,-4.00000000,-3.15000000,-0.112292,0.091672,-0.201835,0.034720,0.300000,0.298743
6.280000,4.00000000,1.57000000,0.33378682,-4.00000000,-2.00000000,-4.00000000,-3.15000000,-0.112601,0.091727,-0.201882,0.034160,0.300000,0.296234
6.300000,4.00000000,1.57000000,0.33564824,-4.00000000,-2.00000000,-4.00000000,-3.15000000,-0.112856,0.091772,-0.201921,0.033600,0.300000,0.293733
6.320000,4.00000000,1.57000000,0.33709149,-4.00000000,-2.00000000,-4.00000000,-3.15000000,-0.113054,0.091806,-0.201951,0.033040,0.300000,0.291249
6.340000,4.00000000,1.57000000,0.33809912,-4.00000000,-2.00000000,-4.00000000,-3.15000000,-0.113192,0.091830,-0.201971,0.032480,0.300000,0.288786
6.360000,4.00000000,1.57000000,0.33866274,-4.00000000,-2.00000000,-4.00000000,-3.15000000,-0.113270,0.091843,-0.201983,0.031920,0.300000,0.286352
6.380000,4.00000000,1.57000000,0.33878552,-4.00000000,-2.00000000,-4.00000000,-3.15000000,-0.113287,0.091846,-0.201985,0.031360,0.300000,0.283953
6.400000,4.00000000,1.57000000,0.33848432,-4.00000000,-2.00000000,-4.00000000,-3.15000000,-0.113245,0.091839,-0.201979,0.030800,0.300000,0.281594
6.420000,4.00000000,1.57000000,0.33779092,-4.00000000,-2.00000000,-4.00000000,-3.15000000,-0.113150,0.091823,-0.201965,0.030240,0.300000,0.279281
6.440000,4.00000000,1.57000000,0.33675207,-4.00000000,-2.00000000,-4.00000000,-3.15000000,-0.113008,0.091798,-0.201944,0.029680,0.300000,0.277021
6.460000,4.00000000,1.57000000,0.33542807,-4.00000000,-2.00000000,-4.00000000,-3.15000000,-0.112826,0.091766,-0.201916,0.029120,0.300000,0.274819
6.480000,4.00000000,1.57000000,0.33388998,-4.00000000,-2.00000000,-4.00000000,-3.15000000,-0.112615,0.091729,-0.201885,0.028560,0.300000,0.272680
6.500000,4.00000000,1.57000000,0.33221593,-4.00000000,-2.00000000,-4.00000000,-3.15000000,-0.112386,0.091689,-0.201850,0.028000,0.300000,0.270611
6.520000,4.00000000,1.57000000,0.33048700,-4.00000000,-2.00000000,-4.00000000,-3.15000000,-0.112149,0.091647,-0.201813,0.027440,0.300000,0.268615
6.540000,4.00000000,1.57000000,0.32878336,-4.00000000,-2.00000000,-4.00000000,-3.15000000,-0.111915,0.091605,-0.201777,0.026880,0.300000,0.266699
6.560000,4.00000000,1.57000000,0.32718098,-4.00000000,-2.00000000,-4.00000000,-3.15000000,-0.111696,0.091565,-0.201743,0.026320,0.300000,0.264868
6.580000,4.00000000,1.57000000,0.32574919,-4.00000000,-2.00000000,-4.00000000,-3.15000000,-0.111500,0.091530,-0.201712,0.025760,0.300000,0.263124
6.600000,4.00000000,1.57000000,0.32454909,-4.00000000,-2.00000000,-4.00000000,-3.15000000,-0.111336,0.091500,-0.201686,0.025200,0.300000,0.261474
6.620000,4.00000000,1.57000000,0.32363260,-4.00000000,-2.00000000,-4.00000000,-3.15000000,-0.111210,0.091477,-0.201666,0.024640,0.300000,0.259922
6.640000,4.00000000,1.57000000,0.32304206,-4.00000000,-2.00000000,-4.00000000,-3.15000000,-0.111130,0.091462,-0.201654,0.024080,0.300000,0.258470
6.660000,4.00000000,1.57000000,0.32281004,-4.00000000,-2.00000000,-4.00000000,-3.15000000,-0.111098,0.091456,-0.201648,0.023520,0.300000,0.257124
6.680000,4.00000000,1.57000000,0.32295926,-4.00000000,-2.00000000,-4.00000000,-3.15000000,-0.111118,0.091460,-0.201652,0.022960,0.300000,0.255885
6.700000,4.00000000,1.57000000,0.32350247,-4.00000000,-2.00000000,-4.00000000,-3.15000000,-0.111193,0.091474,-0.201664,0.022400,0.300000,0.254759
6.720000,4.00000000,1.57000000,0.32444214,-4.00000000,-2.00000000,-4.00000000,-3.15000000,-0.111321,0.091497,-0.201684,0.021840,0.300000,0.253746
6.740000,4.00000000,1.57000000,0.32576997,-4.00000000,-2.00000000,-4.00000000,-3.15000000,-0.111503,0.091530,-0.201713,0.021280,0.300000,0.252850
6.760000,4.00000000,1.57000000,0.32746615,-4.00000000,-2.00000000,-4.00000000,-3.15000000,-0.111735,0.091572,-0.201749,0.020720,0.300000,0.252074
6.780000,4.00000000,1.57000000,0.32949845,-4.00000000,-2.00000000,-4.00000000,-3.15000000,-0.112013,0.091623,-0.201792,0.020160,0.300000,0.251418
6.800000,4.00000000,1.57000000,0.33182120,-4.00000000,-2.00000000,-4.00000000,-3.15000000,-0.112331,0.091679,-0.201841,0.019600,0.300000,0.250886
6.820000,4.00000000,1.57000000,0.33437440,-4.00000000,-2.00000000,-4.00000000,-3.15000000,-0.112682,0.091741,-0.201895,0.019040,0.300000,0.250477
6.840000,4.00000000,1.57000000,0.33708311,-4.00000000,-2.00000000,-4.00000000,-3.15000000,-0.113053,0.091806,-0.201950,0.018480,0.300000,0.250193
6.860000,4.00000000,1.57000000,0.33985764,-4.00000000,-2.00000000,-4.00000000,-3.15000000,-0.113434,0.091871,-0.202007,0.017920,0.300000,0.250036
6.880000,4.00000000,1.57000000,0.34259463,-4.00000000,-2.00000000,-4.00000000,-3.15000000,-0.113810,0.091935,-0.202062,0.017360,0.300000,0.250004
6.900000,4.00000000,1.57000000,0.34517960,-4.00000000,-2.00000000,-4.00000000,-3.15000000,-0.114165,0.091995,-0.202114,0.016800,0.300000,0.250099
6.920000,4.00000000,1.57000000,0.34749085,-4.00000000,-2.00000000,-4.00000000,-3.15000000,-0.114483,0.092047,-0.202159,0.016240,0.300000,0.250319
6.940000,4.00000000,1.57000000,0.34940440,-4.00000000,-2.00000000,-4.00000000,-3.15000000,-0.114746,0.092091,-0.202196,0.015680,0.300000,0.250666
6.960000,4.00000000,1.57000000,0.35079950,-4.00000000,-2.00000000,-4.00000000,-3.15000000,-0.114938,0.092122,-0.202223,0.015120,0.300000,0.251137
6.980000,4.00000000,1.57000000,0.25321810,-4.00000000,-2.00000000,-4.00000000,-3.15000000,-0.101669,0.089451,-0.199916,0.014560,0.300000,0.251731
7.000000,4.00000000,1.57000000,-1.26156488,-3.54466605,-2.00000000,-4.00000000,-3.15000000,-0.024552,-0.033323,-0.161789,0.014000,0.300000,0.252447
7.020000,4.00000000,1.49355265,-0.70973512,-4.00000000,-2.00000000,-4.00000000,-3.15000000,-0.006414,0.025857,-0.144991,0.013440,0.300000,0.253284
7.040000,4.00000000,1.44083128,-0.77344081,-4.00000000,-1.94107593,-4.00000000,-3.15000000,0.006392,0.025935,-0.147144,0.012880,0.300000,0.254238
7.060000,-2.24113996,-3.14000000,1.57000000,-4.00000000,2.00000000,3.80446326,3.15000000,0.273129,-0.157729,0.282659,0.012320,0.300000,0.255308
7.080000,4.00000000,-0.69880162,1.57000000,0.90116378,-2.00000000,-1.09445544,1.27989127,0.351306,0.249723,-0.121768,0.011760,0.300000,0.256491
7.100000,4.00000000,-3.14000000,1.57000000,-4.00000000,-2.00000000,4.00000000,-3.15000000,0.046511,-0.244780,0.107797,0.011200,0.300000,0.257784
7.120000,-4.00000000,1.57000000,-1.14247970,2.12555442,2.00000000,1.18727993,3.15000000,-0.163165,-0.160863,-0.216887,0.010640,0.300000,0.259183
7.140000,2.91946611,-2.23388571,-1.57000000,-2.27404240,1.16543160,4.00000000,-2.91602727,0.136017,0.047454,-0.129557,0.010080,0.300000,0.260686
7.160000,-0.52529303,0.45981656,0.68109974,-3.64802339,-2.00000000,1.06861366,2.98169724,0.046279,0.334328,0.266521,0.009520,0.300000,0.262287
7.180000,-0.49897299,0.40026998,0.79936718,-3.87022746,-2.00000000,0.96373709,3.07045226,0.079898,0.311189,0.280248,0.008960,0.300000,0.263985
7.200000,-0.49744393,0.39761993,0.82176299,-3.86353097,-2.00000000,1.04115774,3.00580292,0.080058,0.311577,0.283128,0.008400,0.300000,0.265773
7.220000,-0.53082974,0.39257408,0.82955656,-3.44606500,-2.00000000,1.20373418,3.01128348,0.026807,0.354924,0.278937,0.007840,0.300000,0.267647
7.240000,-0.51307085,-0.32020894,1.57000000,-3.15539747,-2.00000000,1.24307193,3.15000000,0.152360,0.363982,0.302440,0.007280,0.300000,0.269603
7.260000,-0.51001362,-0.19523448,1.57000000,-3.23190751,-2.00000000,1.28853986,3.15000000,0.118970,0.363716,0.303966,0.006720,0.300000,0.271637
7.280000,-0.50661437,0.01832731,1.57000000,-3.44872545,-2.00000000,1.28235142,3.15000000,0.074001,0.356183,0.303176,0.006160,0.300000,0.273741
7.300000,-0.52090829,0.72351260,0.08231812,-3.66009633,-2.00000000,1.00491472,2.73419410,0.024928,0.302785,0.215546,0.005600,0.300000,0.275912
7.320000,-0.49849208,0.05895645,1.57000000,-3.52349720,-2.00000000,1.24801095,3.15000000,0.069742,0.350382,0.306465,0.005040,0.300000,0.278144
7.340000,-0.51500608,0.56405672,0.47633628,-3.58659240,-2.00000000,1.07474640,2.86835300,0.026557,0.327967,0.256249,0.004480,0.300000,0.280431
7.360000,-0.50878021,0.61212875,0.35079239,-3.56923291,-2.00000000,1.07799594,2.82532497,0.022842,0.322436,0.249379,0.003920,0.300000,0.282768
7.380000,-0.47993037,0.15934494,1.34849770,-3.63479981,-2.00000000,1.21585494,3.15000000,0.076414,0.337921,0.313483,0.003360,0.300000,0.285148
7.400000,-0.51591812,1.04389733,-0.64374287,-3.86768086,-2.00000000,0.91453185,2.44501386,0.011380,0.225027,0.113010,0.002800,0.300000,0.287566
7.420000,-0.47763065,-0.06453967,1.57000000,-3.40113927,-2.00000000,1.27703180,3.15000000,0.097116,0.349553,0.314085,0.002240,0.300000,0.290015
7.440000,-0.34401076,0.52519559,0.38846812,-4.00000000,-2.00000000,0.73959034,2.98841834,0.084132,0.237994,0.282057,0.001680,0.300000,0.292489
7.460000,-0.50396201,1.07857661,-0.70699348,-3.84926017,-2.00000000,0.87646016,2.44472511,0.005696,0.221635,0.107706,0.001120,0.300000,0.294982
7.480000,-0.44904904,0.30452951,1.05843937,-3.84560634,-2.00000000,1.17269456,2.98776511,0.087738,0.305370,0.314934,0.000560,0.300000,0.297488
7.500000,-0.45280008,0.22109097,1.23844481,-3.76504273,-2.00000000,1.17469786,3.09872523,0.085262,0.318207,0.321150,0.000000,0.300000,0.300000
7.520000,-0.45079763,0.12514532,1.44167611,-3.65092622,-2.00000000,1.20775373,3.15000000,0.079686,0.328429,0.325047,-0.000560,0.300000,0.302512
7.540000,-0.44075979,0.21503545,1.25504264,-3.76486300,-2.00000000,1.20521077,3.08257826,0.086360,0.314341,0.326013,-0.001120,0.300000,0.305018
7.560000,-0.50197703,0.07213783,1.57000000,-3.77921756,-2.00000000,0.84306446,3.15000000,0.092336,0.337637,0.307168,-0.001680,0.300000,0.307511
7.580000,-0.42153294,0.31124204,1.04020074,-3.89212755,-2.00000000,1.12461250,3.01538966,0.092135,0.291970,0.322148,-0.002240,0.300000,0.309985
7.600000,-0.42436197,0.19695103,1.22707552,-3.78250660,-2.00000000,1.00247648,3.15000000,0.092600,0.308712,0.327715,-0.002800,0.300000,0.312434
7.620000,-0.50116800,-0.03440944,1.57000000,-3.61635819,-2.00000000,1.91609201,2.60028577,0.139516,0.337282,0.313305,-0.003360,0.300000,0.314852
7.640000,-0.45591258,-0.82003360,1.57000000,-3.09696301,-2.00000000,1.95563915,3.15000000,0.337228,0.310596,0.250536,-0.003920,0.300000,0.317232
7.660000,4.00000000,-3.14000000,-0.76370090,4.00000000,2.00000000,4.00000000,3.15000000,0.070198,0.021657,0.098800,-0.004480,0.300000,0.319569
7.680000,1.43068666,-3.14000000,1.57000000,1.58435381,2.00000000,-4.00000000,3.15000000,0.309189,0.250017,-0.056819,-0.005040,0.300000,0.321856
7.700000,0.14252736,1.57000000,1.44396681,0.95222824,2.00000000,-3.73406184,3.15000000,-0.246181,0.079942,-0.110873,-0.005600,0.300000,0.324088
7.720000,-1.12179743,-3.14000000,-1.57000000,-4.00000000,-2.00000000,-4.00000000,2.07136107,0.179309,-0.018544,-0.111977,-0.006160,0.300000,0.326259
7.740000,4.00000000,-3.14000000,-1.57000000,3.74251055,-2.00000000,0.97058342,2.66226027,-0.069331,-0.130483,-0.053580,-0.006720,0.300000,0.328363
7.760000,-0.44501185,0.99162116,-0.35169500,-0.64317330,2.00000000,-2.15615815,-3.15000000,0.006576,0.240499,0.168361,-0.007280,0.300000,0.330397
7.780000,-1.26144023,-3.14000000,1.08512530,4.00000000,0.22905974,-4.00000000,-0.83616871,-0.044878,-0.455368,-0.120697,-0.007840,0.300000,0.332353
7.800000,2.70738045,-0.07493872,-1.57000000,-4.00000000,-1.39420181,-4.00000000,-1.11932461,0.034164,-0.123420,-0.050232,-0.008400,0.300000,0.334227
7.820000,0.60761951,-3.14000000,1.57000000,4.00000000,0.79242140,1.15402253,-3.15000000,0.070606,0.169586,-0.423916,-0.008960,0.300000,0.336015
7.840000,-3.46077721,1.57000000,-1.57000000,-1.46313072,1.29506117,4.00000000,-3.15000000,0.091782,-0.030267,0.035250,-0.009520,0.300000,0.337713
7.860000,-3.51122044,-0.99472302,-1.57000000,1.18291245,-0.07723887,-4.00000000,3.15000000,0.078034,0.031014,0.044746,-0.010080,0.300000,0.339314
7.880000,-1.31525494,0.90414089,-1.44087272,-0.91760250,-0.95713355,-4.00000000,3.15000000,0.240803,0.200438,0.109493,-0.010640,0.300000,0.340817
7.900000,-4.00000000,-1.03837415,-1.57000000,-3.12688165,-2.00000000,4.00000000,-3.15000000,0.279667,-0.182347,0.032767,-0.011200,0.300000,0.342216
7.920000,2.33519894,-3.14000000,1.57000000,-2.41817624,-0.76473820,-4.00000000,2.59773930,0.216258,0.291488,0.402743,-0.011760,0.300000,0.343509
7.940000,0.33682850,-1.21437311,1.51102755,-4.00000000,-1.67680385,-0.75785098,3.15000000,0.468130,0.074662,0.179697,-0.012320,0.300000,0.344692
7.960000,3.79166267,-3.14000000,-0.66709804,3.35705219,1.01778471,4.00000000,-2.77941612,-0.121228,0.079535,0.092903,-0.012880,0.300000,0.345762
7.980000,-4.00000000,-3.14000000,-1.57000000,3.97987850,-2.00000000,4.00000000,-1.10044657,-0.049588,0.012677,0.159774,-0.013440,0.300000,0.346716
8.000000,4.00000000,-0.78648821,-1.57000000,-4.00000000,-1.30120759,2.96964340,-2.03161965,0.071445,0.055451,-0.155967,-0.014000,0.300000,0.347553
8.020000,-3.79005572,-3.14000000,0.91417260,4.00000000,2.00000000,4.00000000,-1.45708826,-0.027324,0.211923,0.132421,-0.014560,0.300000,0.348269
8.040000,-4.00000000,-3.02743007,-1.57000000,-0.95181854,-2.00000000,-0.48838288,-3.15000000,-0.038563,0.163744,-0.002753,-0.015120,0.300000,0.348863
8.060000,-4.00000000,0.33689022,-1.57000000,1.10921415,1.37463407,-0.76229395,-0.96535439,0.278845,-0.180318,-0.027243,-0.015680,0.300000,0.349334
8.080000,-0.28336864,-3.14000000,-1.57000000,4.00000000,-1.93332934,2.77397050,3.15000000,-0.060498,0.106917,-0.101830,-0.016240,0.300000,0.349681
8.100000,-4.00000000,-0.32836930,-1.57000000,4.00000000,-1.47193986,4.00000000,-2.02815320,0.302660,-0.156605,0.035345,-0.016800,0.300000,0.349901
8.120000,-3.11356339,1.57000000,-1.57000000,1.94340798,2.00000000,3.70801339,3.15000000,-0.032279,0.090059,-0.264212,-0.017360,0.300000,0.349996
8.140000,4.00000000,-3.13941481,0.11070209,0.81784364,2.00000000,-4.00000000,3.15000000,0.054672,-0.336387,0.180503,-0.017920,0.300000,0.349964
8.160000,-1.26871352,1.57000000,-1.57000000,1.31139168,-1.08457832,-4.00000000,1.98434157,0.122478,-0.014845,0.051554,-0.018480,0.300000,0.349807
8.180000,-0.59065559,0.05963701,1.57000000,-3.76019555,-2.00000000,0.28424157,-2.10742539,0.082695,0.356411,0.262061,-0.019040,0.300000,0.349523
8.200000,4.00000000,-3.14000000,-1.35831504,4.00000000,2.00000000,4.00000000,-3.15000000,0.152567,0.018550,0.101484,-0.019600,0.300000,0.349114
8.220000,2.67194542,-3.14000000,0.43929577,-3.60878853,2.00000000,4.00000000,2.63600252,0.047130,0.292007,0.235278,-0.020160,0.300000,0.348582
8.240000,-4.00000000,-3.14000000,-1.57000000,-4.00000000,2.00000000,1.54027342,3.15000000,-0.064754,0.148674,0.014188,-0.020720,0.300000,0.347926
8.260000,1.98775142,1.57000000,-1.57000000,-2.91821021,0.71575035,2.54913162,-3.15000000,0.134505,-0.020409,-0.133537,-0.021280,0.300000,0.347150
8.280000,3.91161059,-3.14000000,-1.57000000,4.00000000,-2.00000000,-1.64751549,3.15000000,-0.062330,-0.151637,0.022488,-0.021840,0.300000,0.346254
8.300000,-1.24344147,-1.41525564,-1.57000000,4.00000000,-1.03822936,4.00000000,-1.37183290,0.151581,-0.055156,-0.147068,-0.022400,0.300000,0.345241
8.320000,4.00000000,-3.14000000,-0.69824579,4.00000000,2.00000000,4.00000000,-3.15000000,0.061345,0.019729,0.100466,-0.022960,0.300000,0.344115
8.340000,4.00000000,-3.14000000,-1.57000000,4.00000000,2.00000000,4.00000000,3.15000000,0.179309,0.008700,0.109991,-0.023520,0.300000,0.342876
8.360000,-1.76801797,-3.14000000,0.89641091,4.00000000,-2.00000000,-3.41505694,2.02683470,0.165637,-0.383939,-0.054568,-0.024080,0.300000,0.341530
8.380000,2.82966639,1.57000000,-1.57000000,-4.00000000,-0.48997485,4.00000000,3.15000000,0.156325,-0.061164,-0.017876,-0.024640,0.300000,0.340078
8.400000,-3.10914706,-3.14000000,1.57000000,3.10428856,2.00000000,-1.51810461,-2.99888042,0.177378,0.154925,0.316666,-0.025200,0.300000,0.338526
8.420000,-0.73925396,1.57000000,-1.57000000,-2.05333739,-1.50348660,-0.30624223,1.30282553,0.021328,0.233450,0.183073,-0.025760,0.300000,0.336876
8.440000,-3.60694657,-1.50820520,-1.57000000,-2.15288851,2.00000000,-1.34511115,-1.14106152,0.222159,0.023167,-0.171437,-0.026320,0.300000,0.335132
8.460000,-4.00000000,-1.02847547,-1.57000000,-3.42829119,-1.19544531,-0.59564457,-1.00221562,0.162760,-0.143773,0.097013,-0.026880,0.300000,0.333301
8.480000,-4.00000000,-3.14000000,0.84640745,-4.00000000,-2.00000000,-4.00000000,3.15000000,-0.030330,0.109214,0.216985,-0.027440,0.300000,0.331385
8.500000,-3.67949820,-3.14000000,1.57000000,-3.59437388,0.32546227,-4.00000000,3.15000000,0.183203,0.323550,0.389556,-0.028000,0.300000,0.329389
8.520000,-4.00000000,-3.14000000,-0.22644383,2.01560638,-1.30539185,-4.00000000,0.44482591,-0.104807,0.004225,0.068950,-0.028560,0.300000,0.327320
8.540000,1.15526264,1.57000000,-1.57000000,-4.00000000,2.00000000,4.00000000,-1.94636811,-0.025271,-0.266028,-0.015188,-0.029120,0.300000,0.325181
8.560000,0.73297726,0.45131349,-1.57000000,4.00000000,0.39376316,4.00000000,-1.53217237,0.156988,-0.005270,-0.006124,-0.029680,0.300000,0.322979
8.580000,4.00000000,0.96459519,-1.57000000,-4.00000000,2.00000000,4.00000000,-2.12920130,0.096317,0.291339,-0.091367,-0.030240,0.300000,0.320719
8.600000,-2.70979435,-2.47486833,-1.34191089,3.85572618,2.00000000,3.02556234,-3.15000000,0.224929,0.070995,0.061997,-0.030800,0.300000,0.318406
8.620000,-4.00000000,-0.27217517,-1.57000000,3.32096556,2.00000000,4.00000000,-3.15000000,0.151497,-0.038747,-0.238794,-0.031360,0.300000,0.316047
8.640000,4.00000000,-3.14000000,-1.57000000,4.00000000,1.00806620,-0.07114308,3.15000000,0.123788,0.131457,0.041876,-0.031920,0.300000,0.313648
8.660000,4.00000000,-2.26678324,1.57000000,-3.26642087,2.00000000,-4.00000000,-3.15000000,0.387771,0.020209,0.169315,-0.032480,0.300000,0.311214
8.680000,4.00000000,0.56822196,1.57000000,0.04541274,2.00000000,4.00000000,-3.15000000,-0.171033,0.138273,-0.336913,-0.033040,0.300000,0.308751
8.700000,4.00000000,0.84537655,0.65451385,-0.39713688,-2.00000000,0.42467179,-2.85906738,-0.167546,0.362939,-0.105524,-0.033600,0.300000,0.306267
8.720000,-0.42040916,0.44431442,0.85463535,2.72263109,-2.00000000,1.96912254,-3.15000000,0.045831,0.300899,0.308346,-0.034160,0.300000,0.303766
8.740000,-0.33676702,-1.02384393,1.57000000,0.48603203,2.00000000,-0.31315779,3.04108843,0.351461,0.260176,0.267275,-0.034720,0.300000,0.301257
8.760000,-0.42203997,0.38447823,1.04153626,-0.68547225,2.00000000,-1.90539477,3.00293554,0.063350,0.294514,0.321002,-0.035280,0.300000,0.298743
8.780000,-0.51199354,-0.32603154,1.57000000,-0.00747472,2.00000000,-0.24856143,2.42324737,0.191968,0.336495,0.276210,-0.035840,0.300000,0.296234
8.800000,-0.59688162,0.33209887,1.12417750,-0.71741482,2.00000000,-2.12648850,2.93318223,0.069704,0.348014,0.267418,-0.036400,0.300000,0.293733
8.820000,-0.50701031,-0.39413322,1.57000000,0.06339170,2.00000000,-0.53676216,2.77650661,0.204203,0.343543,0.281088,-0.036960,0.300000,0.291249
8.840000,-0.69303282,0.70959599,0.66236530,-1.10167030,2.00000000,-2.68934856,3.15000000,0.027840,0.298914,0.202424,-0.037520,0.300000,0.288786
8.860000,-0.50134505,0.86635248,-0.01195247,-0.43302042,2.00000000,-2.08874226,2.75663674,-0.010651,0.294416,0.206913,-0.038080,0.300000,0.286352
8.880000,-0.47907981,-0.15711347,1.57000000,-0.01755765,2.00000000,-1.76148355,3.15000000,0.098669,0.355057,0.316744,-0.038640,0.300000,0.283953
8.900000,-0.47149225,0.29626917,1.26982274,-0.50331292,2.00000000,-1.90842920,3.15000000,0.040711,0.329983,0.311095,-0.039200,0.300000,0.281594
8.920000,-0.52510257,0.83776151,-0.00053739,-0.34119891,2.00000000,-2.18077102,2.93241191,-0.018282,0.310543,0.210135,-0.039760,0.300000,0.279281
8.940000,-0.48682494,0.58108972,0.66637234,-0.26977933,2.00000000,-1.85603727,3.06602395,-0.017577,0.332644,0.275993,-0.040320,0.300000,0.277021
8.960000,-0.43467163,0.35191125,1.21588252,-0.24019774,2.00000000,-1.66285601,3.15000000,-0.005959,0.328218,0.315531,-0.040880,0.300000,0.274819
8.980000,-0.41402623,0.59467002,0.55164059,-0.86201994,2.00000000,-2.34498696,3.15000000,0.055309,0.259241,0.277748,-0.041440,0.300000,0.272680
9.000000,-0.50128377,-0.19186417,1.57000000,0.07206014,2.00000000,-1.77460871,3.15000000,0.096772,0.362541,0.311717,-0.042000,0.300000,0.270611
9.020000,-0.52046001,0.63625230,0.53893047,-0.26803607,2.00000000,-1.92082721,2.99185066,-0.022157,0.337619,0.256763,-0.042560,0.300000,0.268615
9.040000,-0.39435040,0.60534587,0.51210419,-0.87309582,2.00000000,-2.53280562,3.15000000,0.050977,0.251703,0.276118,-0.043120,0.300000,0.266699
9.060000,-0.45523196,0.56395851,0.70652169,-0.75186344,2.00000000,-2.07312359,3.02478730,0.044802,0.286954,0.282918,-0.043680,0.300000,0.264868
9.080000,-0.50820124,0.21514196,1.45422010,-0.27434812,2.00000000,-1.82243178,3.15000000,0.014164,0.352944,0.295530,-0.044240,0.300000,0.263124
9.100000,-0.49989616,0.35327234,1.16343853,-0.44563678,2.00000000,-1.89908960,3.15000000,0.024947,0.339811,0.295781,-0.044800,0.300000,0.261474
9.120000,-0.53832020,1.08583728,-0.52111414,-0.56968622,2.00000000,-2.41042305,2.78183795,-0.015374,0.253024,0.127210,-0.045360,0.300000,0.259922
9.140000,-0.53253757,-0.04645808,1.57000000,-0.19960356,2.00000000,-1.85707846,3.15000000,0.083643,0.367206,0.294097,-0.045920,0.300000,0.258470
9.160000,-0.53368092,0.62289954,0.58484990,-0.22008517,2.00000000,-1.90322063,3.00779604,-0.030342,0.344905,0.256168,-0.046480,0.300000,0.257124
9.180000,-0.53510882,0.63442877,0.56106863,-0.22271018,2.00000000,-1.91271314,2.99659382,-0.030999,0.344232,0.254012,-0.047040,0.300000,0.255885
9.200000,-0.49543027,0.19662451,1.56988565,-0.09263954,2.00000000,-1.64972427,3.15000000,-0.016829,0.349410,0.291891,-0.047600,0.300000,0.254759
9.220000,-0.53657797,0.71961762,0.36700522,-0.27535701,2.00000000,-1.98521779,2.94270183,-0.028358,0.333702,0.237860,-0.048160,0.300000,0.253746
9.240000,-0.54279085,0.07836897,1.57000000,-0.28490150,2.00000000,-1.94774422,3.15000000,0.048037,0.365362,0.286720,-0.048720,0.300000,0.252850
9.260000,-0.52905113,-0.27361149,1.57000000,0.07244330,2.00000000,-1.76229643,3.15000000,0.128477,0.370759,0.300907,-0.049280,0.300000,0.252074
9.280000,-0.55106754,0.52513806,0.84629797,-0.25198627,2.00000000,-1.92586809,3.10312390,-0.026891,0.354883,0.260841,-0.049840,0.300000,0.251418
9.300000,-0.52108673,0.28800308,1.38169546,-0.08673836,2.00000000,-1.64177246,3.15000000,-0.028145,0.357323,0.283639,-0.050400,0.300000,0.250886
9.320000,-0.54545122,0.89503585,-0.09154171,-0.46577727,2.00000000,-2.49610953,3.11908816,-0.020637,0.296894,0.184391,-0.050960,0.300000,0.250477
9.340000,-0.53344912,0.48334706,0.93418466,-0.12809139,2.00000000,-1.76634404,3.15000000,-0.038409,0.356611,0.272868,-0.051520,0.300000,0.250193
9.360000,-0.53295153,0.22421450,1.47304073,-0.13386892,2.00000000,-1.78371086,3.15000000,-0.013129,0.361290,0.281339,-0.052080,0.300000,0.250036
9.380000,-0.53347321,-0.21186929,1.57000000,0.03883578,2.00000000,-1.75257552,3.15000000,0.110617,0.372318,0.298625,-0.052640,0.300000,0.250004
9.400000,-0.54651377,0.87609630,0.02105843,-0.38519163,2.00000000,-2.15376219,2.88970249,-0.024593,0.309085,0.197419,-0.053200,0.300000,0.250099
9.420000,-0.54115491,0.62395838,0.61915780,-0.18501667,2.00000000,-1.88177441,3.02978785,-0.039889,0.348512,0.254861,-0.053760,0.300000,0.250319
9.440000,-0.54692959,0.58696859,0.73188633,-0.27737402,2.00000000,-1.95066552,3.06602150,-0.030017,0.348451,0.254957,-0.054320,0.300000,0.250666
9.460000,-0.53637858,0.73926244,0.33357415,-0.20671639,2.00000000,-1.97831254,2.96035599,-0.039963,0.336113,0.238391,-0.054880,0.300000,0.251137
9.480000,-0.52103580,0.40361098,1.10979516,-0.50727708,2.00000000,-2.23832421,3.15000000,0.012616,0.340122,0.280685,-0.055440,0.300000,0.251731
9.500000,-0.53773329,0.06380655,1.57000000,-0.23218810,2.00000000,-1.92003266,3.15000000,0.045717,0.365585,0.288270,-0.056000,0.300000,0.252447
9.520000,-0.53817888,0.60869883,0.67337265,-0.19372953,2.00000000,-1.86622521,3.05406301,-0.040011,0.348438,0.257492,-0.056560,0.300000,0.253284
9.540000,-0.52938826,-0.11086265,1.57000000,-0.07145627,2.00000000,-1.79617599,3.15000000,0.088814,0.369521,0.297038,-0.057120,0.300000,0.254238
9.560000,-0.53826942,0.69298813,0.50400703,-0.30234637,2.00000000,-1.96397344,2.96670492,-0.032328,0.335972,0.242449,-0.057680,0.300000,0.255308
9.580000,-0.62635936,0.77116803,0.30931922,-0.12594806,2.00000000,-1.97011821,3.05972388,-0.058260,0.357777,0.207307,-0.058240,0.300000,0.256491
9.600000,-0.51930973,0.05362755,1.57000000,-0.01771845,2.00000000,-1.74914581,3.15000000,0.019607,0.362816,0.293946,-0.058800,0.300000,0.257784
9.620000,-0.42510119,0.60609243,0.61768435,-0.78997784,2.00000000,-2.57333559,3.15000000,0.030248,0.272727,0.275388,-0.059360,0.300000,0.259183
9.640000,-0.53256106,0.72751446,0.45097040,-0.35248243,2.00000000,-1.99817590,2.94461514,-0.030243,0.328304,0.237496,-0.059920,0.300000,0.260686
9.660000,-0.52333309,0.82443437,0.18921032,-0.30381048,2.00000000,-2.01465493,2.87979099,-0.035159,0.318217,0.222725,-0.060480,0.300000,0.262287
9.680000,-0.53131609,1.28761490,-0.93168116,-0.65900718,2.00000000,-2.62321467,2.77716179,-0.026415,0.207483,0.064643,-0.061040,0.300000,0.263985
9.700000,-0.45219019,0.42266344,1.13586735,-0.15291876,2.00000000,-1.67270547,3.15000000,-0.035757,0.333420,0.302892,-0.061600,0.300000,0.265773
9.720000,-0.50990768,0.56925758,0.85298903,-0.27983216,2.00000000,-1.81794260,3.15000000,-0.034589,0.339433,0.270356,-0.062160,0.300000,0.267647
9.740000,-0.34374022,0.65977867,0.47041654,-0.92752717,2.00000000,-2.29478190,3.09019051,0.052245,0.226781,0.284979,-0.062720,0.300000,0.269603
9.760000,-0.48774748,-0.43450576,1.57000000,0.13249340,2.00000000,-1.85247009,3.15000000,0.177472,0.354351,0.313410,-0.063280,0.300000,0.271637
9.780000,-0.43526731,0.44998987,1.03711094,-0.48620264,2.00000000,-1.54147348,2.85507813,0.024051,0.308993,0.311824,-0.063840,0.300000,0.273741
9.800000,-0.52737326,0.70432926,0.51873439,-0.32098065,2.00000000,-1.95283665,2.97977134,-0.034532,0.331466,0.244507,-0.064400,0.300000,0.275912
9.820000,-0.50548958,0.92337850,-0.13558339,-0.51269766,2.00000000,-2.59956711,3.15000000,-0.021987,0.281218,0.186805,-0.064960,0.300000,0.278144
9.840000,-4.00000000,1.57000000,-1.57000000,4.00000000,2.00000000,-3.55867329,-3.00048815,-0.062249,0.049262,-0.051220,-0.065520,0.300000,0.280431
9.860000,-4.00000000,1.57000000,-1.57000000,4.00000000,2.00000000,-3.55098288,-2.99406044,-0.062025,0.049365,-0.051112,-0.066080,0.300000,0.282768
9.880000,-4.00000000,1.57000000,-1.57000000,4.00000000,2.00000000,-3.54323129,-2.98756923,-0.061798,0.049468,-0.051005,-0.066640,0.300000,0.285148
9.900000,-4.00000000,1.57000000,-1.57000000,4.00000000,2.00000000,-3.53543365,-2.98102477,-0.061569,0.049573,-0.050899,-0.067200,0.300000,0.287566
9.920000,-4.00000000,1.57000000,-1.57000000,4.00000000,2.00000000,-3.52760515,-2.97443754,-0.061339,0.049679,-0.050795,-0.067760,0.300000,0.290015
9.940000,-4.00000000,1.57000000,-1.57000000,4.00000000,2.00000000,-3.51976098,-2.96781824,-0.061107,0.049785,-0.050692,-0.068320,0.300000,0.292489
9.960000,-4.00000000,1.57000000,-1.57000000,4.00000000,2.00000000,-3.51191631,-2.96117775,-0.060875,0.049891,-0.050592,-0.068880,0.300000,0.294982
9.980000,-4.00000000,1.57000000,-1.57000000,4.00000000,2.00000000,-3.50408623,-2.95452712,-0.060642,0.049997,-0.050494,-0.069440,0.300000,0.297488
10.000000,4.00000000,-3.14000000,1.42244298,-4.00000000,2.00000000,0.24638810,-0.82776234,0.288875,-0.182223,0.248236,-0.060000,-0.300000,0.265359
10.020000,4.00000000,-3.14000000,1.14180496,-4.00000000,2.00000000,-0.89001936,0.55108459,0.239365,-0.228632,0.313076,-0.058560,-0.300000,0.265359
10.040000,4.00000000,-3.14000000,1.57000000,-4.00000000,2.00000000,-1.60442589,0.31584089,0.294636,-0.165620,0.284657,-0.057120,-0.300000,0.265359
10.060000,4.00000000,-3.14000000,1.57000000,-4.00000000,2.00000000,-1.59566423,0.30938259,0.294839,-0.165777,0.284488,-0.055680,-0.300000,0.265359
10.080000,4.00000000,-3.14000000,1.57000000,-4.00000000,2.00000000,-1.59426352,0.30897838,0.294871,-0.165801,0.284461,-0.054240,-0.300000,0.265359
10.100000,4.00000000,-3.14000000,1.57000000,-4.00000000,2.00000000,-1.59287563,0.30894807,0.294903,-0.165826,0.284434,-0.052800,-0.300000,0.265359
10.120000,4.00000000,-3.14000000,1.57000000,-4.00000000,2.00000000,-1.59149326,0.30921612,0.294935,-0.165850,0.284407,-0.051360,-0.300000,0.265359
10.140000,4.00000000,-3.14000000,1.57000000,-4.00000000,2.00000000,-1.59011745,0.30973160,0.294967,-0.165875,0.284381,-0.049920,-0.300000,0.265359
10.160000,4.00000000,-3.14000000,1.57000000,-4.00000000,2.00000000,-1.58874936,0.31045601,0.294999,-0.165899,0.284354,-0.048480,-0.300000,0.265359
10.180000,4.00000000,-3.14000000,1.57000000,-4.00000000,2.00000000,-1.58739019,0.31135946,0.295030,-0.165923,0.284327,-0.047040,-0.300000,0.265359
10.200000,4.00000000,-3.14000000,1.57000000,-4.00000000,2.00000000,-1.58604118,0.31241827,0.295061,-0.165946,0.284301,-0.045600,-0.300000,0.265359
10.220000,4.00000000,-3.14000000,1.57000000,-4.00000000,2.00000000,-1.58470364,0.31361327,0.295092,-0.165970,0.284275,-0.044160,-0.300000,0.265359
10.240000,4.00000000,-3.14000000,1.57000000,-4.00000000,2.00000000,-1.58337891,0.31492880,0.295122,-0.165993,0.284249,-0.042720,-0.300000,0.265359
10.260000,4.00000000,-3.14000000,1.57000000,-4.00000000,2.00000000,-1.58206837,0.31635180,0.295153,-0.166016,0.284223,-0.041280,-0.300000,0.265359
10.280000,4.00000000,-3.14000000,1.57000000,-4.00000000,2.00000000,-1.58077346,0.31787132,0.295182,-0.166039,0.284197,-0.039840,-0.300000,0.265359
10.300000,4.00000000,-3.14000000,1.57000000,-4.00000000,2.00000000,-1.57949561,0.31947805,0.295212,-0.166061,0.284172,-0.038400,-0.300000,0.265359
10.320000,4.00000000,-3.14000000,1.57000000,-4.00000000,2.00000000,-1.57823630,0.32116403,0.295241,-0.166083,0.284147,-0.036960,-0.300000,0.265359
10.340000,4.00000000,-3.14000000,1.57000000,-4.00000000,2.00000000,-1.57699701,0.32292236,0.295269,-0.166105,0.284122,-0.035520,-0.300000,0.265359
10.360000,4.00000000,-3.14000000,1.57000000,-4.00000000,2.00000000,-1.57577922,0.32474706,0.295297,-0.166126,0.284098,-0.034080,-0.300000,0.265359
10.380000,4.00000000,-3.14000000,1.57000000,-4.00000000,2.00000000,-1.57458440,0.32663286,0.295324,-0.166147,0.284074,-0.032640,-0.300000,0.265359
10.400000,4.00000000,-3.14000000,1.57000000,-4.00000000,2.00000000,-1.57341400,0.32857513,0.295351,-0.166167,0.284051,-0.031200,-0.300000,0.265359
10.420000,3.99331998,-3.14000000,1.57000000,-4.00000000,2.00000000,-1.56990902,0.33300040,0.295431,-0.164327,0.285085,-0.029760,-0.300000,0.265359
10.440000,3.98461227,-3.14000000,1.57000000,-4.00000000,2.00000000,-1.56590029,0.33800322,0.295523,-0.161909,0.286425,-0.028320,-0.300000,0.265359
10.460000,3.97599320,-3.14000000,1.57000000,-4.00000000,2.00000000,-1.56215175,0.34280772,0.295609,-0.159500,0.287736,-0.026880,-0.300000,0.265359
10.480000,3.96745269,-3.14000000,1.57000000,-4.00000000,2.00000000,-1.55864995,0.34743932,0.295688,-0.157099,0.289018,-0.025440,-0.300000,0.265359
10.500000,3.95898202,-3.14000000,1.57000000,-4.00000000,2.00000000,-1.55538220,0.35191990,0.295762,-0.154704,0.290274,-0.024000,-0.300000,0.265359
10.520000,3.95057357,-3.14000000,1.57000000,-4.00000000,2.00000000,-1.55233654,0.35626831,0.295832,-0.152312,0.291505,-0.022560,-0.300000,0.265359
10.540000,3.94222056,-3.14000000,1.57000000,-4.00000000,2.00000000,-1.54950164,0.36050076,0.295896,-0.149924,0.292711,-0.021120,-0.300000,0.265359
10.560000,3.93391693,-3.14000000,1.57000000,-4.00000000,2.00000000,-1.54686680,0.36463126,0.295955,-0.147536,0.293894,-0.019680,-0.300000,0.265359
10.580000,3.92565721,-3.14000000,1.57000000,-4.00000000,2.00000000,-1.54442186,0.36867190,0.296011,-0.145148,0.295055,-0.018240,-0.300000,0.265359
10.600000,3.91743641,-3.14000000,1.57000000,-4.00000000,2.00000000,-1.54215720,0.37263317,0.296062,-0.142759,0.296195,-0.016800,-0.300000,0.265359
10.620000,3.90924998,-3.14000000,1.57000000,-4.00000000,2.00000000,-1.54006371,0.37652416,0.296109,-0.140369,0.297313,-0.015360,-0.300000,0.265359
10.640000,3.90109374,-3.14000000,1.57000000,-4.00000000,2.00000000,-1.53813278,0.38035279,0.296152,-0.137975,0.298411,-0.013920,-0.300000,0.265359
10.660000,3.89296380,-3.14000000,1.57000000,-4.00000000,2.00000000,-1.53635623,0.38412602,0.296192,-0.135578,0.299489,-0.012480,-0.300000,0.265359
10.680000,3.88485657,-3.14000000,1.57000000,-4.00000000,2.00000000,-1.53472635,0.38784991,0.296229,-0.133177,0.300548,-0.011040,-0.300000,0.265359
10.700000,3.87676873,-3.14000000,1.57000000,-4.00000000,2.00000000,-1.53323584,0.39152983,0.296262,-0.130770,0.301587,-0.009600,-0.300000,0.265359
10.720000,3.86869716,-3.14000000,1.57000000,-4.00000000,2.00000000,-1.53187781,0.39517056,0.296293,-0.128358,0.302607,-0.008160,-0.300000,0.265359
10.740000,3.86063897,-3.14000000,1.57000000,-4.00000000,2.00000000,-1.53064574,0.39877635,0.296321,-0.125939,0.303608,-0.006720,-0.300000,0.265359
10.760000,3.85259144,-3.14000000,1.57000000,-4.00000000,2.00000000,-1.52953349,0.40235100,0.296346,-0.123513,0.304591,-0.005280,-0.300000,0.265359
10.780000,3.84455205,-3.14000000,1.57000000,-4.00000000,2.00000000,-1.52853529,0.40589799,0.296368,-0.121080,0.305556,-0.003840,-0.300000,0.265359
10.800000,3.83651843,-3.14000000,1.57000000,-4.00000000,2.00000000,-1.52764566,0.40942047,0.296388,-0.118639,0.306503,-0.002400,-0.300000,0.265359
10.820000,3.82848838,-3.14000000,1.57000000,-4.00000000,2.00000000,-1.52685949,0.41292134,0.296405,-0.116190,0.307431,-0.000960,-0.300000,0.265359
10.840000,3.82045985,-3.14000000,1.57000000,-4.00000000,2.00000000,-1.52617194,0.41640330,0.296421,-0.113732,0.308342,0.000480,-0.300000,0.265359
10.860000,3.81243092,-3.14000000,1.57000000,-4.00000000,2.00000000,-1.52557846,0.41986886,0.296434,-0.111264,0.309234,0.001920,-0.300000,0.265359
10.880000,3.80439983,-3.14000000,1.57000000,-4.00000000,2.00000000,-1.52507480,0.42332039,0.296445,-0.108787,0.310109,0.003360,-0.300000,0.265359
10.900000,3.79636494,-3.14000000,1.57000000,-4.00000000,2.00000000,-1.52465694,0.42676017,0.296455,-0.106301,0.310966,0.004800,-0.300000,0.265359
10.920000,3.78832475,-3.14000000,1.57000000,-4.00000000,2.00000000,-1.52432112,0.43019034,0.296462,-0.103804,0.311805,0.006240,-0.300000,0.265359
10.940000,3.78846031,-3.14000000,1.57000000,-4.00000000,2.00000000,-1.52926563,0.43618887,0.296352,-0.103744,0.311876,0.007680,-0.300000,0.265359
10.960000,3.78645717,-3.14000000,1.57000000,-4.00000000,2.00000000,-1.51924169,0.44533562,0.296575,-0.103326,0.311909,0.009120,-0.300000,0.265359
10.980000,3.76881184,-3.14000000,1.57000000,-4.00000000,2.00000000,-1.52216396,0.44148258,0.296510,-0.097746,0.313734,0.010560,-0.300000,0.265359
11.000000,3.76107197,-3.14000000,1.57000000,-4.00000000,2.00000000,-1.52869882,0.44049676,0.296364,-0.095177,0.314591,0.012000,-0.300000,0.265359
11.020000,3.75530965,-3.14000000,1.57000000,-4.00000000,2.00000000,-1.53042400,0.44354341,0.296326,-0.093326,0.315163,0.013440,-0.300000,0.265359
11.040000,3.75006173,-3.14000000,1.57000000,-4.00000000,2.00000000,-1.53232280,0.44714076,0.296283,-0.091630,0.315679,0.014880,-0.300000,0.265359
11.060000,3.74534331,-3.14000000,1.57000000,-4.00000000,2.00000000,-1.53438030,0.45132042,0.296237,-0.090096,0.316141,0.016320,-0.300000,0.265359
11.080000,3.74113981,-3.14000000,1.57000000,-4.00000000,2.00000000,-1.53657536,0.45606622,0.296187,-0.088719,0.316553,0.017760,-0.300000,0.265359
11.100000,3.73742084,-3.14000000,1.57000000,-4.00000000,2.00000000,-1.53888514,0.46133652,0.296135,-0.087491,0.316917,0.019200,-0.300000,0.265359
11.120000,3.73415028,-3.14000000,1.57000000,-4.00000000,2.00000000,-1.54128733,0.46708085,0.296081,-0.086402,0.317240,0.020640,-0.300000,0.265359
11.140000,3.73129233,-3.14000000,1.57000000,-4.00000000,2.00000000,-1.54376079,0.47325000,0.296026,-0.085441,0.317524,0.022080,-0.300000,0.265359
11.160000,3.72881421,-3.14000000,1.57000000,-4.00000000,2.00000000,-1.54628525,0.47980105,0.295969,-0.084599,0.317774,0.023520,-0.300000,0.265359
11.180000,3.72668674,-3.14000000,1.57000000,-4.00000000,2.00000000,-1.54884044,0.48669895,0.295911,-0.083867,0.317992,0.024960,-0.300000,0.265359
11.200000,3.72488336,-3.14000000,1.57000000,-4.00000000,2.00000000,-1.55140487,0.49391584,0.295853,-0.083238,0.318182,0.026400,-0.300000,0.265359
11.220000,3.80610029,-3.14000000,1.57000000,-4.00000000,2.00000000,-1.40845796,0.57304427,0.298964,-0.111584,0.307654,0.027840,-0.300000,0.265359
11.240000,3.82199205,-3.14000000,1.57000000,-4.00000000,2.00000000,-1.38529094,0.59433805,0.299441,-0.116878,0.305339,0.029280,-0.300000,0.265359
11.260000,3.82392049,-3.14000000,1.57000000,-4.00000000,2.00000000,-1.38305972,0.60337228,0.299487,-0.117506,0.305063,0.030720,-0.300000,0.265359
11.280000,3.82278676,-3.14000000,1.57000000,-4.00000000,2.00000000,-1.38137079,0.60975428,0.299521,-0.117190,0.305159,0.032160,-0.300000,0.265359
11.300000,3.83018745,-3.14000000,1.57000000,-4.00000000,2.00000000,-1.37014363,0.62340323,0.299749,-0.119642,0.304031,0.033600,-0.300000,0.265359
11.320000,3.82276245,-3.14000000,1.57000000,-4.00000000,2.00000000,-1.43447935,0.62559598,0.298418,-0.116214,0.306301,0.035040,-0.300000,0.265359
11.340000,3.81781086,-3.14000000,1.57000000,-4.00000000,2.00000000,-1.49258579,0.62734042,0.297165,-0.113581,0.308022,0.036480,-0.300000,0.265359
11.360000,3.82100119,-3.14000000,1.57000000,-4.00000000,2.00000000,-1.49195544,0.63940130,0.297179,-0.114575,0.307647,0.037920,-0.300000,0.265359
11.380000,3.82453304,-3.14000000,1.57000000,-4.00000000,2.00000000,-1.49042956,0.65203524,0.297212,-0.115691,0.307211,0.039360,-0.300000,0.265359
11.400000,3.82838530,-3.14000000,1.57000000,-4.00000000,2.00000000,-1.48883882,0.66517421,0.297247,-0.116904,0.306732,0.040800,-0.300000,0.265359
11.420000,3.83260527,-3.14000000,1.57000000,-4.00000000,2.00000000,-1.48721711,0.67888815,0.297282,-0.118229,0.306205,0.042240,-0.300000,0.265359
11.440000,3.83726362,-3.14000000,1.57000000,-4.00000000,2.00000000,-1.48555439,0.69327876,0.297319,-0.119686,0.305618,0.043680,-0.300000,0.265359
11.460000,3.84245433,-3.14000000,1.57000000,-4.00000000,2.00000000,-1.48383324,0.70848230,0.297356,-0.121303,0.304959,0.045120,-0.300000,0.265359
11.480000,3.84831016,-3.14000000,1.57000000,-4.00000000,2.00000000,-1.48203206,0.72469067,0.297396,-0.123121,0.304208,0.046560,-0.300000,0.265359
11.500000,3.85503014,-3.14000000,1.57000000,-4.00000000,2.00000000,-1.48011760,0.74219043,0.297437,-0.125198,0.303335,0.048000,-0.300000,0.265359
11.520000,3.86293730,-3.14000000,1.57000000,-4.00000000,2.00000000,-1.47803474,0.76144481,0.297483,-0.127631,0.302294,0.049440,-0.300000,0.265359
11.540000,3.87262407,-3.14000000,1.57000000,-4.00000000,2.00000000,-1.47568060,0.78329961,0.297534,-0.130597,0.300995,0.050880,-0.300000,0.265359
11.560000,3.88543694,-3.14000000,1.57000000,-4.00000000,2.00000000,-1.47281736,0.80966739,0.297596,-0.134494,0.299238,0.052320,-0.300000,0.265359
11.580000,3.90660609,-3.14000000,1.57000000,-4.00000000,2.00000000,-1.46850437,0.84792973,0.297690,-0.140873,0.296232,0.053760,-0.300000,0.265359
11.600000,2.49440112,1.57000000,-1.57000000,0.56745139,-2.00000000,-3.15890338,3.15000000,-0.048806,0.071561,-0.145942,0.055200,-0.300000,0.265359
11.620000,0.54762601,0.21823694,0.95075027,3.45720655,2.00000000,-1.07132716,0.05194652,0.071866,-0.362178,0.284492,0.056640,-0.300000,0.265359
11.640000,0.54784128,0.21343547,0.95492314,3.45945637,2.00000000,-1.07207230,0.05381855,0.073475,-0.362224,0.284541,0.058080,-0.300000,0.265359
11.660000,0.54804659,0.20870067,0.95895953,3.46176656,2.00000000,-1.07282567,0.05581467,0.075085,-0.362256,0.284582,0.059520,-0.300000,0.265359
11.680000,0.54639582,0.21713575,0.94118365,3.46979025,2.00000000,-1.06979607,0.06728506,0.075285,-0.360935,0.284310,0.059520,-0.300000,0.266190
11.700000,0.54348853,0.23382280,0.90934583,3.48224857,2.00000000,-1.06579733,0.08716339,0.074809,-0.358609,0.283742,0.058800,-0.300000,0.267437
11.720000,0.53991214,0.25466815,0.86942042,3.49846281,2.00000000,-1.06342861,0.11532904,0.074391,-0.355539,0.282816,0.058080,-0.300000,0.268685
11.740000,0.53561842,0.28232468,0.81523564,3.51859971,2.00000000,-1.06260987,0.15395858,0.073805,-0.351445,0.281147,0.057360,-0.300000,0.269932
11.760000,0.53664815,0.37998907,0.60235440,3.60371799,2.00000000,-1.03063542,0.25393700,0.074313,-0.337743,0.265231,0.056640,-0.300000,0.271179
11.780000,0.54032383,0.56194066,0.20405803,3.73443982,2.00000000,-1.00402328,0.45086161,0.068212,-0.305563,0.225035,0.055920,-0.300000,0.272426
11.800000,0.52240685,-0.21240056,1.57000000,3.54173721,2.00000000,-1.31321920,-0.02063405,0.175911,-0.350467,0.296508,0.055200,-0.300000,0.273673
11.820000,0.55759931,0.26354119,0.88190401,3.51219946,2.00000000,-1.12911958,0.13708616,0.073967,-0.359301,0.276293,0.054480,-0.300000,0.274920
11.840000,0.53007965,0.43013918,0.50419958,3.62111952,2.00000000,-1.01705005,0.28930702,0.069567,-0.330368,0.259638,0.053760,-0.300000,0.276167
11.860000,0.50723084,0.30814535,0.84198691,3.91157548,2.00000000,-1.22818446,0.42026799,0.119498,-0.303941,0.285888,0.053040,-0.300000,0.277414
11.880000,0.52595975,0.38565195,0.61609804,3.56497497,2.00000000,-1.07071923,0.26438444,0.067177,-0.338387,0.271219,0.052320,-0.300000,0.278661
11.900000,0.51868158,-0.43479743,1.57000000,3.36285077,2.00000000,-1.58432102,-0.07574315,0.237861,-0.346618,0.281412,0.051600,-0.300000,0.279908
11.920000,0.53332867,0.80329643,-0.32063120,3.86583182,2.00000000,-0.92102120,0.63827643,0.045372,-0.253044,0.160742,0.050880,-0.300000,0.281155
11.940000,0.49263009,0.17944587,1.06973459,3.79641052,2.00000000,-1.01813651,0.03282172,0.119200,-0.321972,0.301382,0.050160,-0.300000,0.282402
11.960000,0.50327381,0.03990838,1.40421556,3.66979602,2.00000000,-1.14897567,-0.03475753,0.116987,-0.340641,0.308848,0.049440,-0.300000,0.283649
11.980000,0.50267731,0.03937907,1.43538338,3.67335845,2.00000000,-1.24985124,0.07386416,0.117102,-0.339877,0.311025,0.048720,-0.300000,0.284897
12.000000,0.51791505,0.45339265,0.47585422,3.58903096,2.00000000,-1.01393747,0.27519380,0.060718,-0.328861,0.262909,0.048000,-0.300000,0.286144
12.020000,0.52670747,0.93657996,-0.60542081,3.92121288,2.00000000,-0.84709456,0.69998987,0.027617,-0.223269,0.121761,0.047280,-0.300000,0.287391
12.040000,0.50065535,-0.00710157,1.57000000,3.64397452,2.00000000,-1.36196971,0.13184289,0.116779,-0.341085,0.313713,0.046560,-0.300000,0.288638
12.060000,0.48827459,0.37499342,0.72905793,3.96262031,2.00000000,-1.45795341,0.71213079,0.119916,-0.282400,0.284377,0.045840,-0.300000,0.289885
12.080000,0.57282075,0.74852104,-0.24208715,3.67058680,2.00000000,-0.70010862,0.26243226,0.033384,-0.294528,0.175673,0.045120,-0.300000,0.291132
12.100000,0.51814908,0.02816853,1.48047731,3.78773382,2.00000000,-0.94661106,-0.05516336,0.123307,-0.338014,0.304827,0.044400,-0.300000,0.292379
12.120000,0.48504045,0.15316395,1.21683009,3.79335273,2.00000000,-1.24805784,0.21188367,0.118772,-0.321302,0.313394,0.043680,-0.300000,0.293626
12.140000,0.50911561,0.49500065,0.39651522,3.63558228,2.00000000,-0.88762069,0.20516576,0.056706,-0.319354,0.256810,0.042960,-0.300000,0.294873
12.160000,0.51145741,0.56497478,0.29138611,3.59322340,2.00000000,-1.21128603,0.52353229,0.050805,-0.315371,0.247671,0.042240,-0.300000,0.296120
12.180000,0.47748151,0.15860095,1.21599538,3.79878088,2.00000000,-1.27435786,0.23280408,0.118441,-0.318082,0.316230,0.041520,-0.300000,0.297367
12.200000,0.52195190,1.08900158,-0.87936084,3.96526977,1.92648630,-1.08381154,1.03722369,0.026442,-0.188710,0.076382,0.040800,-0.300000,0.298614
12.220000,0.49982607,-0.30284657,1.57000000,3.57476888,2.00000000,-1.25679620,-0.11403768,0.211893,-0.337980,0.296680,0.040080,-0.300000,0.299861
12.240000,0.47478615,0.00655810,1.53464083,3.66302673,2.00000000,-1.19855197,-0.03729042,0.113843,-0.332730,0.320603,0.039360,-0.300000,0.301109
12.260000,0.52111092,0.60793445,0.19319170,3.61247927,2.00000000,-1.08739245,0.44088334,0.045347,-0.312221,0.235091,0.038640,-0.300000,0.302356
12.280000,0.50547161,-0.66199508,1.57000000,3.22228714,2.00000000,-2.34605423,0.33378776,0.308438,-0.317988,0.246565,0.037920,-0.300000,0.303603
12.300000,0.58079320,0.70972620,-0.05155479,3.69109161,2.00000000,-0.83041652,0.27920247,0.036611,-0.303963,0.188659,0.037200,-0.300000,0.304850
12.320000,0.50872082,-0.00856585,1.57000000,3.76056452,2.00000000,-1.24143626,0.14714396,0.130760,-0.336482,0.313591,0.036480,-0.300000,0.306097
12.340000,0.52695765,1.24351964,-1.13323822,4.00000000,1.83182354,-1.54373511,1.56861226,0.030420,-0.145233,0.027112,0.035760,-0.300000,0.307344
12.360000,0.50858541,-0.51166154,1.57000000,3.26192533,2.00000000,-2.57638015,0.67472430,0.267207,-0.322766,0.262518,0.035040,-0.300000,0.308591
12.380000,0.47432941,-0.25965945,1.57000000,3.50616884,2.00000000,-1.65435423,0.08360098,0.198827,-0.332105,0.310054,0.034320,-0.300000,0.309838
12.400000,0.45344088,0.06718224,1.41639561,3.73493019,2.00000000,-1.14740711,-0.01307221,0.114994,-0.320279,0.327177,0.033600,-0.300000,0.311085
12.420000,0.50344755,0.68645459,0.07922201,3.80567836,2.00000000,-1.33845707,0.80251559,0.059936,-0.273225,0.215411,0.032880,-0.300000,0.312332
12.440000,0.49791914,0.75875405,-0.18867387,3.66141584,2.00000000,-0.75060415,0.32149522,0.028396,-0.283379,0.201543,0.032160,-0.300000,0.313579
12.460000,0.45972505,-0.79221982,1.57000000,3.32169554,2.00000000,-1.48517029,-0.43201836,0.345406,-0.303709,0.245103,0.031440,-0.300000,0.314826
12.480000,0.48138606,-0.21979418,1.57000000,3.62963440,2.00000000,-1.50257736,0.16639230,0.197976,-0.329002,0.310962,0.030720,-0.300000,0.316073
12.500000,0.56152221,0.13771269,1.28185041,3.76553257,2.00000000,-3.22548577,2.20591640,0.136075,-0.295679,0.279333,0.030000,-0.300000,0.317321
12.520000,0.43483551,0.17409545,1.20887378,3.85353611,2.00000000,-1.20209451,0.17478155,0.118862,-0.299887,0.329410,0.029280,-0.300000,0.318568
12.540000,-0.12733404,-0.59553734,-0.09731030,4.00000000,0.96909153,1.40273362,-0.96404769,0.388981,-0.095608,0.095090,0.028560,-0.300000,0.319815
12.560000,0.20591215,0.57087501,0.53006319,4.00000000,2.00000000,-1.86030548,1.13864744,0.088007,-0.170899,0.326173,0.027840,-0.300000,0.321062
12.580000,0.36234260,0.31192802,0.75859497,4.00000000,2.00000000,-0.29947614,-0.47187987,0.107030,-0.252402,0.307107,0.027120,-0.300000,0.322309
12.600000,0.42391816,-0.12852245,1.57000000,3.65474353,2.00000000,-0.39653956,-0.73049981,0.135445,-0.311513,0.319245,0.026400,-0.300000,0.323556
12.620000,0.52809770,0.54288045,0.66022978,3.65756356,2.00000000,-2.89024086,1.97069968,0.052312,-0.282365,0.249672,0.025680,-0.300000,0.324803
12.640000,-0.22602456,-0.32844313,0.01020750,4.00000000,1.24306124,0.13880347,-0.04427964,0.377322,-0.082438,0.223394,0.024960,-0.300000,0.326050
12.660000,-4.00000000,1.57000000,-1.57000000,-3.76312710,2.00000000,2.09338763,3.15000000,-0.076934,-0.068981,-0.219833,0.024240,-0.300000,0.327297
12.680000,0.48475236,0.34216912,0.86987153,3.60221930,2.00000000,-0.49245447,-0.46651276,0.039817,-0.328061,0.289342,0.023520,-0.300000,0.328544
12.700000,0.49157068,-0.71969979,1.57000000,3.37478066,2.00000000,-1.79289048,-0.05169900,0.337635,-0.309225,0.240556,0.022800,-0.300000,0.329791
12.720000,0.53733703,0.23433032,1.05261409,3.85854563,2.00000000,-2.86939202,1.97950511,0.137208,-0.279951,0.284280,0.022080,-0.300000,0.331038
12.740000,0.49555413,-0.19188903,1.57000000,3.67636593,2.00000000,-1.40034323,0.07476475,0.191403,-0.332259,0.308433,0.021360,-0.300000,0.332285
12.760000,-4.00000000,-1.91492125,-1.57000000,4.00000000,-0.39727476,4.00000000,-1.90590605,0.007548,-0.030748,0.074633,0.020640,-0.300000,0.333533
12.780000,4.00000000,-3.14000000,0.45738686,1.86156268,2.00000000,4.00000000,-3.15000000,0.092562,-0.281962,0.330057,0.019920,-0.300000,0.334780
12.800000,-4.00000000,-2.13353761,1.57000000,-4.00000000,-2.00000000,0.06903245,3.15000000,0.381114,0.025191,0.193557,0.019200,-0.300000,0.336027
12.820000,0.01602052,-1.78883315,-1.57000000,0.68248034,-2.00000000,4.00000000,-3.15000000,0.279905,-0.122071,0.033180,0.018480,-0.300000,0.337274
12.840000,-2.63073852,-0.74771108,-1.57000000,-0.04432058,-2.00000000,-0.94058543,3.15000000,0.260884,0.201967,-0.074235,0.017760,-0.300000,0.338521
12.860000,-3.32237465,-1.66963638,-1.57000000,-4.00000000,1.70460577,-1.64259079,-0.88622152,0.156685,0.132996,0.112009,0.017040,-0.300000,0.339768
12.880000,0.53614803,1.28012701,-1.19389356,3.88088514,2.00000000,-1.46991537,1.53154833,-0.003772,-0.158809,0.022511,0.016320,-0.300000,0.341015
12.900000,-0.06598120,-3.14000000,1.57000000,-2.77765076,2.00000000,4.00000000,-3.15000000,0.089513,-0.163219,-0.293725,0.015600,-0.300000,0.342262
12.920000,-0.44012428,-3.14000000,-1.57000000,1.05616838,2.00000000,2.12727235,-0.00845054,-0.089065,0.001030,-0.129878,0.014880,-0.300000,0.343509
12.940000,4.00000000,0.20496248,-1.57000000,-4.00000000,1.70452362,-4.00000000,3.15000000,0.246173,0.252171,-0.058243,0.014160,-0.300000,0.344756
12.960000,0.76301674,1.57000000,-1.57000000,3.99416101,0.69748415,3.65168813,2.08076654,0.160298,-0.053294,-0.000072,0.013440,-0.300000,0.346003
12.980000,-4.00000000,-0.13678344,-1.02144669,1.50571079,-2.00000000,-4.00000000,3.15000000,0.095262,-0.102661,-0.128354,0.012720,-0.300000,0.347250
13.000000,-4.00000000,0.57995650,1.57000000,1.38317302,2.00000000,-1.27458985,1.15834100,-0.288688,-0.221544,-0.132475,0.012000,-0.300000,0.348497
13.020000,4.00000000,-3.14000000,-1.57000000,-4.00000000,-2.00000000,-4.00000000,-3.15000000,0.179309,-0.110104,-0.027563,0.011280,-0.300000,0.349744
13.040000,-4.00000000,1.57000000,-0.32333054,-2.23139233,1.39522949,-4.00000000,-3.15000000,-0.010874,-0.093120,-0.193411,0.010560,-0.300000,0.350992
13.060000,-4.00000000,-0.39319772,1.57000000,-0.33691996,2.00000000,-3.24855839,-3.15000000,0.193734,-0.401099,-0.140739,0.009840,-0.300000,0.352239
13.080000,-2.08304718,-3.14000000,1.57000000,4.00000000,1.81530661,-4.00000000,-1.09588971,0.035293,-0.205696,0.212295,0.009120,-0.300000,0.353486
13.100000,4.00000000,1.57000000,1.57000000,4.00000000,2.00000000,4.00000000,-3.15000000,-0.263497,0.163601,-0.023795,0.008400,-0.300000,0.354733
13.120000,4.00000000,1.57000000,1.57000000,4.00000000,2.00000000,4.00000000,-3.15000000,-0.263497,0.163601,-0.023795,0.007680,-0.300000,0.355980
13.140000,4.00000000,1.57000000,1.57000000,4.00000000,2.00000000,4.00000000,-3.15000000,-0.263497,0.163601,-0.023795,0.006960,-0.300000,0.357227
13.160000,4.00000000,1.57000000,1.57000000,4.00000000,2.00000000,4.00000000,-3.15000000,-0.263497,0.163601,-0.023795,0.006240,-0.300000,0.358474
13.180000,4.00000000,1.57000000,1.57000000,4.00000000,2.00000000,4.00000000,-3.15000000,-0.263497,0.163601,-0.023795,0.005520,-0.300000,0.359721
13.200000,4.00000000,1.57000000,1.57000000,4.00000000,2.00000000,4.00000000,-3.15000000,-0.263497,0.163601,-0.023795,0.004800,-0.300000,0.360968
13.220000,4.00000000,1.57000000,1.57000000,4.00000000,2.00000000,4.00000000,-3.15000000,-0.263497,0.163601,-0.023795,0.004080,-0.300000,0.362215
13.240000,4.00000000,1.57000000,1.57000000,4.00000000,2.00000000,4.00000000,-3.15000000,-0.263497,0.163601,-0.023795,0.003360,-0.300000,0.363462
13.260000,4.00000000,1.57000000,1.57000000,4.00000000,2.00000000,4.00000000,-3.15000000,-0.263497,0.163601,-0.023795,0.002640,-0.300000,0.364709
13.280000,4.00000000,1.57000000,1.57000000,4.00000000,2.00000000,4.00000000,-3.15000000,-0.263497,0.163601,-0.023795,0.001920,-0.300000,0.365956
13.300000,4.00000000,1.57000000,1.57000000,4.00000000,2.00000000,4.00000000,-3.15000000,-0.263497,0.163601,-0.023795,0.001200,-0.300000,0.367204
13.320000,4.00000000,1.57000000,1.57000000,4.00000000,2.00000000,4.00000000,-3.15000000,-0.263497,0.163601,-0.023795,0.000480,-0.300000,0.368451
13.340000,4.00000000,1.57000000,1.57000000,4.00000000,2.00000000,4.00000000,-3.15000000,-0.263497,0.163601,-0.023795,-0.000240,-0.300000,0.368866
13.360000,4.00000000,1.57000000,1.57000000,4.00000000,2.00000000,4.00000000,-3.15000000,-0.263497,0.163601,-0.023795,-0.000960,-0.300000,0.367619
13.380000,4.00000000,1.57000000,1.57000000,4.00000000,2.00000000,4.00000000,-3.15000000,-0.263497,0.163601,-0.023795,-0.001680,-0.300000,0.366372
13.400000,4.00000000,1.57000000,1.57000000,4.00000000,2.00000000,4.00000000,-3.15000000,-0.263497,0.163601,-0.023795,-0.002400,-0.300000,0.365125
13.420000,4.00000000,1.57000000,1.57000000,4.00000000,2.00000000,4.00000000,-3.15000000,-0.263497,0.163601,-0.023795,-0.003120,-0.300000,0.363878
13.440000,4.00000000,1.57000000,1.57000000,4.00000000,2.00000000,4.00000000,-3.15000000,-0.263497,0.163601,-0.023795,-0.003840,-0.300000,0.362631
13.460000,4.00000000,1.57000000,1.57000000,4.00000000,2.00000000,4.00000000,-3.15000000,-0.263497,0.163601,-0.023795,-0.004560,-0.300000,0.361384
13.480000,4.00000000,1.57000000,1.57000000,4.00000000,2.00000000,4.00000000,-3.15000000,-0.263497,0.163601,-0.023795,-0.005280,-0.300000,0.360137
13.500000,4.00000000,1.57000000,1.57000000,4.00000000,2.00000000,4.00000000,-3.15000000,-0.263497,0.163601,-0.023795,-0.006000,-0.300000,0.358890
13.520000,4.00000000,1.57000000,1.57000000,4.00000000,2.00000000,4.00000000,-3.15000000,-0.263497,0.163601,-0.023795,-0.006720,-0.300000,0.357643
13.540000,4.00000000,1.57000000,1.57000000,4.00000000,2.00000000,4.00000000,-3.15000000,-0.263497,0.163601,-0.023795,-0.007440,-0.300000,0.356396
13.560000,4.00000000,1.57000000,1.57000000,4.00000000,2.00000000,4.00000000,-3.15000000,-0.263497,0.163601,-0.023795,-0.008160,-0.300000,0.355148
13.580000,4.00000000,1.57000000,1.57000000,4.00000000,2.00000000,4.00000000,-3.15000000,-0.263497,0.163601,-0.023795,-0.008880,-0.300000,0.353901
13.600000,4.00000000,1.57000000,1.57000000,4.00000000,2.00000000,4.00000000,-3.15000000,-0.263497,0.163601,-0.023795,-0.009600,-0.300000,0.352654
13.620000,4.00000000,1.57000000,1.57000000,4.00000000,2.00000000,4.00000000,-3.15000000,-0.263497,0.163601,-0.023795,-0.010320,-0.300000,0.351407
13.640000,4.00000000,1.57000000,1.57000000,4.00000000,2.00000000,4.00000000,-3.15000000,-0.263497,0.163601,-0.023795,-0.011040,-0.300000,0.350160
13.660000,4.00000000,1.57000000,1.57000000,4.00000000,2.00000000,4.00000000,-3.15000000,-0.263497,0.163601,-0.023795,-0.011760,-0.300000,0.348913
13.680000,4.00000000,1.57000000,1.57000000,4.00000000,2.00000000,4.00000000,-3.15000000,-0.263497,0.163601,-0.023795,-0.012480,-0.300000,0.347666
13.700000,4.00000000,1.57000000,1.57000000,4.00000000,2.00000000,4.00000000,-3.15000000,-0.263497,0.163601,-0.023795,-0.013200,-0.300000,0.346419
13.720000,4.00000000,1.57000000,1.57000000,4.00000000,2.00000000,4.00000000,-3.15000000,-0.263497,0.163601,-0.023795,-0.013920,-0.300000,0.345172
13.740000,4.00000000,1.57000000,1.57000000,4.00000000,2.00000000,4.00000000,-3.15000000,-0.263497,0.163601,-0.023795,-0.014640,-0.300000,0.343925
13.760000,4.00000000,1.57000000,1.57000000,4.00000000,2.00000000,4.00000000,-3.15000000,-0.263497,0.163601,-0.023795,-0.015360,-0.300000,0.342678
13.780000,4.00000000,1.57000000,1.57000000,4.00000000,2.00000000,4.00000000,-3.15000000,-0.263497,0.163601,-0.023795,-0.016080,-0.300000,0.341431
13.800000,4.00000000,1.57000000,1.57000000,4.00000000,2.00000000,4.00000000,-3.15000000,-0.263497,0.163601,-0.023795,-0.016800,-0.300000,0.340184
13.820000,4.00000000,1.57000000,1.57000000,4.00000000,2.00000000,4.00000000,-3.15000000,-0.263497,0.163601,-0.023795,-0.017520,-0.300000,0.338937
13.840000,4.00000000,1.57000000,1.57000000,4.00000000,2.00000000,4.00000000,-3.15000000,-0.263497,0.163601,-0.023795,-0.018240,-0.300000,0.337689
13.860000,4.00000000,1.57000000,1.57000000,4.00000000,2.00000000,4.00000000,-3.15000000,-0.263497,0.163601,-0.023795,-0.018960,-0.300000,0.336442
13.880000,4.00000000,1.57000000,1.57000000,4.00000000,2.00000000,4.00000000,-3.15000000,-0.263497,0.163601,-0.023795,-0.019680,-0.300000,0.335195
13.900000,4.00000000,1.57000000,1.57000000,4.00000000,2.00000000,4.00000000,-3.15000000,-0.263497,0.163601,-0.023795,-0.020400,-0.300000,0.333948
13.920000,4.00000000,1.57000000,1.57000000,4.00000000,2.00000000,4.00000000,-3.15000000,-0.263497,0.163601,-0.023795,-0.021120,-0.300000,0.332701
13.940000,4.00000000,1.57000000,1.57000000,4.00000000,2.00000000,4.00000000,-3.15000000,-0.263497,0.163601,-0.023795,-0.021840,-0.300000,0.331454
13.960000,4.00000000,1.57000000,1.57000000,4.00000000,2.00000000,4.00000000,-3.15000000,-0.263497,0.163601,-0.023795,-0.022560,-0.300000,0.330207
13.980000,4.00000000,1.57000000,1.57000000,4.00000000,2.00000000,4.00000000,-3.15000000,-0.263497,0.163601,-0.023795,-0.023280,-0.300000,0.328960
14.000000,4.00000000,1.57000000,1.57000000,4.00000000,2.00000000,4.00000000,-3.15000000,-0.263497,0.163601,-0.023795,-0.024000,-0.300000,0.327713
14.020000,4.00000000,1.57000000,1.57000000,4.00000000,2.00000000,4.00000000,-3.15000000,-0.263497,0.163601,-0.023795,-0.024720,-0.300000,0.326466
14.040000,4.00000000,1.57000000,1.57000000,4.00000000,2.00000000,4.00000000,-3.15000000,-0.263497,0.163601,-0.023795,-0.025440,-0.300000,0.325219
14.060000,4.00000000,1.57000000,1.57000000,4.00000000,2.00000000,4.00000000,-3.15000000,-0.263497,0.163601,-0.023795,-0.026160,-0.300000,0.323972
14.080000,4.00000000,1.57000000,1.57000000,4.00000000,2.00000000,4.00000000,-3.15000000,-0.263497,0.163601,-0.023795,-0.026880,-0.300000,0.322725
14.100000,4.00000000,1.57000000,1.57000000,4.00000000,2.00000000,4.00000000,-3.15000000,-0.263497,0.163601,-0.023795,-0.027600,-0.300000,0.321477
14.120000,4.00000000,1.57000000,1.57000000,4.00000000,2.00000000,4.00000000,-3.15000000,-0.263497,0.163601,-0.023795,-0.028320,-0.300000,0.320230
14.140000,4.00000000,1.57000000,1.57000000,4.00000000,2.00000000,4.00000000,-3.15000000,-0.263497,0.163601,-0.023795,-0.029040,-0.300000,0.318983
14.160000,4.00000000,1.57000000,1.57000000,4.00000000,2.00000000,4.00000000,-3.15000000,-0.263497,0.163601,-0.023795,-0.029760,-0.300000,0.317736
14.180000,4.00000000,1.57000000,1.57000000,4.00000000,2.00000000,4.00000000,-3.15000000,-0.263497,0.163601,-0.023795,-0.030480,-0.300000,0.316489
14.200000,4.00000000,1.57000000,1.57000000,4.00000000,2.00000000,4.00000000,-3.15000000,-0.263497,0.163601,-0.023795,-0.031200,-0.300000,0.315242
14.220000,4.00000000,1.57000000,1.57000000,4.00000000,2.00000000,4.00000000,-3.15000000,-0.263497,0.163601,-0.023795,-0.031920,-0.300000,0.313995
14.240000,4.00000000,1.57000000,1.57000000,4.00000000,2.00000000,4.00000000,-3.15000000,-0.263497,0.163601,-0.023795,-0.032640,-0.300000,0.312748
14.260000,4.00000000,1.57000000,1.57000000,4.00000000,2.00000000,4.00000000,-3.15000000,-0.263497,0.163601,-0.023795,-0.033360,-0.300000,0.311501
14.280000,4.00000000,1.57000000,1.57000000,4.00000000,2.00000000,4.00000000,-3.15000000,-0.263497,0.163601,-0.023795,-0.034080,-0.300000,0.310254
14.300000,4.00000000,1.57000000,1.57000000,4.00000000,2.00000000,4.00000000,-3.15000000,-0.263497,0.163601,-0.023795,-0.034800,-0.300000,0.309007
14.320000,4.00000000,1.57000000,1.57000000,4.00000000,2.00000000,4.00000000,-3.15000000,-0.263497,0.163601,-0.023795,-0.035520,-0.300000,0.307760
14.340000,4.00000000,1.57000000,1.57000000,4.00000000,2.00000000,4.00000000,-3.15000000,-0.263497,0.163601,-0.023795,-0.036240,-0.300000,0.306513
14.360000,4.00000000,1.57000000,1.57000000,4.00000000,2.00000000,4.00000000,-3.15000000,-0.263497,0.163601,-0.023795,-0.036960,-0.300000,0.305265
14.380000,4.00000000,1.57000000,1.57000000,4.00000000,2.00000000,4.00000000,-3.15000000,-0.263497,0.163601,-0.023795,-0.037680,-0.300000,0.304018
14.400000,4.00000000,1.57000000,1.57000000,4.00000000,2.00000000,4.00000000,-3.15000000,-0.263497,0.163601,-0.023795,-0.038400,-0.300000,0.302771
14.420000,4.00000000,1.57000000,1.57000000,4.00000000,2.00000000,4.00000000,-3.15000000,-0.263497,0.163601,-0.023795,-0.039120,-0.300000,0.301524
14.440000,4.00000000,1.57000000,1.57000000,4.00000000,2.00000000,4.00000000,-3.15000000,-0.263497,0.163601,-0.023795,-0.039840,-0.300000,0.300277
14.460000,4.00000000,1.57000000,1.57000000,4.00000000,2.00000000,4.00000000,-3.15000000,-0.263497,0.163601,-0.023795,-0.040560,-0.300000,0.299030
14.480000,4.00000000,1.57000000,1.57000000,4.00000000,2.00000000,4.00000000,-3.15000000,-0.263497,0.163601,-0.023795,-0.041280,-0.300000,0.297783
14.500000,4.00000000,1.57000000,1.57000000,4.00000000,2.00000000,4.00000000,-3.15000000,-0.263497,0.163601,-0.023795,-0.042000,-0.300000,0.296536
14.520000,4.00000000,1.57000000,1.57000000,4.00000000,2.00000000,4.00000000,-3.15000000,-0.263497,0.163601,-0.023795,-0.042720,-0.300000,0.295289
14.540000,4.00000000,1.57000000,1.57000000,4.00000000,2.00000000,4.00000000,-3.15000000,-0.263497,0.163601,-0.023795,-0.043440,-0.300000,0.294042
14.560000,4.00000000,1.57000000,1.57000000,4.00000000,2.00000000,4.00000000,-3.15000000,-0.263497,0.163601,-0.023795,-0.044160,-0.300000,0.292795
14.580000,4.00000000,1.57000000,1.57000000,4.00000000,2.00000000,4.00000000,-3.15000000,-0.263497,0.163601,-0.023795,-0.044880,-0.300000,0.291548
14.600000,4.00000000,1.57000000,1.57000000,4.00000000,2.00000000,4.00000000,-3.15000000,-0.263497,0.163601,-0.023795,-0.045600,-0.300000,0.290301
14.620000,4.00000000,1.57000000,1.57000000,4.00000000,2.00000000,4.00000000,-3.15000000,-0.263497,0.163601,-0.023795,-0.046320,-0.300000,0.289053
14.640000,4.00000000,1.57000000,1.57000000,4.00000000,2.00000000,4.00000000,-3.15000000,-0.263497,0.163601,-0.023795,-0.047040,-0.300000,0.287806
14.660000,4.00000000,1.57000000,1.57000000,4.00000000,2.00000000,4.00000000,-3.15000000,-0.263497,0.163601,-0.023795,-0.047760,-0.300000,0.286559
14.680000,4.00000000,1.57000000,1.57000000,4.00000000,2.00000000,4.00000000,-3.15000000,-0.263497,0.163601,-0.023795,-0.048480,-0.300000,0.285312
14.700000,4.00000000,1.57000000,1.57000000,4.00000000,2.00000000,4.00000000,-3.15000000,-0.263497,0.163601,-0.023795,-0.049200,-0.300000,0.284065
14.720000,4.00000000,1.57000000,1.57000000,4.00000000,2.00000000,4.00000000,-3.15000000,-0.263497,0.163601,-0.023795,-0.049920,-0.300000,0.282818
14.740000,4.00000000,1.57000000,1.57000000,4.00000000,2.00000000,4.00000000,-3.15000000,-0.263497,0.163601,-0.023795,-0.050640,-0.300000,0.281571
14.760000,4.00000000,1.57000000,1.57000000,4.00000000,2.00000000,4.00000000,-3.15000000,-0.263497,0.163601,-0.023795,-0.051360,-0.300000,0.280324
14.780000,4.00000000,1.57000000,1.57000000,4.00000000,2.00000000,4.00000000,-3.15000000,-0.263497,0.163601,-0.023795,-0.052080,-0.300000,0.279077
14.800000,4.00000000,1.57000000,1.57000000,4.00000000,2.00000000,4.00000000,-3.15000000,-0.263497,0.163601,-0.023795,-0.052800,-0.300000,0.277830
14.820000,4.00000000,1.57000000,1.57000000,4.00000000,2.00000000,4.00000000,-3.15000000,-0.263497,0.163601,-0.023795,-0.053520,-0.300000,0.276583
14.840000,4.00000000,1.57000000,1.57000000,4.00000000,2.00000000,4.00000000,-3.15000000,-0.263497,0.163601,-0.023795,-0.054240,-0.300000,0.275336
14.860000,4.00000000,1.57000000,1.57000000,4.00000000,2.00000000,4.00000000,-3.15000000,-0.263497,0.163601,-0.023795,-0.054960,-0.300000,0.274089
14.880000,4.00000000,1.57000000,1.57000000,4.00000000,2.00000000,4.00000000,-3.15000000,-0.263497,0.163601,-0.023795,-0.055680,-0.300000,0.272841
14.900000,4.00000000,1.57000000,1.57000000,4.00000000,2.00000000,4.00000000,-3.15000000,-0.263497,0.163601,-0.023795,-0.056400,-0.300000,0.271594
14.920000,4.00000000,1.57000000,1.57000000,4.00000000,2.00000000,4.00000000,-3.15000000,-0.263497,0.163601,-0.023795,-0.057120,-0.300000,0.270347
14.940000,4.00000000,1.57000000,1.57000000,4.00000000,2.00000000,4.00000000,-3.15000000,-0.263497,0.163601,-0.023795,-0.057840,-0.300000,0.269100
14.960000,4.00000000,1.57000000,1.57000000,4.00000000,2.00000000,4.00000000,-3.15000000,-0.263497,0.163601,-0.023795,-0.058560,-0.300000,0.267853
14.980000,4.00000000,1.57000000,1.57000000,4.00000000,2.00000000,4.00000000,-3.15000000,-0.263497,0.163601,-0.023795,-0.059280,-0.300000,0.266606
15.000000,2.15022654,1.57000000,-1.08579330,-4.00000000,-2.00000000,-2.24556905,-3.15000000,-0.055608,-0.081930,0.040746,-0.300000,0.274853,0.355000
15.020000,-4.00000000,1.57000000,0.39882973,-1.54701139,-2.00000000,-4.00000000,3.15000000,-0.400131,-0.077808,-0.041534,-0.300000,0.274388,0.349991
15.040000,3.98415012,-3.14000000,1.57000000,0.33437287,1.59262421,-4.00000000,3.15000000,0.242928,-0.340247,0.098356,-0.300000,0.273922,0.344982
15.060000,-2.08410150,-3.14000000,1.57000000,4.00000000,-2.00000000,-4.00000000,-3.15000000,0.277771,-0.326033,0.040081,-0.300000,0.273456,0.339974
15.080000,2.07301488,-3.14000000,0.49330508,-1.38652539,-2.00000000,-0.18085574,-2.23349467,0.122944,0.385747,0.142389,-0.300000,0.272990,0.334965
15.100000,4.00000000,1.57000000,-0.05194674,-4.00000000,-2.00000000,4.00000000,-0.03722761,-0.082554,0.048715,-0.145692,-0.300000,0.272524,0.329956
15.120000,-2.90676937,-3.14000000,1.57000000,-1.50241744,1.33546721,-2.78857331,-0.79833174,0.009837,-0.136201,0.379399,-0.300000,0.272058,0.324947
15.140000,3.86807987,-3.14000000,-1.57000000,4.00000000,-2.00000000,-3.10320698,3.15000000,-0.051863,-0.155322,-0.016056,-0.300000,0.271593,0.319939
15.160000,2.09669105,-0.65245322,-1.57000000,-1.08447979,2.00000000,-2.22274295,3.15000000,0.124206,-0.230173,-0.022360,-0.300000,0.271127,0.314930
15.180000,-2.90594759,1.57000000,-1.57000000,1.66837471,-0.07139985,-4.00000000,-1.33808590,0.190018,0.052743,-0.130866,-0.300000,0.270661,0.309921
15.200000,2.35350563,1.57000000,-1.57000000,-4.00000000,-1.22567704,3.61289901,-3.15000000,0.062437,-0.049655,0.072382,-0.300000,0.270195,0.304912
15.220000,3.30327584,-3.14000000,1.57000000,-1.16715066,-2.00000000,-4.00000000,3.15000000,0.326810,-0.006719,0.306576,-0.300000,0.269729,0.299904
15.240000,-3.41612779,-3.14000000,1.57000000,-2.15156805,2.00000000,4.00000000,-2.16665482,0.019131,0.149806,0.273535,-0.300000,0.269264,0.294895
15.260000,4.00000000,-3.14000000,-1.57000000,4.00000000,-2.00000000,-4.00000000,3.15000000,-0.068596,-0.131703,-0.051663,-0.300000,0.268798,0.289886
15.280000,4.00000000,-3.14000000,-1.57000000,-4.00000000,2.00000000,-4.00000000,2.65523086,-0.051796,-0.016443,0.155421,-0.300000,0.268332,0.284877
15.300000,3.49491279,1.57000000,-1.57000000,-4.00000000,2.00000000,3.90624434,3.15000000,-0.027324,0.196218,-0.178099,-0.300000,0.267866,0.279869
15.320000,4.00000000,-3.14000000,0.49875394,2.13357923,-2.00000000,-4.00000000,2.96218752,-0.041579,-0.171881,0.054298,-0.300000,0.267400,0.274860
15.340000,4.00000000,1.57000000,1.49446865,-3.40734669,2.00000000,-4.00000000,3.15000000,-0.221369,0.084494,0.112578,-0.300000,0.266109,0.277012
15.360000,-4.00000000,1.57000000,0.89894912,3.18720913,2.00000000,0.42752064,-3.15000000,-0.264348,0.061336,-0.140128,-0.300000,0.264516,0.281784
15.380000,4.00000000,-3.14000000,1.57000000,-4.00000000,1.29143688,2.55627120,-0.18287909,0.276010,-0.201826,0.343492,-0.300000,0.262923,0.286555
15.400000,-4.00000000,-3.14000000,0.28204570,4.00000000,-2.00000000,-4.00000000,3.15000000,0.038683,0.208857,0.345802,-0.300000,0.261330,0.291327
15.420000,-4.00000000,-3.14000000,0.30419603,4.00000000,-2.00000000,-4.00000000,3.15000000,0.043117,0.209926,0.346725,-0.300000,0.259737,0.296098
15.440000,-4.00000000,-3.14000000,0.32634867,4.00000000,-2.00000000,-4.00000000,3.15000000,0.047581,0.210921,0.347584,-0.300000,0.258144,0.300870
15.460000,-4.00000000,-3.14000000,0.34850354,4.00000000,-2.00000000,-4.00000000,3.15000000,0.052073,0.211841,0.348379,-0.300000,0.256551,0.305641
15.480000,-4.00000000,-3.14000000,0.37066056,4.00000000,-2.00000000,-4.00000000,3.15000000,0.056592,0.212685,0.349108,-0.300000,0.254959,0.310413
15.500000,-4.00000000,-3.14000000,0.39281964,4.00000000,-2.00000000,-4.00000000,3.15000000,0.061135,0.213454,0.349772,-0.300000,0.253366,0.315184
15.520000,-4.00000000,-3.14000000,0.41498069,4.00000000,-2.00000000,-4.00000000,3.15000000,0.065699,0.214146,0.350369,-0.300000,0.251773,0.319956
15.540000,-4.00000000,-3.14000000,0.43714363,4.00000000,-2.00000000,-4.00000000,3.15000000,0.070283,0.214761,0.350901,-0.300000,0.250180,0.324727
15.560000,-4.00000000,-3.14000000,0.47506432,4.00000000,-2.00000000,-4.00000000,3.15000000,0.078164,0.215635,0.351656,-0.300000,0.248587,0.323464
15.580000,-4.00000000,-3.14000000,0.52214458,4.00000000,-2.00000000,-4.00000000,3.15000000,0.088001,0.216405,0.352321,-0.300000,0.246994,0.318693
15.600000,-4.00000000,-3.14000000,0.56922434,4.00000000,-2.00000000,-4.00000000,3.14677636,0.097875,0.216824,0.352682,-0.300000,0.245401,0.313921
15.620000,-4.00000000,-3.14000000,0.61630354,4.00000000,-2.00000000,-4.00000000,3.13982605,0.107763,0.216890,0.352740,-0.300000,0.243808,0.309150
15.640000,-4.00000000,-3.14000000,0.60826641,4.00000000,-2.00000000,-4.00000000,3.15000000,0.106075,0.216904,0.352751,-0.300000,0.242215,0.304378
15.660000,-4.00000000,-3.14000000,1.16130910,4.00000000,-2.00000000,-4.00000000,3.15000000,0.216210,0.192651,0.331805,-0.300000,0.240622,0.299607
15.680000,-4.00000000,-3.14000000,0.75753699,4.00000000,-2.00000000,-4.00000000,3.11897478,0.137300,0.214979,0.351089,-0.300000,0.239029,0.294835
15.700000,-4.00000000,-3.14000000,1.48614419,4.00000000,-2.00000000,-4.00000000,3.15000000,0.267192,0.158668,0.302454,-0.300000,0.237436,0.290064
15.720000,-4.00000000,-3.14000000,1.31580967,4.00000000,-2.00000000,-4.00000000,3.15000000,0.242276,0.178058,0.319201,-0.300000,0.235843,0.285292
15.740000,-4.00000000,-3.14000000,1.30049498,4.00000000,-2.00000000,-4.00000000,3.15000000,0.239829,0.179638,0.320566,-0.300000,0.234250,0.280521
15.760000,-4.00000000,-3.14000000,1.32932576,4.00000000,-2.00000000,-4.00000000,3.15000000,0.244409,0.176639,0.317976,-0.300000,0.232657,0.275749
15.780000,-4.00000000,-3.14000000,1.28572229,4.00000000,-2.00000000,-4.00000000,3.15000000,0.237438,0.181136,0.321859,-0.300000,0.231665,0.276186
15.800000,-4.00000000,-3.14000000,1.31241255,4.00000000,-2.00000000,-4.00000000,3.15000000,0.241736,0.178411,0.319506,-0.300000,0.231199,0.281195
15.820000,-4.00000000,-3.14000000,1.29336468,4.00000000,-2.00000000,-4.00000000,3.15000000,0.238679,0.180364,0.321193,-0.300000,0.230733,0.286203
15.840000,-4.00000000,-3.14000000,1.24732308,4.00000000,-2.00000000,-4.00000000,3.15000000,0.231091,0.184902,0.325112,-0.300000,0.230267,0.291212
15.860000,-4.00000000,-3.14000000,1.33255842,4.00000000,-2.00000000,-4.00000000,3.15000000,0.244915,0.176297,0.317680,-0.300000,0.229801,0.296221
15.880000,-4.00000000,-3.14000000,1.41481645,4.00000000,-2.00000000,-4.00000000,3.15000000,0.257292,0.167177,0.309803,-0.300000,0.229335,0.301230
15.900000,-4.00000000,-3.14000000,1.42538520,4.00000000,-2.00000000,-4.00000000,3.15000000,0.258809,0.165950,0.308743,-0.300000,0.228870,0.306238
15.920000,-4.00000000,-3.14000000,1.44427728,4.00000000,-2.00000000,-4.00000000,3.15000000,0.261478,0.163727,0.306823,-0.300000,0.228404,0.311247
15.940000,-4.00000000,-3.14000000,0.98556351,4.00000000,-2.00000000,-4.00000000,3.15000000,0.183367,0.205333,0.342758,-0.300000,0.227938,0.316256
15.960000,-4.00000000,-3.14000000,1.38975671,4.00000000,-2.00000000,-4.00000000,3.15000000,0.253627,0.170036,0.312273,-0.300000,0.227472,0.321265
15.980000,-4.00000000,-3.14000000,1.05346955,4.00000000,-2.00000000,-4.00000000,3.15000000,0.196402,0.200953,0.338975,-0.300000,0.227006,0.326273
16.000000,-4.00000000,-3.14000000,1.16965816,4.00000000,-2.00000000,-4.00000000,3.11512956,0.217692,0.191942,0.331192,-0.300000,0.226541,0.331282
16.020000,-4.00000000,-3.14000000,0.90976247,4.00000000,-2.00000000,-4.00000000,3.15000000,0.168391,0.209420,0.346288,-0.300000,0.226075,0.336291
16.040000,-4.00000000,-3.14000000,0.88033386,4.00000000,-2.00000000,-4.00000000,3.15000000,0.162473,0.210773,0.347456,-0.300000,0.225609,0.341300
16.060000,-4.00000000,-3.14000000,1.29569454,4.00000000,-2.00000000,-4.00000000,3.15000000,0.239055,0.180128,0.320989,-0.300000,0.225143,0.346309
16.080000,-4.00000000,-3.14000000,1.28455128,4.00000000,-2.00000000,-4.00000000,3.15000000,0.237248,0.181253,0.321961,-0.300000,0.224677,0.351317
16.100000,-4.00000000,-3.14000000,1.26743404,4.00000000,-2.00000000,-4.00000000,3.15000000,0.234439,0.182953,0.323428,-0.300000,0.223658,0.353853
16.120000,-4.00000000,-3.14000000,1.28847351,4.00000000,-2.00000000,-4.00000000,3.15000000,0.237886,0.180859,0.321620,-0.300000,0.221102,0.349520
16.140000,-4.00000000,-3.14000000,1.27991939,4.00000000,-2.00000000,-4.00000000,3.15000000,0.236491,0.181717,0.322361,-0.300000,0.218546,0.345188
16.160000,-4.00000000,-3.14000000,1.20728529,4.00000000,-2.00000000,-4.00000000,3.15000000,0.224274,0.188630,0.328331,-0.300000,0.215990,0.340855
16.180000,-4.00000000,-3.14000000,1.18112401,4.00000000,-2.00000000,-4.00000000,3.15000000,0.219715,0.190952,0.330338,-0.300000,0.213433,0.336523
16.200000,-4.00000000,-3.14000000,-1.02033502,1.88018954,2.00000000,-2.72571734,2.46401794,-0.126335,0.200794,0.073764,-0.300000,0.210877,0.332190
16.220000,-4.00000000,-3.14000000,-1.11623386,2.15787919,2.00000000,3.30425601,-3.15000000,-0.095558,0.202477,0.027570,-0.300000,0.208321,0.327858
16.240000,1.89432718,-1.36451936,-0.60780916,-0.03590759,-2.00000000,-4.00000000,1.06059643,0.384246,0.079576,-0.143087,-0.300000,0.205765,0.323525
16.260000,2.36875203,-3.14000000,1.57000000,4.00000000,-2.00000000,-2.11960790,-1.58648489,0.263003,0.100121,0.255012,-0.300000,0.203209,0.319193
16.280000,-1.07515704,-3.14000000,-1.57000000,4.00000000,1.94700056,4.00000000,3.15000000,0.180952,-0.092737,0.052588,-0.300000,0.200652,0.314860
16.300000,4.00000000,0.26979274,1.57000000,-1.70049673,-2.00000000,0.42628693,3.15000000,-0.207474,0.270610,-0.219717,-0.300000,0.198096,0.310528
16.320000,-1.88767171,1.57000000,-1.57000000,4.00000000,-2.00000000,-4.00000000,-1.05596848,-0.025271,0.186439,-0.192883,-0.300000,0.195540,0.306195
16.340000,-4.00000000,1.57000000,-1.57000000,2.14381751,1.37856816,-4.00000000,3.15000000,0.026652,-0.124937,-0.250829,-0.300000,0.192984,0.301863
16.360000,-2.60852824,1.57000000,-0.77379831,-4.00000000,2.00000000,-4.00000000,3.15000000,-0.206498,0.206049,-0.138900,-0.300000,0.190428,0.297530
16.380000,-4.00000000,-3.06147797,-1.57000000,-4.00000000,2.00000000,-4.00000000,3.15000000,-0.037345,0.165010,0.001298,-0.300000,0.187872,0.293198
16.400000,2.97737551,1.57000000,-1.23450090,-4.00000000,-2.00000000,-4.00000000,2.84473967,-0.007251,-0.096936,-0.017150,-0.300000,0.185315,0.288865
16.420000,-4.00000000,-3.04096753,-1.57000000,2.15116186,-2.00000000,-4.00000000,-0.22649673,0.202441,-0.005782,0.092628,-0.300000,0.182759,0.284533
16.440000,-4.00000000,1.57000000,-1.48303304,4.00000000,2.00000000,0.54558472,-3.15000000,-0.063880,0.042364,-0.117664,-0.300000,0.180203,0.280200
16.460000,-0.41173472,-0.75660467,1.57000000,2.43044300,-2.00000000,1.30227487,-3.04237931,0.388824,0.248285,0.230316,-0.300000,0.177647,0.275868
16.480000,0.58813718,0.89611714,0.41207494,-1.69363061,-1.83027796,-4.00000000,-3.15000000,-0.272125,-0.197134,0.374730,-0.300000,0.176261,0.275821
16.500000,0.19533636,1.57000000,0.10522599,-1.39789388,2.00000000,2.47233657,3.15000000,-0.078597,0.022729,0.154267,-0.300000,0.176261,0.280852
16.520000,-2.72292629,1.57000000,-1.57000000,0.65791570,2.00000000,-2.68401333,-2.15600756,-0.035297,0.000771,-0.271409,-0.300000,0.176261,0.285882
16.540000,4.00000000,0.08102226,-1.57000000,-2.91409126,-2.00000000,-3.60240991,3.15000000,0.162699,0.050954,-0.260469,-0.300000,0.176261,0.290912
16.560000,3.41052653,-3.14000000,1.57000000,-0.93900253,1.80803993,4.00000000,-1.16292268,0.043645,-0.204299,0.292193,-0.300000,0.176261,0.295943
16.580000,3.84184781,1.57000000,-1.57000000,-0.89853786,2.00000000,-4.00000000,3.15000000,-0.073442,-0.062644,-0.091622,-0.300000,0.176261,0.300973
16.600000,-4.00000000,-3.14000000,0.49078172,-3.71045956,-2.00000000,-1.80888662,-1.35541138,0.039946,0.075913,0.217640,-0.300000,0.176261,0.306004
16.620000,2.89579196,-3.14000000,1.57000000,1.27332188,2.00000000,-4.00000000,3.15000000,0.309532,0.039809,0.253432,-0.300000,0.176261,0.311034
16.640000,2.89277301,-3.14000000,1.57000000,1.26674163,2.00000000,-4.00000000,3.15000000,0.309390,0.039670,0.253540,-0.300000,0.176261,0.316064
16.660000,2.88953960,-3.14000000,1.57000000,1.25980821,2.00000000,-4.00000000,3.15000000,0.309234,0.039539,0.253656,-0.300000,0.176261,0.321095
16.680000,2.88606980,-3.14000000,1.57000000,1.25248284,2.00000000,-4.00000000,3.15000000,0.309062,0.039417,0.253779,-0.300000,0.176261,0.326125
16.700000,2.88233761,-3.14000000,1.57000000,1.24471971,2.00000000,-4.00000000,3.15000000,0.308871,0.039304,0.253911,-0.300000,0.176261,0.331155
16.720000,2.87831189,-3.14000000,1.57000000,1.23646413,2.00000000,-4.00000000,3.15000000,0.308658,0.039202,0.254054,-0.300000,0.176261,0.336186
16.740000,2.87395488,-3.14000000,1.57000000,1.22764997,2.00000000,-4.00000000,3.15000000,0.308421,0.039112,0.254209,-0.300000,0.176261,0.341216
16.760000,2.86922011,-3.14000000,1.57000000,1.21819599,2.00000000,-4.00000000,3.15000000,0.308154,0.039036,0.254379,-0.300000,0.176261,0.346247
16.780000,2.86404929,-3.14000000,1.57000000,1.20800062,2.00000000,-4.00000000,3.15000000,0.307852,0.038975,0.254566,-0.300000,0.176261,0.351277
16.800000,2.86227335,-3.14000000,1.57000000,1.20084250,2.00000000,-4.00000000,3.15000000,0.307632,0.038464,0.254772,-0.300000,0.175571,0.353889
16.820000,2.87133900,-3.14000000,1.57000000,1.20423070,2.00000000,-4.00000000,3.15000000,0.307737,0.036610,0.254984,-0.300000,0.172917,0.349616
16.840000,2.88030801,-3.14000000,1.57000000,1.20728643,2.00000000,-4.00000000,3.15000000,0.307831,0.034735,0.255191,-0.300000,0.170263,0.345343
16.860000,2.88920226,-3.14000000,1.57000000,1.21004465,2.00000000,-4.00000000,3.15000000,0.307914,0.032838,0.255394,-0.300000,0.167610,0.341069
16.880000,2.89804037,-3.14000000,1.57000000,1.21253463,2.00000000,-4.00000000,3.15000000,0.307988,0.030918,0.255590,-0.300000,0.164956,0.336796
16.900000,2.90683837,-3.14000000,1.57000000,1.21478112,2.00000000,-4.00000000,3.15000000,0.308055,0.028975,0.255778,-0.300000,0.162302,0.332522
16.920000,2.91561027,-3.14000000,1.57000000,1.21680526,2.00000000,-4.00000000,3.15000000,0.308114,0.027007,0.255959,-0.300000,0.159648,0.328249
16.940000,2.92436841,-3.14000000,1.57000000,1.21862521,2.00000000,-4.00000000,3.15000000,0.308166,0.025014,0.256131,-0.300000,0.156995,0.323975
16.960000,2.93312374,-3.14000000,1.57000000,1.22025669,2.00000000,-4.00000000,3.15000000,0.308213,0.022994,0.256292,-0.300000,0.154341,0.319702
16.980000,2.94188610,-3.14000000,1.57000000,1.22171341,2.00000000,-4.00000000,3.15000000,0.308255,0.020948,0.256443,-0.300000,0.151687,0.315429
17.000000,2.95066440,-3.14000000,1.57000000,1.22300737,2.00000000,-4.00000000,3.15000000,0.308291,0.018875,0.256583,-0.300000,0.149033,0.311155
17.020000,2.95946674,-3.14000000,1.57000000,1.22414914,2.00000000,-4.00000000,3.15000000,0.308324,0.016774,0.256710,-0.300000,0.146379,0.306882
17.040000,2.96830058,-3.14000000,1.57000000,1.22514806,2.00000000,-4.00000000,3.15000000,0.308351,0.014644,0.256824,-0.300000,0.143726,0.302608
17.060000,2.97717279,-3.14000000,1.57000000,1.22601240,2.00000000,-4.00000000,3.15000000,0.308376,0.012484,0.256924,-0.300000,0.141072,0.298335
17.080000,2.98608978,-3.14000000,1.57000000,1.22674954,2.00000000,-4.00000000,3.15000000,0.308396,0.010295,0.257009,-0.300000,0.138418,0.294062
17.100000,2.95246004,-3.14000000,1.57000000,1.18114245,1.74337811,-4.00000000,3.15000000,0.324795,0.012832,0.297434,-0.300000,0.135764,0.289788
17.120000,-0.70631994,-1.64873550,-1.57000000,1.06441256,-2.00000000,0.46302958,-3.15000000,0.250388,0.058679,0.140580,-0.300000,0.133110,0.285515
17.140000,1.04878878,0.78945526,0.64357417,-1.92060083,2.00000000,-2.51894713,-2.27670033,0.040083,-0.307286,0.144442,-0.300000,0.130457,0.281241
17.160000,-4.00000000,-3.14000000,0.94828349,0.31753892,-0.14607664,1.99789044,3.15000000,-0.027620,0.377626,0.332232,-0.300000,0.127803,0.276968
17.180000,-0.52960061,1.57000000,0.35099440,4.00000000,2.00000000,-2.53405612,-3.15000000,-0.111262,0.028110,0.211767,-0.300000,0.125661,0.274489
17.200000,4.00000000,1.57000000,-1.57000000,4.00000000,-2.00000000,-4.00000000,3.15000000,-0.025271,0.097731,-0.249823,-0.300000,0.125661,0.279519
17.220000,-0.91782410,-3.14000000,1.57000000,3.46799680,-0.06346793,-4.00000000,3.15000000,0.142654,-0.415943,-0.310425,-0.300000,0.125661,0.284549
17.240000,3.64318690,1.57000000,1.57000000,3.41051335,2.00000000,-4.00000000,3.15000000,-0.215453,0.141795,0.009747,-0.300000,0.125661,0.289580
17.260000,3.08299245,1.57000000,-1.57000000,-4.00000000,-2.00000000,4.00000000,-1.47828531,-0.073442,-0.078637,-0.001434,-0.300000,0.125661,0.294610
17.280000,0.07500967,-3.14000000,-1.28933900,0.82260371,-2.00000000,-4.00000000,3.15000000,0.112192,-0.120418,-0.067581,-0.300000,0.125661,0.299640
17.300000,3.00358148,-3.14000000,1.57000000,1.18879227,2.00000000,-4.00000000,3.15000000,0.307244,0.000532,0.257882,-0.300000,0.125661,0.304671
17.320000,2.99864664,-3.14000000,1.57000000,1.18105986,2.00000000,-4.00000000,3.15000000,0.306985,0.000738,0.258030,-0.300000,0.125661,0.309701
17.340000,2.99345286,-3.14000000,1.57000000,1.17286286,2.00000000,-4.00000000,3.15000000,0.306701,0.000950,0.258191,-0.300000,0.125661,0.314732
17.360000,2.98796769,-3.14000000,1.57000000,1.16414556,2.00000000,-4.00000000,3.15000000,0.306389,0.001171,0.258368,-0.300000,0.125661,0.319762
17.380000,2.98215204,-3.14000000,1.57000000,1.15484089,2.00000000,-4.00000000,3.15000000,0.306044,0.001402,0.258561,-0.300000,0.125661,0.324792
17.400000,2.97595818,-3.14000000,1.57000000,1.14486698,2.00000000,-4.00000000,3.15000000,0.305660,0.001644,0.258775,-0.300000,0.125661,0.329823
17.420000,2.98038880,-3.14000000,1.57000000,1.15200803,2.00000000,-4.00000000,3.15000000,0.305936,0.001471,0.258621,-0.300000,0.125661,0.326258
17.440000,2.98630927,-3.14000000,1.57000000,1.16149847,2.00000000,-4.00000000,3.15000000,0.306292,0.001237,0.258422,-0.300000,0.125661,0.321228
17.460000,2.99000283,-3.14000000,1.57000000,1.16109514,2.00000000,-4.00000000,3.15000000,0.306277,0.000227,0.258433,-0.300000,0.124402,0.320059
17.480000,2.99070070,-3.14000000,1.57000000,1.14747971,2.00000000,-4.00000000,3.15000000,0.305762,-0.001814,0.258717,-0.300000,0.121438,0.324123
17.500000,2.99086416,-3.14000000,1.57000000,1.13313454,2.00000000,-4.00000000,3.15000000,0.305192,-0.003810,0.259014,-0.300000,0.118473,0.328187
17.520000,2.99058522,-3.14000000,1.57000000,1.11802946,2.00000000,-4.00000000,3.15000000,0.304562,-0.005785,0.259327,-0.300000,0.115475,0.332185
17.540000,2.99918901,-3.14000000,1.57000000,1.10703196,2.00000000,-4.00000000,3.15000000,0.304083,-0.009503,0.259481,-0.300000,0.110445,0.332185
17.560000,3.00769767,-3.14000000,1.57000000,1.09590129,2.00000000,-4.00000000,3.15000000,0.303582,-0.013211,0.259593,-0.300000,0.105414,0.332185
17.580000,3.01610350,-3.14000000,1.57000000,1.08462843,2.00000000,-4.00000000,3.15000000,0.303057,-0.016909,0.259665,-0.300000,0.100384,0.332185
17.600000,3.02591839,-3.14000000,1.57000000,1.08170445,2.00000000,-4.00000000,3.15000000,0.302918,-0.019850,0.259532,-0.300000,0.096665,0.329973
17.620000,3.03707557,-3.14000000,1.57000000,1.08681344,2.00000000,-4.00000000,3.15000000,0.303160,-0.022057,0.259222,-0.300000,0.094251,0.325559
17.640000,3.04807537,-3.14000000,1.57000000,1.09146199,2.00000000,-4.00000000,3.15000000,0.303377,-0.024279,0.258905,-0.300000,0.091837,0.321146
17.660000,3.05769070,-3.14000000,1.57000000,1.09800827,2.00000000,-4.00000000,3.15000000,0.303678,-0.025882,0.258585,-0.300000,0.090298,0.316509
17.680000,3.06478982,-3.14000000,1.57000000,1.10799917,2.00000000,-4.00000000,3.15000000,0.304126,-0.026361,0.258290,-0.300000,0.090298,0.311479
17.700000,3.07153484,-3.14000000,1.57000000,1.11734070,2.00000000,-4.00000000,3.15000000,0.304532,-0.026830,0.258016,-0.300000,0.090298,0.306449
17.720000,3.07797029,-3.14000000,1.57000000,1.12610792,2.00000000,-4.00000000,3.15000000,0.304903,-0.027291,0.257762,-0.300000,0.090298,0.301418
17.740000,3.08413305,-3.14000000,1.57000000,1.13436296,2.00000000,-4.00000000,3.15000000,0.305242,-0.027748,0.257523,-0.300000,0.090298,0.296388
17.760000,3.09005407,-3.14000000,1.57000000,1.14215787,2.00000000,-4.00000000,3.15000000,0.305554,-0.028200,0.257299,-0.300000,0.090298,0.291357
17.780000,3.09575968,-3.14000000,1.57000000,1.14953676,2.00000000,-4.00000000,3.15000000,0.305842,-0.028651,0.257087,-0.300000,0.090298,0.286327
17.800000,3.09133065,-3.14000000,1.57000000,1.13791337,1.82945966,-4.00000000,3.15000000,0.318020,-0.033658,0.282962,-0.300000,0.090298,0.281297
17.820000,-3.85885044,1.57000000,-0.77091407,-0.99525597,2.00000000,1.84321680,-3.14382267,-0.064346,-0.113491,-0.002168,-0.300000,0.090298,0.276266
17.840000,4.00000000,0.43683952,1.57000000,2.86793677,-2.00000000,-1.90115667,-3.10989728,-0.042864,0.171523,-0.324014,-0.300000,0.088015,0.273519
17.860000,4.00000000,1.57000000,-1.57000000,1.72254699,-2.00000000,-2.24784439,2.56208104,-0.074162,-0.013850,0.007821,-0.300000,0.082985,0.273519
17.880000,-0.76160626,-1.20794281,-1.57000000,-4.00000000,2.00000000,0.02047987,3.15000000,0.320499,-0.099213,-0.002484,-0.300000,0.077954,0.273519
17.900000,-4.00000000,1.57000000,-1.57000000,0.85166050,2.00000000,4.00000000,-3.15000000,-0.025271,-0.261525,-0.101991,-0.300000,0.072924,0.273519
17.920000,-4.00000000,1.57000000,1.57000000,3.95262214,-1.03356817,-4.00000000,-2.55038809,-0.418403,-0.010946,0.132621,-0.300000,0.067894,0.273519
17.940000,0.37762305,1.57000000,1.57000000,-4.00000000,-2.00000000,-2.21775826,2.24240815,-0.214047,0.029173,0.141729,-0.300000,0.062863,0.273519
17.960000,-2.90791770,-3.14000000,1.57000000,3.49691286,-2.00000000,-1.55351972,3.15000000,0.217798,-0.184618,0.210820,-0.300000,0.057833,0.273519
17.980000,4.00000000,1.57000000,-1.57000000,-0.58924967,0.42399321,4.00000000,-1.56412199,0.184578,0.057381,-0.117238,-0.300000,0.052802,0.273519
18.000000,-3.87619865,-3.14000000,1.57000000,0.78260459,2.00000000,-4.00000000,3.15000000,0.282855,0.106431,0.248193,-0.300000,0.047772,0.273519
18.020000,-3.19916677,-3.14000000,1.57000000,1.05100037,2.00000000,-4.00000000,3.15000000,0.301389,-0.039007,0.258180,-0.300000,0.042742,0.273519
18.040000,-3.06575265,-3.14000000,1.57000000,1.06120873,1.93738226,-4.00000000,3.15000000,0.306811,-0.075051,0.259617,-0.300000,0.037711,0.273519
18.060000,-3.06638008,-3.14000000,1.57000000,1.04284780,1.92282411,-4.00000000,3.15000000,0.306867,-0.078201,0.261575,-0.300000,0.032681,0.273519
18.080000,-3.04203355,-3.14000000,1.57000000,1.04762160,2.00000000,-4.00000000,3.15000000,0.301213,-0.079377,0.248851,-0.300000,0.027651,0.273519
18.100000,-3.03222990,-3.14000000,1.57000000,1.03733846,2.00000000,-4.00000000,3.15000000,0.300668,-0.083174,0.247911,-0.300000,0.022620,0.273519
18.120000,-3.02256876,-3.14000000,1.57000000,1.02692096,2.00000000,-4.00000000,3.15000000,0.300102,-0.086937,0.246933,-0.300000,0.017590,0.273519
18.140000,-3.02886113,-3.14000000,1.57000000,1.01789683,2.00000000,-4.00000000,3.15000000,0.299600,-0.086566,0.247341,-0.300000,0.016964,0.277924
18.160000,-3.03765715,-3.14000000,1.57000000,1.00856470,2.00000000,-4.00000000,3.15000000,0.299069,-0.085609,0.247966,-0.300000,0.016964,0.282954
18.180000,-3.04675801,-3.14000000,1.57000000,0.99862070,2.00000000,-4.00000000,3.15000000,0.298491,-0.084646,0.248612,-0.300000,0.016964,0.287984
18.200000,-3.05621053,-3.14000000,1.57000000,0.98798919,2.00000000,-4.00000000,3.15000000,0.297859,-0.083674,0.249283,-0.300000,0.016964,0.293015
18.220000,-3.06607151,-3.14000000,1.57000000,0.97657810,2.00000000,-4.00000000,3.15000000,0.297164,-0.082688,0.249985,-0.300000,0.016964,0.298045
18.240000,-3.07641111,-3.14000000,1.57000000,0.96427347,2.00000000,-4.00000000,3.15000000,0.296396,-0.081683,0.250724,-0.300000,0.016964,0.303075
18.260000,-3.08731775,-3.14000000,1.57000000,0.95093155,2.00000000,-4.00000000,3.15000000,0.295541,-0.080652,0.251508,-0.300000,0.016964,0.308106
18.280000,-3.09890562,-3.14000000,1.57000000,0.93636662,2.00000000,-4.00000000,3.15000000,0.294581,-0.079585,0.252347,-0.300000,0.016964,0.313136
18.300000,-3.11132665,-3.14000000,1.57000000,0.92033176,2.00000000,-4.00000000,3.15000000,0.293494,-0.078468,0.253256,-0.300000,0.016964,0.318167
18.320000,-3.12479071,-3.14000000,1.57000000,0.90248635,2.00000000,-4.00000000,3.15000000,0.292246,-0.077284,0.254253,-0.300000,0.016964,0.323197
18.340000,-3.13960216,-3.14000000,1.57000000,0.88233741,2.00000000,-4.00000000,3.15000000,0.290789,-0.076004,0.255366,-0.300000,0.016964,0.328227
18.360000,-3.15623265,-3.14000000,1.57000000,0.85912314,2.00000000,-4.00000000,3.15000000,0.289049,-0.074582,0.256637,-0.300000,0.016964,0.333258
18.380000,-3.17548670,-3.14000000,1.57000000,0.83154843,2.00000000,-4.00000000,3.15000000,0.286897,-0.072941,0.258139,-0.300000,0.016964,0.338288
18.400000,-3.19896537,-3.14000000,1.57000000,0.79704624,2.00000000,-4.00000000,3.15000000,0.284077,-0.070916,0.260016,-0.300000,0.016964,0.343318
18.420000,-3.23097542,-3.14000000,1.57000000,0.74874439,2.00000000,-4.00000000,3.15000000,0.279897,-0.068055,0.262648,-0.300000,0.016964,0.348349
18.440000,-3.33811595,-3.14000000,1.57000000,0.57911536,2.00000000,-4.00000000,3.15000000,0.263216,-0.056886,0.271879,-0.300000,0.016964,0.353379
18.460000,-3.26516094,-3.14000000,1.57000000,0.69597989,2.00000000,-4.00000000,3.15000000,0.275033,-0.064784,0.265538,-0.300000,0.016964,0.351590
18.480000,-3.21804425,-3.14000000,1.57000000,0.76841038,2.00000000,-4.00000000,3.15000000,0.281631,-0.069229,0.261575,-0.300000,0.016964,0.346560
18.500000,-3.18996567,-3.14000000,1.57000000,0.81037548,2.00000000,-4.00000000,3.15000000,0.285183,-0.071697,0.259291,-0.300000,0.016964,0.341530
18.520000,-3.16826505,-3.14000000,1.57000000,0.84197295,2.00000000,-4.00000000,3.15000000,0.287721,-0.073557,0.257572,-0.300000,0.016964,0.336499
18.540000,-3.15006990,-3.14000000,1.57000000,0.86779468,2.00000000,-4.00000000,3.15000000,0.289707,-0.075108,0.256163,-0.300000,0.016964,0.331469
18.560000,-3.13415590,-3.14000000,1.57000000,0.88980659,2.00000000,-4.00000000,3.15000000,0.291335,-0.076472,0.254954,-0.300000,0.016964,0.326438
18.580000,-3.12516995,-3.14000000,1.57000000,0.90565739,2.00000000,-4.00000000,3.15000000,0.292471,-0.076793,0.254288,-0.300000,0.017786,0.322976
18.600000,-3.13815172,-3.14000000,1.57000000,0.90669054,2.00000000,-4.00000000,3.15000000,0.292544,-0.073356,0.255264,-0.300000,0.021924,0.325836
18.620000,-3.15119479,-3.14000000,1.57000000,0.90748042,2.00000000,-4.00000000,3.15000000,0.292599,-0.069922,0.256198,-0.300000,0.026062,0.328696
18.640000,-3.16431042,-3.14000000,1.57000000,0.90800679,2.00000000,-4.00000000,3.15000000,0.292636,-0.066490,0.257092,-0.300000,0.030200,0.331557
18.660000,-3.17751219,-3.14000000,1.57000000,0.90824562,2.00000000,-4.00000000,3.15000000,0.292653,-0.063061,0.257946,-0.300000,0.034338,0.334417
18.680000,-3.17431552,-3.14000000,1.57000000,0.93072370,2.00000000,-4.00000000,3.15000000,0.294203,-0.061061,0.257649,-0.300000,0.038271,0.331706
18.700000,-3.17111026,-3.14000000,1.57000000,0.95303172,2.00000000,-4.00000000,3.15000000,0.295677,-0.059051,0.257367,-0.300000,0.042186,0.328549
18.720000,-3.16902684,-3.14000000,1.57000000,0.97368415,2.00000000,-4.00000000,3.15000000,0.296985,-0.056932,0.257170,-0.300000,0.046102,0.325391
18.740000,-3.16738790,-3.14000000,1.57000000,0.99279860,2.00000000,-4.00000000,3.15000000,0.298147,-0.054873,0.257011,-0.300000,0.049830,0.322131
18.760000,-3.15800441,-3.14000000,1.57000000,1.00773027,2.00000000,-4.00000000,3.15000000,0.299021,-0.055329,0.256452,-0.300000,0.050347,0.317127
18.780000,-3.14932322,-3.14000000,1.57000000,1.02145313,2.00000000,-4.00000000,3.15000000,0.299799,-0.055747,0.255948,-0.300000,0.050864,0.312123
18.800000,-3.14123284,-3.14000000,1.57000000,1.03415230,2.00000000,-4.00000000,3.15000000,0.300497,-0.056134,0.255488,-0.300000,0.051381,0.307120
18.820000,-3.13364724,-3.14000000,1.57000000,1.04597098,2.00000000,-4.00000000,3.15000000,0.301127,-0.056498,0.255067,-0.300000,0.051898,0.302116
18.840000,-3.12598583,-3.14000000,1.57000000,1.05636585,2.00000000,-4.00000000,3.15000000,0.301665,-0.057061,0.254648,-0.300000,0.052122,0.297133
18.860000,-3.11609655,-3.14000000,1.57000000,1.06298257,2.00000000,-4.00000000,3.15000000,0.302001,-0.058690,0.254094,-0.300000,0.050911,0.292250
18.880000,-3.10637008,-3.14000000,1.57000000,1.06915762,2.00000000,-4.00000000,3.15000000,0.302308,-0.060329,0.253540,-0.300000,0.049700,0.287368
18.900000,-3.09678031,-3.14000000,1.57000000,1.07493191,2.00000000,-4.00000000,3.15000000,0.302592,-0.061981,0.252984,-0.300000,0.048489,0.282485
18.920000,-3.08730460,-3.14000000,1.57000000,1.08034039,2.00000000,-4.00000000,3.15000000,0.302853,-0.063646,0.252425,-0.300000,0.047278,0.277603
18.940000,-3.07562102,-3.14000000,1.57000000,1.07282389,2.00000000,-4.00000000,3.15000000,0.302489,-0.067603,0.251598,-0.300000,0.042428,0.276289
18.960000,-3.06394287,-3.14000000,1.57000000,1.06523093,2.00000000,-4.00000000,3.15000000,0.302113,-0.071555,0.250712,-0.300000,0.037570,0.274984
18.980000,-3.08024340,-3.14000000,1.57000000,1.03583134,1.92426873,-4.00000000,3.15000000,0.306365,-0.075466,0.262364,-0.300000,0.032712,0.273678
19.000000,-3.04730401,-3.14000000,1.57000000,1.04522552,2.00000000,-4.00000000,3.15000000,0.301087,-0.078383,0.249236,-0.300000,0.028408,0.275913
19.020000,-3.04361648,-3.14000000,1.57000000,1.03182919,2.00000000,-4.00000000,3.15000000,0.300371,-0.081074,0.248771,-0.300000,0.024181,0.278640
19.040000,-3.04033262,-3.14000000,1.57000000,1.01798812,2.00000000,-4.00000000,3.15000000,0.299605,-0.083711,0.248319,-0.300000,0.019954,0.281367
19.060000,-3.03866998,-3.14000000,1.57000000,1.00366803,2.00000000,-4.00000000,3.15000000,0.298786,-0.085997,0.247987,-0.300000,0.016042,0.284444
19.080000,-3.04039413,-3.14000000,1.57000000,0.98871872,2.00000000,-4.00000000,3.15000000,0.297903,-0.087511,0.247938,-0.300000,0.012892,0.288366
19.100000,-3.04269298,-3.14000000,1.57000000,0.97298495,2.00000000,-4.00000000,3.15000000,0.296942,-0.088971,0.247938,-0.300000,0.009741,0.292287
19.120000,-3.04562889,-3.14000000,1.57000000,0.95636292,2.00000000,-4.00000000,3.15000000,0.295892,-0.090372,0.247994,-0.300000,0.006590,0.296208
19.140000,-3.04927944,-3.14000000,1.57000000,0.93872492,2.00000000,-4.00000000,3.15000000,0.294739,-0.091707,0.248116,-0.300000,0.003439,0.300130
19.160000,-3.05374295,-3.14000000,1.57000000,0.91991071,2.00000000,-4.00000000,3.15000000,0.293465,-0.092966,0.248315,-0.300000,0.000289,0.304051
19.180000,-3.05914690,-3.14000000,1.57000000,0.89971436,2.00000000,-4.00000000,3.15000000,0.292049,-0.094139,0.248607,-0.300000,-0.002862,0.307973
19.200000,-3.06566140,-3.14000000,1.57000000,0.87786328,2.00000000,-4.00000000,3.15000000,0.290459,-0.095209,0.249012,-0.300000,-0.006013,0.311894
19.220000,-3.07352186,-3.14000000,1.57000000,0.85398301,2.00000000,-4.00000000,3.15000000,0.288655,-0.096151,0.249556,-0.300000,-0.009163,0.315816
19.240000,-3.08307013,-3.14000000,1.57000000,0.82753349,2.00000000,-4.00000000,3.15000000,0.286576,-0.096929,0.250279,-0.300000,-0.012314,0.319737
19.260000,-3.09483648,-3.14000000,1.57000000,0.79768211,2.00000000,-4.00000000,3.15000000,0.284130,-0.097484,0.251240,-0.300000,-0.015465,0.323659
19.280000,-3.10972687,-3.14000000,1.57000000,0.76301451,2.00000000,-4.00000000,3.15000000,0.281160,-0.097714,0.252539,-0.300000,-0.018615,0.327580
19.300000,-3.11797138,-3.14000000,1.57000000,0.73879585,2.00000000,-4.00000000,3.15000000,0.279003,-0.098349,0.253273,-0.300000,-0.021411,0.329412
19.320000,-3.09468001,-3.14000000,1.57000000,0.76366522,2.00000000,-4.00000000,3.15000000,0.281217,-0.101429,0.251044,-0.300000,-0.023091,0.324670
19.340000,-3.07403468,-3.14000000,1.57000000,0.78413166,2.00000000,-4.00000000,3.15000000,0.282986,-0.104255,0.249053,-0.300000,-0.024771,0.319928
19.360000,-3.05517305,-3.14000000,1.57000000,0.80155285,2.00000000,-4.00000000,3.15000000,0.284453,-0.106921,0.247215,-0.300000,-0.026451,0.315187
19.380000,-3.03760108,-3.14000000,1.57000000,0.81670909,2.00000000,-4.00000000,3.15000000,0.285701,-0.109479,0.245482,-0.300000,-0.028131,0.310445
19.400000,-3.02100479,-3.14000000,1.57000000,0.83009734,2.00000000,-4.00000000,3.15000000,0.286781,-0.111963,0.243821,-0.300000,-0.029811,0.305704
19.420000,-3.00517008,-3.14000000,1.57000000,0.84205692,2.00000000,-4.00000000,3.15000000,0.287728,-0.114394,0.242212,-0.300000,-0.031490,0.300962
19.440000,-2.98994328,-3.14000000,1.57000000,0.85283145,2.00000000,-4.00000000,3.15000000,0.288566,-0.116786,0.240637,-0.300000,-0.033170,0.296220
19.460000,-2.97520964,-3.14000000,1.57000000,0.86260274,2.00000000,-4.00000000,3.15000000,0.289314,-0.119151,0.239086,-0.300000,-0.034850,0.291479
19.480000,-2.96088076,-3.14000000,1.57000000,0.87151055,2.00000000,-4.00000000,3.15000000,0.289986,-0.121496,0.237549,-0.300000,-0.036530,0.286737
19.500000,-2.94688683,-3.14000000,1.57000000,0.87966498,2.00000000,-4.00000000,3.15000000,0.290592,-0.123828,0.236018,-0.300000,-0.038210,0.281996
19.520000,-2.93317149,-3.14000000,1.57000000,0.88715451,2.00000000,-4.00000000,3.15000000,0.291142,-0.126151,0.234488,-0.300000,-0.039890,0.277254
19.540000,-2.92435218,-3.14000000,1.57000000,0.88938376,2.00000000,-4.00000000,3.15000000,0.291305,-0.127945,0.233426,-0.300000,-0.041570,0.274525
19.560000,-2.93332474,-3.14000000,1.57000000,0.87342787,2.00000000,-4.00000000,3.15000000,0.290129,-0.127766,0.234159,-0.300000,-0.043250,0.279266
19.580000,-2.94302233,-3.14000000,1.57000000,0.85630392,2.00000000,-4.00000000,3.15000000,0.288833,-0.127533,0.234977,-0.300000,-0.044930,0.284008
19.600000,-2.95357150,-3.14000000,1.57000000,0.83781288,2.00000000,-4.00000000,3.15000000,0.287394,-0.127233,0.235895,-0.300000,-0.046609,0.288749
19.620000,-2.96513931,-3.14000000,1.57000000,0.81769337,2.00000000,-4.00000000,3.15000000,0.285781,-0.126850,0.236932,-0.300000,-0.048289,0.293491
19.640000,-2.97795398,-3.14000000,1.57000000,0.79559012,2.00000000,-4.00000000,3.15000000,0.283955,-0.126358,0.238118,-0.300000,-0.049969,0.298233
19.660000,-2.99234141,-3.14000000,1.57000000,0.77099836,2.00000000,-4.00000000,3.15000000,0.281856,-0.125720,0.239492,-0.300000,-0.051649,0.302974
19.680000,-3.00879570,-3.14000000,1.57000000,0.74315690,2.00000000,-4.00000000,3.15000000,0.279397,-0.124878,0.241114,-0.300000,-0.053329,0.307716
19.700000,-3.02813240,-3.14000000,1.57000000,0.71081608,2.00000000,-4.00000000,3.15000000,0.276431,-0.123733,0.243082,-0.300000,-0.055009,0.312457
19.720000,-3.05188788,-3.14000000,1.57000000,0.67163509,2.00000000,-4.00000000,3.15000000,0.272687,-0.122093,0.245581,-0.300000,-0.056689,0.317199
19.740000,-3.08374080,-3.14000000,1.57000000,0.62004224,2.00000000,-4.00000000,3.15000000,0.267511,-0.119482,0.249043,-0.300000,-0.058369,0.321941
19.760000,-3.14122523,-3.14000000,1.57000000,0.52966597,2.00000000,-4.00000000,3.15000000,0.257814,-0.113560,0.255501,-0.300000,-0.060048,0.326682
19.780000,-2.23371730,-3.14000000,1.57000000,-2.35011035,2.00000000,-4.00000000,3.15000000,0.051896,-0.150803,0.222358,-0.300000,-0.061113,0.329687
19.800000,-2.93856166,-3.14000000,-1.57000000,-0.73734480,-2.00000000,-4.00000000,3.15000000,-0.084558,0.089469,0.085743,-0.300000,-0.059433,0.324946
19.820000,0.92258235,0.86820748,1.57000000,-4.00000000,-0.80749122,4.00000000,-3.15000000,-0.248691,-0.302209,0.325591,-0.300000,-0.057753,0.320204
19.840000,-4.00000000,1.57000000,-1.28728308,2.11263512,1.96995009,-4.00000000,3.15000000,-0.121170,-0.132885,-0.234863,-0.300000,-0.056074,0.315463
19.860000,4.00000000,-3.14000000,-1.57000000,4.00000000,-2.00000000,-1.29832456,-3.15000000,-0.070617,-0.146452,0.015008,-0.300000,-0.054394,0.310721
19.880000,1.88182351,-0.41354973,-1.57000000,-2.00499151,1.37676070,1.40806055,-1.94263804,0.056614,-0.145968,-0.127494,-0.300000,-0.052714,0.305979
19.900000,3.29632140,-3.14000000,1.57000000,0.78033326,2.00000000,-4.00000000,3.15000000,0.282661,-0.125974,0.238964,-0.300000,-0.051034,0.301238
19.920000,3.31008657,-3.14000000,1.57000000,0.80394217,2.00000000,-4.00000000,3.15000000,0.284652,-0.126553,0.237664,-0.300000,-0.049354,0.296496
19.940000,3.32241304,-3.14000000,1.57000000,0.82526992,2.00000000,-4.00000000,3.15000000,0.286394,-0.127002,0.236537,-0.300000,-0.047674,0.291755
19.960000,3.33358516,-3.14000000,1.57000000,0.84475770,2.00000000,-4.00000000,3.15000000,0.287939,-0.127352,0.235546,-0.300000,-0.045994,0.287013
19.980000,3.34380558,-3.14000000,1.57000000,0.86272161,2.00000000,-4.00000000,3.15000000,0.289323,-0.127625,0.234667,-0.300000,-0.044314,0.282271
20.000000,3.35322468,-3.14000000,1.57000000,0.87939734,2.00000000,-4.00000000,3.15000000,0.290573,-0.127837,0.233882,-0.300000,-0.042634,0.277530
20.020000,3.36195759,-3.14000000,1.57000000,0.89496630,2.00000000,-4.00000000,3.15000000,0.291708,-0.128000,0.233175,-0.300000,-0.040955,0.272788
20.040000,3.37009475,-3.14000000,1.57000000,0.90957163,2.00000000,-4.00000000,3.15000000,0.292746,-0.128122,0.232537,-0.300000,-0.039275,0.268047
20.060000,3.37770869,-3.14000000,1.57000000,0.92332868,2.00000000,-4.00000000,3.15000000,0.293700,-0.128210,0.231958,-0.300000,-0.037595,0.263305
20.080000,3.38485858,-3.14000000,1.57000000,0.93633204,2.00000000,-4.00000000,3.15000000,0.294579,-0.128270,0.231430,-0.300000,-0.035915,0.258563
20.100000,3.38062507,-3.14000000,1.57000000,0.93712079,1.95018132,-4.00000000,3.15000000,0.298268,-0.131482,0.238332,-0.300000,-0.034235,0.253822
20.120000,3.37376628,-3.14000000,1.57000000,0.88860355,1.71433924,-4.00000000,3.15000000,0.307384,-0.154302,0.271021,-0.300000,-0.032555,0.249080
20.140000,3.39652445,-3.14000000,1.57000000,0.98233042,2.00000000,-4.00000000,3.15000000,0.297517,-0.125249,0.231405,-0.300000,-0.031776,0.245221
20.160000,3.32174417,-3.14000000,1.57000000,0.71897638,1.64898382,-4.00000000,3.15000000,0.292829,-0.166068,0.284837,-0.300000,-0.036550,0.246805
20.180000,3.41041372,-3.14000000,1.57000000,0.94583260,2.00000000,-4.00000000,3.15000000,0.295208,-0.132977,0.228398,-0.300000,-0.041325,0.248389
20.200000,3.41970008,-3.14000000,1.57000000,0.92834719,2.00000000,-4.00000000,3.15000000,0.294042,-0.137226,0.226545,-0.300000,-0.046099,0.249973
20.220000,3.42423697,-3.14000000,1.57000000,0.91436029,2.00000000,-4.00000000,3.15000000,0.293081,-0.139942,0.225430,-0.300000,-0.050874,0.251557
20.240000,3.42839445,-3.14000000,1.57000000,0.89998901,2.00000000,-4.00000000,3.15000000,0.292068,-0.142599,0.224339,-0.300000,-0.055648,0.253141
20.260000,3.43215524,-3.14000000,1.57000000,0.88520631,2.00000000,-4.00000000,3.15000000,0.291000,-0.145195,0.223278,-0.300000,-0.060423,0.254725
20.280000,3.43549998,-3.14000000,1.57000000,0.86998216,2.00000000,-4.00000000,3.15000000,0.289871,-0.147729,0.222251,-0.300000,-0.065197,0.256309
20.300000,3.43840685,-3.14000000,1.57000000,0.85428308,2.00000000,-4.00000000,3.15000000,0.288678,-0.150199,0.221264,-0.300000,-0.069972,0.257893
20.320000,3.44085118,-3.14000000,1.57000000,0.83807152,2.00000000,-4.00000000,3.15000000,0.287414,-0.152604,0.220322,-0.300000,-0.074746,0.259477
20.340000,3.44280481,-3.14000000,1.57000000,0.82130503,2.00000000,-4.00000000,3.15000000,0.286074,-0.154939,0.219432,-0.300000,-0.079520,0.261060
20.360000,3.44423540,-3.14000000,1.57000000,0.80393529,2.00000000,-4.00000000,3.15000000,0.284651,-0.157204,0.218603,-0.300000,-0.084295,0.262644
20.380000,3.44510550,-3.14000000,1.57000000,0.78590685,2.00000000,-4.00000000,3.15000000,0.283137,-0.159392,0.217841,-0.300000,-0.089069,0.264228
20.400000,3.44537133,-3.14000000,1.57000000,0.76715547,2.00000000,-4.00000000,3.15000000,0.281522,-0.161501,0.217157,-0.300000,-0.093844,0.265812
20.420000,3.44498119,-3.14000000,1.57000000,0.74760589,2.00000000,-4.00000000,3.15000000,0.279795,-0.163523,0.216562,-0.300000,-0.098618,0.267396
20.440000,3.44387331,-3.14000000,1.57000000,0.72716893,2.00000000,-4.00000000,3.15000000,0.277945,-0.165451,0.216068,-0.300000,-0.103393,0.268980
20.460000,3.44197280,-3.14000000,1.57000000,0.70573731,2.00000000,-4.00000000,3.15000000,0.275955,-0.167276,0.215692,-0.300000,-0.108167,0.270564
20.480000,3.43918746,-3.14000000,1.57000000,0.68317991,2.00000000,-4.00000000,3.15000000,0.273807,-0.168986,0.215450,-0.300000,-0.112942,0.272148
20.500000,3.43340504,-3.14000000,1.57000000,0.65981525,2.00000000,-4.00000000,3.15000000,0.271525,-0.170086,0.215720,-0.300000,-0.117073,0.274197
20.520000,3.41342977,-3.14000000,1.57000000,0.63745860,2.00000000,-4.00000000,3.15000000,0.269289,-0.167954,0.218459,-0.300000,-0.117073,0.279227
20.540000,3.39146058,-3.14000000,1.57000000,0.61194218,2.00000000,-4.00000000,3.15000000,0.266674,-0.165593,0.221466,-0.300000,-0.117073,0.284258
20.560000,3.36669465,-3.14000000,1.57000000,0.58209030,2.00000000,-4.00000000,3.15000000,0.263534,-0.162892,0.224852,-0.300000,-0.117073,0.289288
20.580000,3.33765332,-3.14000000,1.57000000,0.54574967,2.00000000,-4.00000000,3.15000000,0.259596,-0.159639,0.228826,-0.300000,-0.117073,0.294318
20.600000,3.30095521,-3.14000000,1.57000000,0.49802800,2.00000000,-4.00000000,3.15000000,0.254241,-0.155339,0.233858,-0.300000,-0.117073,0.299349
20.620000,3.24327087,-3.14000000,1.57000000,0.41979349,2.00000000,-4.00000000,3.15000000,0.245043,-0.147975,0.241782,-0.300000,-0.117073,0.304379
20.640000,-4.00000000,1.57000000,1.57000000,-4.00000000,2.00000000,-4.00000000,3.15000000,-0.215695,0.139432,-0.020794,-0.300000,-0.117073,0.309410
20.660000,4.00000000,-3.14000000,1.31632651,-4.00000000,2.00000000,0.95106466,3.15000000,0.265444,-0.177139,0.250287,-0.300000,-0.117073,0.314440
20.680000,4.00000000,-3.14000000,1.57000000,-4.00000000,2.00000000,1.60119549,2.55451120,0.272624,-0.129983,0.228617,-0.300000,-0.117073,0.319470
20.700000,4.00000000,-3.14000000,1.57000000,-4.00000000,2.00000000,1.60424675,2.56802552,0.272556,-0.129932,0.228681,-0.300000,-0.117073,0.324501
20.720000,4.00000000,-3.14000000,1.57000000,-4.00000000,2.00000000,1.60717576,2.58238520,0.272490,-0.129883,0.228743,-0.300000,-0.117073,0.329531
20.740000,4.00000000,-3.14000000,1.57000000,-4.00000000,2.00000000,1.60999238,2.59763464,0.272427,-0.129836,0.228802,-0.300000,-0.117073,0.334561
20.760000,4.00000000,-3.14000000,1.57000000,-4.00000000,2.00000000,1.61270588,2.61382594,0.272366,-0.129791,0.228860,-0.300000,-0.117073,0.339592
20.780000,4.00000000,-3.14000000,1.57000000,-4.00000000,2.00000000,1.61532510,2.63102010,0.272307,-0.129748,0.228915,-0.300000,-0.117073,0.344622
20.800000,4.00000000,-3.14000000,1.57000000,-4.00000000,2.00000000,1.61785856,2.64928864,0.272251,-0.129706,0.228969,-0.300000,-0.117073,0.349653
20.820000,4.00000000,-3.14000000,1.57000000,-4.00000000,2.00000000,1.62031456,2.66871564,0.272196,-0.129666,0.229022,-0.300000,-0.117073,0.354683
20.840000,4.00000000,-3.14000000,1.57000000,-4.00000000,2.00000000,1.61843764,2.70053610,0.272238,-0.129697,0.228982,-0.300000,-0.121463,0.353285
20.860000,4.00000000,-3.14000000,1.57000000,-4.00000000,2.00000000,1.61614215,2.73282880,0.272289,-0.129735,0.228933,-0.300000,-0.126148,0.351455
20.880000,4.00000000,-3.14000000,1.57000000,-4.00000000,2.00000000,1.61370001,2.76479765,0.272344,-0.129775,0.228881,-0.300000,-0.130834,0.349624
20.900000,4.00000000,-3.14000000,1.57000000,-4.00000000,2.00000000,1.61109671,2.79644881,0.272402,-0.129818,0.228826,-0.300000,-0.135520,0.347794
20.920000,4.00000000,-3.14000000,1.57000000,-4.00000000,2.00000000,1.60831603,2.82779074,0.272464,-0.129864,0.228767,-0.300000,-0.140205,0.345964
20.940000,4.00000000,-3.14000000,1.57000000,-4.00000000,2.00000000,1.60533971,2.85883460,0.272531,-0.129914,0.228704,-0.300000,-0.144891,0.344134
20.960000,4.00000000,-3.14000000,1.57000000,-4.00000000,2.00000000,1.60214718,2.88959460,0.272603,-0.129967,0.228637,-0.300000,-0.149576,0.342303
20.980000,4.00000000,-3.14000000,1.57000000,-4.00000000,2.00000000,1.59871514,2.92008852,0.272680,-0.130024,0.228566,-0.300000,-0.154262,0.340473
21.000000,4.00000000,-3.14000000,1.57000000,-4.00000000,2.00000000,1.59501712,2.95033819,0.272764,-0.130087,0.228489,-0.300000,-0.158948,0.338643
21.020000,4.00000000,-3.14000000,1.57000000,-4.00000000,2.00000000,1.59102290,2.98037015,0.272854,-0.130154,0.228406,-0.300000,-0.163633,0.336812
21.040000,4.00000000,-3.14000000,1.57000000,-4.00000000,2.00000000,1.58669786,3.01021636,0.272952,-0.130228,0.228317,-0.300000,-0.168319,0.334982
21.060000,4.00000000,-3.14000000,1.57000000,-4.00000000,2.00000000,1.58200214,3.03991504,0.273059,-0.130308,0.228221,-0.300000,-0.173004,0.333152
21.080000,4.00000000,-3.14000000,1.57000000,-4.00000000,2.00000000,1.57688965,3.06951174,0.273175,-0.130395,0.228118,-0.300000,-0.177690,0.331321
21.100000,4.00000000,-3.14000000,1.57000000,-4.00000000,2.00000000,1.57130681,3.09906058,0.273303,-0.130492,0.228005,-0.300000,-0.182375,0.329491
21.120000,4.00000000,-3.14000000,1.57000000,-4.00000000,2.00000000,1.56519107,3.12862574,0.273443,-0.130598,0.227883,-0.300000,-0.187061,0.327661
21.140000,4.00000000,-3.14000000,1.57000000,-4.00000000,2.00000000,1.56191750,3.15000000,0.273518,-0.130655,0.227818,-0.300000,-0.191747,0.325830
21.160000,4.00000000,-3.14000000,1.57000000,-4.00000000,2.00000000,1.56761239,3.15000000,0.273388,-0.130556,0.227931,-0.300000,-0.196432,0.324000
21.180000,4.00000000,-3.14000000,1.57000000,-4.00000000,2.00000000,1.57268298,3.15000000,0.273271,-0.130468,0.228033,-0.300000,-0.199961,0.322761
21.200000,4.00000000,-3.14000000,1.57000000,-4.00000000,2.00000000,1.57066634,3.15000000,0.273318,-0.130503,0.227992,-0.300000,-0.195734,0.325488
21.220000,4.00000000,-3.14000000,1.57000000,-4.00000000,2.00000000,1.56877683,3.15000000,0.273361,-0.130535,0.227954,-0.300000,-0.191507,0.328216
21.240000,4.00000000,-3.14000000,1.57000000,-4.00000000,2.00000000,1.56845446,3.14636242,0.273368,-0.130541,0.227948,-0.300000,-0.187280,0.330943
21.260000,4.00000000,-3.14000000,1.57000000,-4.00000000,2.00000000,1.57133248,3.11094398,0.273302,-0.130491,0.228006,-0.300000,-0.183333,0.330338
21.280000,4.00000000,-3.14000000,1.57000000,-4.00000000,2.00000000,1.57112257,3.06491934,0.273307,-0.130495,0.228001,-0.300000,-0.179620,0.326944
21.300000,4.00000000,-3.14000000,1.57000000,-4.00000000,2.00000000,1.57090407,3.02041823,0.273312,-0.130499,0.227997,-0.300000,-0.175906,0.323550
21.320000,4.00000000,-3.14000000,1.57000000,-4.00000000,2.00000000,1.57066770,2.97732694,0.273318,-0.130503,0.227992,-0.300000,-0.172193,0.320157
21.340000,4.00000000,-3.14000000,1.57000000,-4.00000000,2.00000000,1.56826996,2.94608737,0.273372,-0.130544,0.227944,-0.300000,-0.170199,0.316005
21.360000,4.00000000,-3.14000000,1.57000000,-4.00000000,2.00000000,1.56321507,2.92839197,0.273488,-0.130632,0.227844,-0.300000,-0.170199,0.310975
21.380000,4.00000000,-3.14000000,1.57000000,-4.00000000,2.00000000,1.55790659,2.91197174,0.273610,-0.130725,0.227739,-0.300000,-0.170199,0.305945
21.400000,4.00000000,-3.14000000,1.57000000,-4.00000000,2.00000000,1.55231686,2.89677654,0.273739,-0.130823,0.227629,-0.300000,-0.170199,0.300914
21.420000,4.00000000,-3.14000000,1.57000000,-4.00000000,2.00000000,1.54641567,2.88276878,0.273876,-0.130927,0.227514,-0.300000,-0.170199,0.295884
21.440000,4.00000000,-3.14000000,1.57000000,-4.00000000,2.00000000,1.54016983,2.86992227,0.274020,-0.131039,0.227394,-0.300000,-0.170199,0.290853
21.460000,4.00000000,-3.14000000,1.57000000,-4.00000000,2.00000000,1.53170442,2.88222059,0.274217,-0.131190,0.227232,-0.300000,-0.173067,0.287039
21.480000,4.00000000,-3.14000000,1.57000000,-4.00000000,2.00000000,1.52191035,2.90151155,0.274446,-0.131367,0.227048,-0.300000,-0.176682,0.283541
21.500000,4.00000000,-3.14000000,1.57000000,-4.00000000,2.00000000,1.51109051,2.92164114,0.274699,-0.131564,0.226848,-0.300000,-0.180297,0.280042
21.520000,4.00000000,-3.14000000,1.57000000,-4.00000000,2.00000000,1.49908902,2.94277886,0.274982,-0.131786,0.226630,-0.300000,-0.183912,0.276544
21.540000,4.00000000,-3.14000000,1.57000000,-4.00000000,2.00000000,1.49341970,2.97275945,0.275116,-0.131891,0.226528,-0.300000,-0.187646,0.277119
21.560000,4.00000000,-3.14000000,1.57000000,-4.00000000,2.00000000,1.49243226,3.00876487,0.275139,-0.131909,0.226510,-0.300000,-0.191459,0.280400
21.580000,4.00000000,-3.14000000,1.57000000,-4.00000000,2.00000000,1.49126661,3.04566319,0.275167,-0.131931,0.226490,-0.300000,-0.195273,0.283680
21.600000,4.00000000,-3.14000000,1.57000000,-4.00000000,2.00000000,1.48991721,3.08348912,0.275199,-0.131956,0.226466,-0.300000,-0.199086,0.286961
21.620000,4.00000000,-3.14000000,1.57000000,-4.00000000,2.00000000,1.49539304,3.10540180,0.275069,-0.131854,0.226563,-0.300000,-0.200510,0.291338
21.640000,4.00000000,-3.14000000,1.57000000,-4.00000000,2.00000000,1.50450605,3.11874167,0.274854,-0.131686,0.226728,-0.300000,-0.200510,0.296369
21.660000,4.00000000,-3.14000000,1.57000000,-4.00000000,2.00000000,1.51305789,3.13368052,0.274653,-0.131528,0.226884,-0.300000,-0.200510,0.301399
21.680000,4.00000000,-3.14000000,1.57000000,-4.00000000,2.00000000,1.52121984,3.15000000,0.274462,-0.131380,0.227035,-0.300000,-0.200510,0.306429
21.700000,4.00000000,-3.14000000,1.57000000,-4.00000000,2.00000000,1.53707581,3.15000000,0.274092,-0.131094,0.227334,-0.300000,-0.200510,0.311460
21.720000,4.00000000,-3.14000000,1.57000000,-4.00000000,2.00000000,1.55330544,3.15000000,0.273716,-0.130806,0.227648,-0.300000,-0.200510,0.316490
21.740000,4.00000000,-3.14000000,1.57000000,-4.00000000,2.00000000,1.56996748,3.15000000,0.273334,-0.130515,0.227978,-0.300000,-0.200510,0.321521
21.760000,4.00000000,-3.14000000,1.57000000,-4.00000000,2.00000000,1.55912815,3.15000000,0.273582,-0.130703,0.227763,-0.300000,-0.200510,0.318264
21.780000,4.00000000,-3.14000000,1.57000000,-4.00000000,2.00000000,1.54275298,3.15000000,0.273960,-0.130992,0.227443,-0.300000,-0.200510,0.313234
21.800000,4.00000000,-3.14000000,1.57000000,-4.00000000,2.00000000,1.52677170,3.15000000,0.274332,-0.131279,0.227139,-0.300000,-0.200510,0.308203
21.820000,4.00000000,-3.14000000,1.57000000,-4.00000000,2.00000000,1.51595101,3.13933389,0.274585,-0.131476,0.226937,-0.300000,-0.200510,0.303173
21.840000,4.00000000,-3.14000000,1.57000000,-4.00000000,2.00000000,1.50758234,3.12382580,0.274782,-0.131629,0.226784,-0.300000,-0.200510,0.298142
21.860000,4.00000000,-3.14000000,1.57000000,-4.00000000,2.00000000,1.49867449,3.10992400,0.274992,-0.131793,0.226622,-0.300000,-0.200510,0.293112
21.880000,4.00000000,-3.14000000,1.57000000,-4.00000000,2.00000000,1.48916294,3.09761365,0.275217,-0.131971,0.226452,-0.300000,-0.200510,0.288082
21.900000,4.00000000,-3.14000000,1.57000000,-4.00000000,2.00000000,1.47897577,3.08689771,0.275459,-0.132162,0.226274,-0.300000,-0.200510,0.283051
21.920000,4.00000000,-3.14000000,1.57000000,-4.00000000,2.00000000,1.46803235,3.07779643,0.275720,-0.132369,0.226085,-0.300000,-0.200510,0.278021
21.940000,4.00000000,-3.14000000,1.57000000,-4.00000000,2.00000000,1.45615748,3.07548949,0.276004,-0.132596,0.225884,-0.300000,-0.201038,0.273519
21.960000,4.00000000,-3.14000000,1.57000000,-4.00000000,2.00000000,1.44231809,3.11853731,0.276337,-0.132864,0.225656,-0.300000,-0.206068,0.273519
21.980000,4.00000000,-3.14000000,1.57000000,-4.00000000,2.00000000,1.43307101,3.15000000,0.276560,-0.133045,0.225506,-0.300000,-0.211098,0.273519
22.000000,4.00000000,-3.14000000,1.57000000,-4.00000000,2.00000000,1.43909493,3.15000000,0.276415,-0.132927,0.225603,-0.300000,-0.216129,0.273519
22.020000,4.00000000,-3.14000000,1.57000000,-4.00000000,2.00000000,1.44616106,3.15000000,0.276244,-0.132789,0.225718,-0.300000,-0.221159,0.273519
22.040000,4.00000000,-3.14000000,1.57000000,-4.00000000,2.00000000,1.45449040,3.15000000,0.276044,-0.132629,0.225856,-0.300000,-0.226190,0.273519
22.060000,4.00000000,0.77481012,-1.57000000,0.76531850,-2.00000000,-4.00000000,0.94418055,-0.011296,0.185645,0.012724,-0.300000,-0.231220,0.273519
22.080000,-4.00000000,1.57000000,1.57000000,-4.00000000,2.00000000,4.00000000,1.32202363,-0.263892,0.161420,-0.020844,-0.300000,-0.236250,0.273519
22.100000,4.00000000,-3.14000000,1.57000000,-4.00000000,2.00000000,-4.00000000,3.15000000,0.261048,-0.123535,0.247916,-0.300000,-0.241281,0.273519
22.120000,4.00000000,-3.14000000,1.57000000,-4.00000000,2.00000000,-4.00000000,3.15000000,0.261048,-0.123535,0.247916,-0.300000,-0.243532,0.276298
22.140000,4.00000000,-3.14000000,1.57000000,-4.00000000,2.00000000,-4.00000000,3.15000000,0.261048,-0.123535,0.247916,-0.300000,-0.243532,0.281328
22.160000,4.00000000,-3.14000000,1.57000000,-4.00000000,2.00000000,-4.00000000,3.15000000,0.261048,-0.123535,0.247916,-0.300000,-0.243532,0.286358
22.180000,4.00000000,-3.14000000,1.57000000,-4.00000000,2.00000000,-4.00000000,3.15000000,0.261048,-0.123535,0.247916,-0.300000,-0.243532,0.291389
22.200000,4.00000000,-3.14000000,1.57000000,-4.00000000,2.00000000,-4.00000000,3.15000000,0.261048,-0.123535,0.247916,-0.300000,-0.243532,0.296419
22.220000,4.00000000,-3.14000000,1.57000000,-4.00000000,2.00000000,-4.00000000,3.15000000,0.261048,-0.123535,0.247916,-0.300000,-0.243532,0.301450
22.240000,4.00000000,-3.14000000,1.57000000,-4.00000000,2.00000000,-4.00000000,3.15000000,0.261048,-0.123535,0.247916,-0.300000,-0.243532,0.306480
22.260000,4.00000000,-3.14000000,1.57000000,-4.00000000,2.00000000,-4.00000000,3.15000000,0.261048,-0.123535,0.247916,-0.300000,-0.243532,0.311510
22.280000,4.00000000,-3.14000000,1.57000000,-4.00000000,2.00000000,-4.00000000,3.15000000,0.261048,-0.123535,0.247916,-0.300000,-0.243532,0.316541
22.300000,4.00000000,-3.14000000,1.57000000,-4.00000000,2.00000000,-4.00000000,3.15000000,0.261048,-0.123535,0.247916,-0.300000,-0.243532,0.321571
22.320000,4.00000000,-3.14000000,1.57000000,-4.00000000,2.00000000,-4.00000000,3.15000000,0.261048,-0.123535,0.247916,-0.300000,-0.243532,0.326602
22.340000,4.00000000,-3.14000000,1.57000000,-4.00000000,2.00000000,-4.00000000,3.15000000,0.261048,-0.123535,0.247916,-0.300000,-0.243532,0.331632
22.360000,4.00000000,-3.14000000,1.57000000,-4.00000000,2.00000000,-4.00000000,3.15000000,0.261048,-0.123535,0.247916,-0.300000,-0.243532,0.336662
22.380000,4.00000000,-3.14000000,1.57000000,-4.00000000,2.00000000,-4.00000000,3.15000000,0.261048,-0.123535,0.247916,-0.300000,-0.243532,0.341693
22.400000,4.00000000,-3.14000000,1.57000000,-4.00000000,2.00000000,-4.00000000,3.15000000,0.261048,-0.123535,0.247916,-0.300000,-0.243532,0.346723
22.420000,4.00000000,-3.14000000,1.57000000,-4.00000000,2.00000000,-4.00000000,3.15000000,0.261048,-0.123535,0.247916,-0.300000,-0.243532,0.351753
22.440000,4.00000000,-3.14000000,1.57000000,-4.00000000,2.00000000,-4.00000000,3.15000000,0.261048,-0.123535,0.247916,-0.300000,-0.243532,0.353216
22.460000,4.00000000,-3.14000000,1.57000000,-4.00000000,2.00000000,-4.00000000,3.15000000,0.261048,-0.123535,0.247916,-0.300000,-0.243532,0.348186
22.480000,4.00000000,-3.14000000,1.57000000,-4.00000000,2.00000000,-4.00000000,3.15000000,0.261048,-0.123535,0.247916,-0.300000,-0.243532,0.343155
22.500000,4.00000000,-3.14000000,1.57000000,-4.00000000,2.00000000,-4.00000000,3.15000000,0.261048,-0.123535,0.247916,-0.300000,-0.243532,0.338125
22.520000,4.00000000,-3.14000000,1.57000000,-4.00000000,2.00000000,-4.00000000,3.15000000,0.261048,-0.123535,0.247916,-0.300000,-0.243532,0.333095
22.540000,4.00000000,-3.14000000,1.57000000,-4.00000000,2.00000000,-4.00000000,3.15000000,0.261048,-0.123535,0.247916,-0.300000,-0.243532,0.328064
22.560000,4.00000000,-3.14000000,1.57000000,-4.00000000,2.00000000,-4.00000000,3.15000000,0.261048,-0.123535,0.247916,-0.300000,-0.243532,0.323034
22.580000,4.00000000,-3.14000000,1.57000000,-4.00000000,2.00000000,-4.00000000,3.15000000,0.261048,-0.123535,0.247916,-0.300000,-0.247232,0.324795
22.600000,4.00000000,-3.14000000,1.57000000,-4.00000000,2.00000000,-4.00000000,3.15000000,0.261048,-0.123535,0.247916,-0.300000,-0.251459,0.327522
22.620000,4.00000000,-3.14000000,1.57000000,-4.00000000,2.00000000,-4.00000000,3.15000000,0.261048,-0.123535,0.247916,-0.300000,-0.255686,0.330249
22.640000,4.00000000,-3.14000000,1.57000000,-4.00000000,2.00000000,-4.00000000,3.15000000,0.261048,-0.123535,0.247916,-0.300000,-0.259764,0.331201
22.660000,4.00000000,-3.14000000,1.57000000,-4.00000000,2.00000000,-4.00000000,3.15000000,0.261048,-0.123535,0.247916,-0.300000,-0.263478,0.327807
22.680000,4.00000000,-3.14000000,1.57000000,-4.00000000,2.00000000,-4.00000000,3.15000000,0.261048,-0.123535,0.247916,-0.300000,-0.267191,0.324413
22.700000,4.00000000,-3.14000000,1.57000000,-4.00000000,2.00000000,-4.00000000,3.15000000,0.261048,-0.123535,0.247916,-0.300000,-0.270904,0.321020
22.720000,4.00000000,-3.14000000,1.57000000,-4.00000000,2.00000000,-4.00000000,3.15000000,0.261048,-0.123535,0.247916,-0.300000,-0.273891,0.317286
22.740000,4.00000000,-3.14000000,1.57000000,-4.00000000,2.00000000,-4.00000000,3.15000000,0.261048,-0.123535,0.247916,-0.300000,-0.274122,0.312261
22.760000,4.00000000,-3.14000000,1.57000000,-4.00000000,2.00000000,-4.00000000,3.15000000,0.261048,-0.123535,0.247916,-0.300000,-0.274353,0.307236
22.780000,4.00000000,-3.14000000,1.57000000,-4.00000000,2.00000000,-4.00000000,3.15000000,0.261048,-0.123535,0.247916,-0.300000,-0.274583,0.302211
22.800000,4.00000000,-3.14000000,1.57000000,-4.00000000,2.00000000,-4.00000000,3.15000000,0.261048,-0.123535,0.247916,-0.300000,-0.274814,0.297186
22.820000,4.00000000,-3.14000000,1.57000000,-4.00000000,2.00000000,-4.00000000,3.15000000,0.261048,-0.123535,0.247916,-0.300000,-0.273568,0.292359
22.840000,4.00000000,-3.14000000,1.57000000,-4.00000000,2.00000000,-4.00000000,3.15000000,0.261048,-0.123535,0.247916,-0.300000,-0.272019,0.287573
22.860000,4.00000000,-3.14000000,1.57000000,-4.00000000,2.00000000,-4.00000000,3.15000000,0.261048,-0.123535,0.247916,-0.300000,-0.270471,0.282786
22.880000,4.00000000,-3.14000000,1.57000000,-4.00000000,2.00000000,-4.00000000,3.15000000,0.261048,-0.123535,0.247916,-0.300000,-0.268923,0.278000
22.900000,4.00000000,-3.14000000,1.57000000,-4.00000000,2.00000000,-4.00000000,3.15000000,0.261048,-0.123535,0.247916,-0.300000,-0.264347,0.276398
22.920000,4.00000000,-3.14000000,1.57000000,-4.00000000,2.00000000,-4.00000000,3.15000000,0.261048,-0.123535,0.247916,-0.300000,-0.259489,0.275092
22.940000,4.00000000,-3.14000000,1.57000000,-4.00000000,2.00000000,-4.00000000,3.15000000,0.261048,-0.123535,0.247916,-0.300000,-0.254631,0.273786
22.960000,4.00000000,-3.14000000,1.57000000,-4.00000000,2.00000000,-4.00000000,3.15000000,0.261048,-0.123535,0.247916,-0.300000,-0.250762,0.276300
22.980000,4.00000000,-3.14000000,1.57000000,-4.00000000,2.00000000,-4.00000000,3.15000000,0.261048,-0.123535,0.247916,-0.300000,-0.247147,0.279798
