# rollout meta: {"joint_names": ["joint1", "joint2", "joint3", "joint4", "joint5", "joint6", "joint7"], "dt": 0.02, "n": 1550, "has_base": true, "source": "rl_policy", "note": "ckpt=model_1999.pt"}
t,q1,q2,q3,q4,q5,q6,q7,ee_x,ee_y,ee_z,tgt_x,tgt_y,tgt_z,bx,by,bz,bqx,bqy,bqz,bqw,drawing
0.000000,0.09404515,-0.00063913,-0.00538271,-0.00471978,-0.04113176,-0.04691950,-0.07993262,0.458883,-0.043540,0.333312,0.300000,0.059981,0.101508,0.020766,0.002730,0.000000,0.01171957,0.00108999,-0.00001278,0.99993073,1
0.020000,0.08179734,-0.01625530,-0.02194171,-0.02092430,-0.02628153,-0.06213956,-0.09513608,0.463629,-0.034180,0.322475,0.300000,0.059924,0.103015,0.020233,0.005414,0.000000,0.01156824,0.00217061,-0.00002511,0.99993073,1
0.040000,0.06746286,-0.03406327,-0.03920354,-0.03618777,-0.01112297,-0.07734760,-0.11033958,0.468157,-0.024260,0.310489,0.300000,0.059830,0.104520,0.019355,0.008005,0.000000,0.01131747,0.00323258,-0.00003659,0.99993073,1
0.060000,0.05232937,-0.05249687,-0.05665910,-0.05106643,0.00415940,-0.09254951,-0.12554307,0.471997,-0.014444,0.297979,0.300000,0.059697,0.106022,0.018147,0.010459,0.000000,0.01096942,0.00426677,-0.00004681,0.99993073,1
0.080000,0.03680716,-0.07116400,-0.07418647,-0.06571788,0.01951369,-0.10774728,-0.14074658,0.475043,-0.004979,0.285124,0.300000,0.059527,0.107520,0.016628,0.012735,0.000000,0.01052709,0.00526430,-0.00005542,0.99993073,1
0.100000,0.02141201,-0.08996204,-0.09176080,-0.08007767,0.03496354,-0.12294133,-0.15595016,0.477277,0.003920,0.271987,0.300000,0.059319,0.109014,0.014827,0.014794,0.000000,0.00999427,0.00621659,-0.00006213,0.99993073,1
0.120000,0.00644573,-0.10886072,-0.10937750,-0.09430940,0.05045271,-0.13813226,-0.17115372,0.478712,0.012104,0.258618,0.300000,0.059074,0.110501,0.012772,0.016600,0.000000,0.00937555,0.00711545,-0.00006672,0.99993073,1
0.140000,-0.00811463,-0.12784407,-0.12703352,-0.10846491,0.06596462,-0.15332066,-0.18635727,0.479369,0.019541,0.245068,0.300000,0.058791,0.111983,0.010499,0.018124,0.000000,0.00867625,0.00795317,-0.00006901,0.99993073,1
0.160000,-0.02236094,-0.14689919,-0.14472583,-0.12256450,0.08149347,-0.16850683,-0.20156075,0.479280,0.026223,0.231387,0.300000,0.058472,0.113456,0.008047,0.019337,0.000000,0.00790238,0.00872253,-0.00006893,0.99993073,1
0.180000,-0.03639446,-0.16601452,-0.16245067,-0.13662302,0.09703545,-0.18369102,-0.21676420,0.478481,0.032148,0.217623,0.300000,0.058115,0.114921,0.005458,0.020221,0.000000,0.00706059,0.00941693,-0.00006649,0.99993073,1
0.200000,-0.05031801,-0.18517941,-0.18020348,-0.15065509,0.11258698,-0.19887345,-0.23196767,0.477014,0.037319,0.203821,0.300000,0.057722,0.116377,0.002776,0.020760,0.000000,0.00615813,0.01003040,-0.00006177,0.99993073,1
0.220000,-0.06423238,-0.20438468,-0.19797869,-0.16467389,0.12814492,-0.21405427,-0.24717110,0.474926,0.041738,0.190023,0.300000,0.057292,0.117823,0.000046,0.020945,0.000000,0.00520275,0.01055765,-0.00005493,0.99993073,1
0.240000,-0.07823451,-0.22362213,-0.21577014,-0.17869192,0.14370646,-0.22923389,-0.26237446,0.472268,0.045412,0.176270,0.300000,0.056826,0.119257,-0.002684,0.020772,0.000000,0.00420266,0.01099415,-0.00004621,0.99993073,1
0.260000,-0.09240654,-0.24288496,-0.23357090,-0.19271848,0.15926956,-0.24441239,-0.27757788,0.469095,0.048350,0.162599,0.300000,0.056324,0.120679,-0.005369,0.020245,0.000000,0.00316645,0.01133615,-0.00003590,0.99993073,1
0.280000,-0.10681736,-0.26216772,-0.25137368,-0.20676389,0.17483199,-0.25959018,-0.29278132,0.465460,0.050562,0.149047,0.300000,0.055787,0.122087,-0.007962,0.019373,0.000000,0.00210304,0.01158072,-0.00002436,0.99993073,1
0.300000,-0.12152939,-0.28146651,-0.26917025,-0.22083801,0.19039126,-0.27476734,-0.30798480,0.461422,0.052060,0.135649,0.300000,0.055214,0.123482,-0.010419,0.018170,0.000000,0.00102155,0.01172573,-0.00001198,0.99993073,1
0.320000,-0.13659871,-0.30077890,-0.28695244,-0.23494904,0.20594534,-0.28994429,-0.32318828,0.457035,0.052864,0.122436,0.300000,0.054606,0.124863,-0.012699,0.016656,0.000000,-0.00006871,0.01176995,0.00000081,0.99993073,1
0.340000,-0.15207358,-0.32010341,-0.30471125,-0.24910384,0.22149242,-0.30512103,-0.33839175,0.452356,0.052997,0.109440,0.300000,0.053964,0.126227,-0.014762,0.014859,0.000000,-0.00115839,0.01171300,0.00001357,0.99993073,1
0.360000,-0.16798620,-0.33943996,-0.32243857,-0.26330668,0.23703122,-0.32029805,-0.35359517,0.447436,0.052486,0.096690,0.300000,0.053288,0.127575,-0.016572,0.012808,0.000000,-0.00223811,0.01155537,0.00002586,0.99993073,1
0.380000,-0.18434966,-0.35879001,-0.34012607,-0.27756155,0.25256047,-0.33547544,-0.36879855,0.442325,0.051361,0.084214,0.300000,0.052578,0.128905,-0.018101,0.010539,0.000000,-0.00329860,0.01129841,0.00003727,0.99993073,1
0.400000,-0.20114906,-0.37815616,-0.35776594,-0.29187009,0.26807925,-0.35065353,-0.38400179,0.437069,0.049657,0.072040,0.300000,0.051835,0.130217,-0.019320,0.008090,0.000000,-0.00433074,0.01094432,0.00004740,0.99993073,1
0.420000,-0.21834846,-0.39746210,-0.37536758,-0.30623537,0.28358629,-0.36583260,-0.39920509,0.431705,0.047419,0.060217,0.300000,0.051060,0.131510,-0.020209,0.005502,0.000000,-0.00532567,0.01049617,0.00005590,0.99993073,1
0.440000,-0.23584944,-0.41516361,-0.39322051,-0.32066128,0.29908469,-0.38100946,-0.41440839,0.426207,0.044806,0.049215,0.300000,0.050252,0.132784,-0.020754,0.002821,0.000000,-0.00627483,0.00995780,0.00006249,0.99993073,1
0.460000,-0.25328514,-0.42977998,-0.41119525,-0.33513212,0.31457970,-0.39618894,-0.42823273,0.420697,0.042021,0.039556,0.300000,0.049412,0.134036,-0.020945,0.000092,0.000000,-0.00717007,0.00933384,0.00006693,0.99993073,1
0.480000,-0.27017167,-0.44040716,-0.42922866,-0.34966308,0.33006611,-0.41137436,-0.43806773,0.415304,0.039247,0.031516,0.300000,0.048541,0.135267,-0.020778,-0.002639,0.000000,-0.00800369,0.00862966,0.00006907,0.99993073,1
0.500000,-0.28606451,-0.44649941,-0.44726396,-0.36426011,0.34553948,-0.42656100,-0.44357648,0.410153,0.036657,0.025222,0.300000,0.047639,0.136476,-0.020257,-0.005325,0.000000,-0.00876853,0.00785132,0.00006885,0.99993073,1
0.520000,-0.30060190,-0.44792330,-0.46523640,-0.37892333,0.36099705,-0.44174826,-0.44484639,0.405338,0.034391,0.020650,0.300000,0.046708,0.137661,-0.019390,-0.007920,0.000000,-0.00945800,0.00700550,0.00006626,0.99993073,1
0.540000,-0.31355548,-0.44494841,-0.48309168,-0.39364889,0.37643725,-0.45693663,-0.44212544,0.400910,0.032541,0.017645,0.300000,0.045747,0.138823,-0.018192,-0.010379,0.000000,-0.01006618,0.00609947,0.00006140,0.99993073,1
0.560000,-0.32487896,-0.43809789,-0.50080454,-0.40843290,0.39185911,-0.47212571,-0.43589595,0.396872,0.031151,0.015972,0.300000,0.044756,0.139961,-0.016684,-0.012662,0.000000,-0.01058784,0.00514102,0.00005444,0.99993073,1
0.580000,-0.33463466,-0.42822599,-0.51833612,-0.42325824,0.40726468,-0.48731610,-0.42669201,0.393195,0.030210,0.015317,0.300000,0.043738,0.141073,-0.014891,-0.014729,0.000000,-0.01101850,0.00413840,0.00004560,0.99993073,1
0.600000,-0.34297696,-0.41724107,-0.53554976,-0.43808460,0.42265850,-0.50250977,-0.41503966,0.389825,0.029585,0.015108,0.300000,0.042692,0.142159,-0.012845,-0.016544,0.000000,-0.01135445,0.00310021,0.00003520,0.99993073,1
0.620000,-0.35041386,-0.40607932,-0.55267251,-0.45297059,0.43803090,-0.51770341,-0.40153739,0.386637,0.029202,0.015004,0.300000,0.041619,0.143219,-0.010579,-0.018077,0.000000,-0.01159280,0.00203539,0.00002360,0.99993073,1
0.640000,-0.35716251,-0.39487949,-0.56975877,-0.46788910,0.45339260,-0.53289837,-0.38633406,0.383575,0.029077,0.014941,0.300000,0.040520,0.144251,-0.008132,-0.019302,0.000000,-0.01173150,0.00095308,0.00001118,0.99993073,1
0.660000,-0.36325946,-0.38366655,-0.58681887,-0.48283690,0.46874407,-0.54808998,-0.37113059,0.380594,0.029231,0.014905,0.300000,0.039395,0.145255,-0.005547,-0.020197,0.000000,-0.01176935,-0.00013743,-0.00000162,0.99993073,1
0.680000,-0.36880389,-0.37244594,-0.60385585,-0.49781671,0.48408440,-0.56328213,-0.35592717,0.377651,0.029680,0.014885,0.300000,0.038245,0.146231,-0.002867,-0.020748,0.000000,-0.01170604,-0.00122675,-0.00001436,0.99993073,1
0.700000,-0.37385371,-0.36122039,-0.62087405,-0.51282227,0.49941540,-0.57847506,-0.34072372,0.374699,0.030438,0.014874,0.300000,0.037072,0.147177,-0.000138,-0.020945,0.000000,-0.01154210,-0.00230553,-0.00002661,0.99993073,1
0.720000,-0.37843862,-0.34999067,-0.63787717,-0.52785093,0.51473737,-0.59366876,-0.32552031,0.371694,0.031507,0.014865,0.300000,0.035874,0.148094,0.002593,-0.020784,0.000000,-0.01127895,-0.00336450,-0.00003795,0.99993073,1
0.740000,-0.38259196,-0.33875561,-0.65486795,-0.54290092,0.53005069,-0.60886335,-0.31031695,0.368588,0.032887,0.014855,0.300000,0.034654,0.148980,0.005280,-0.020269,0.000000,-0.01091885,-0.00439456,-0.00004799,0.99993073,1
0.760000,-0.38634753,-0.32751250,-0.67185014,-0.55796987,0.54535550,-0.62405878,-0.29511359,0.365337,0.034572,0.014838,0.300000,0.033413,0.149836,0.007877,-0.019407,0.000000,-0.01046490,-0.00538686,-0.00005638,0.99993073,1
0.780000,-0.38973811,-0.31625727,-0.68882626,-0.57305586,0.56065214,-0.63925523,-0.27991030,0.361896,0.036547,0.014810,0.300000,0.032150,0.150660,0.010340,-0.018215,0.000000,-0.00992100,-0.00633286,-0.00006283,0.99993073,1
0.800000,-0.39279276,-0.30498424,-0.70579916,-0.58815765,0.57594204,-0.65445203,-0.26470688,0.358225,0.038795,0.014769,0.300000,0.030866,0.151452,0.012626,-0.016712,0.000000,-0.00929182,-0.00722444,-0.00006713,0.99993073,1
0.820000,-0.39554203,-0.29367891,-0.72278804,-0.60324061,0.59035248,-0.66964775,-0.24950352,0.354380,0.041185,0.014742,0.300000,0.029564,0.152211,0.014696,-0.014924,0.000000,-0.00858279,-0.00805394,-0.00006913,0.99993073,1
0.840000,-0.39796564,-0.28233719,-0.73978764,-0.61831892,0.60346371,-0.68484318,-0.23430009,0.350382,0.043642,0.014738,0.300000,0.028242,0.152937,0.016516,-0.012881,0.000000,-0.00779999,-0.00881422,-0.00006876,0.99993073,1
0.860000,-0.40001902,-0.27098098,-0.75643229,-0.63339293,0.61518764,-0.70003688,-0.21909665,0.346317,0.046145,0.014806,0.300000,0.026903,0.153630,0.018054,-0.010618,0.000000,-0.00695016,-0.00949874,-0.00006602,0.99993073,1
0.880000,-0.40156421,-0.25962579,-0.77202654,-0.64846337,0.62571681,-0.71423763,-0.20389320,0.342298,0.048725,0.015033,0.300000,0.025547,0.154290,0.019284,-0.008174,0.000000,-0.00604059,-0.01010162,-0.00006102,0.99993073,1
0.900000,-0.40229556,-0.24824370,-0.78617382,-0.66353691,0.63542759,-0.72574365,-0.18868977,0.338317,0.051409,0.015471,0.300000,0.024174,0.154914,0.020185,-0.005591,0.000000,-0.00507912,-0.01061768,-0.00005393,0.99993073,1
0.920000,-0.40190196,-0.23681247,-0.79869187,-0.67860603,0.64446574,-0.73403627,-0.17348637,0.334380,0.054172,0.016155,0.300000,0.022787,0.155505,0.020742,-0.002912,0.000000,-0.00407400,-0.01104248,-0.00004499,0.99993073,1
0.940000,-0.40020141,-0.22531836,-0.80946106,-0.69366932,0.65280420,-0.73908472,-0.15828295,0.330517,0.056960,0.017111,0.300000,0.021385,0.156060,0.020944,-0.000184,0.000000,-0.00303387,-0.01137236,-0.00003450,0.99993073,1
0.960000,-0.39711285,-0.21375301,-0.81839150,-0.70872867,0.66041225,-0.74105167,-0.14307953,0.326764,0.059717,0.018355,0.300000,0.019969,0.156579,0.020790,0.002548,0.000000,-0.00196768,-0.01160449,-0.00002284,0.99993073,1
0.980000,-0.39265990,-0.20210589,-0.82549798,-0.72379363,0.66741449,-0.74020326,-0.12787613,0.323115,0.062398,0.019880,0.300000,0.018541,0.157063,0.020280,0.005236,0.000000,-0.00088457,-0.01173686,-0.00001038,0.99993073,1
1.000000,-0.38694689,-0.19036977,-0.83085471,-0.73886657,0.67396492,-0.73688245,-0.11267274,0.319555,0.064957,0.021667,0.300000,0.017101,0.157511,0.019425,0.007834,0.000000,0.00020613,-0.01176835,0.00000243,0.99993073,1
1.020000,-0.38010427,-0.17854078,-0.83454329,-0.75394720,0.68020940,-0.73145598,-0.09746931,0.316070,0.067354,0.023699,0.300000,0.015650,0.157923,0.018238,0.010300,0.000000,0.00129507,-0.01169868,0.00001515,0.99993073,1
1.040000,-0.37227458,-0.16661565,-0.83664495,-0.76903564,0.68628395,-0.72428149,-0.08226590,0.312652,0.069547,0.025956,0.300000,0.014190,0.158298,0.016740,0.012589,0.000000,0.00237287,-0.01152844,0.00002736,0.99993073,1
1.060000,-0.36359754,-0.15459159,-0.83723414,-0.78413129,0.69231540,-0.71568620,-0.06706247,0.309300,0.071497,0.028424,0.300000,0.012720,0.158636,0.014956,0.014663,0.000000,0.00343029,-0.01125911,0.00003862,0.99993073,1
1.080000,-0.35419318,-0.14246647,-0.83637476,-0.79923314,0.69841802,-0.70595753,-0.05185902,0.306017,0.073171,0.031091,0.300000,0.011243,0.158937,0.012917,0.016488,0.000000,0.00445823,-0.01089301,0.00004857,0.99993073,1
1.100000,-0.34415969,-0.13023831,-0.83411980,-0.81434089,0.70469463,-0.69534099,-0.03665555,0.302812,0.074535,0.033951,0.300000,0.009758,0.159201,0.010658,0.018031,0.000000,0.00544786,-0.01043326,0.00005684,0.99993073,1
1.120000,-0.33357599,-0.11790522,-0.83051503,-0.82945395,0.71123922,-0.68404204,-0.02145208,0.299702,0.075563,0.037000,0.300000,0.008267,0.159428,0.008217,0.019266,0.000000,0.00639067,-0.00988385,0.00006317,0.99993073,1
1.140000,-0.32250726,-0.10546564,-0.82560086,-0.84457201,0.71813458,-0.67223513,-0.00624859,0.296701,0.076230,0.040236,0.300000,0.006771,0.159617,0.005635,0.020173,0.000000,0.00727857,-0.00924948,0.00006733,0.99993073,1
1.160000,-0.31100777,-0.09291831,-0.81941438,-0.85969520,0.72544658,-0.66006476,0.00895489,0.293832,0.076517,0.043660,0.300000,0.005271,0.159768,0.002958,0.020735,0.000000,0.00810391,-0.00853562,0.00006918,0.99993073,1
1.180000,-0.29920840,-0.08026145,-0.81199026,-0.87482727,0.73322350,-0.64765334,0.02415836,0.291119,0.076409,0.047270,0.300000,0.003767,0.159882,0.000230,0.020944,0.000000,0.00885961,-0.00774839,0.00006865,0.99993073,1
1.200000,-0.28726852,-0.06749579,-0.80335879,-0.88996959,0.74154955,-0.63511664,0.03936184,0.288580,0.075907,0.051061,0.300000,0.002261,0.159957,-0.002502,0.020795,0.000000,0.00953916,-0.00689458,0.00006577,0.99993073,1
1.220000,-0.27524412,-0.05462359,-0.79354841,-0.90511847,0.75051695,-0.62256324,0.05456532,0.286234,0.075013,0.055035,0.300000,0.000754,0.159995,-0.005191,0.020292,0.000000,0.01013672,-0.00598151,0.00006064,0.99993073,1
1.240000,-0.26313266,-0.04164586,-0.78258985,-0.92027330,0.76016784,-0.61007792,0.06976881,0.284100,0.073728,0.059197,0.300000,-0.000754,0.159995,-0.007792,0.019442,0.000000,0.01064716,-0.00501705,0.00005342,0.99993073,1
1.260000,-0.25092515,-0.02856412,-0.77051502,-0.93543446,0.77054250,-0.59772503,0.08497231,0.282198,0.072058,0.063552,0.300000,-0.002261,0.159957,-0.010259,0.018260,0.000000,0.01106608,-0.00400947,0.00004437,0.99993073,1
1.280000,-0.23861089,-0.01537544,-0.75744724,-0.95060444,0.78169972,-0.58555096,0.10017581,0.280517,0.070011,0.068088,0.300000,-0.003767,0.159882,-0.012552,0.016767,0.000000,0.01138988,-0.00296743,0.00003380,0.99993073,1
1.300000,-0.22617359,-0.00203555,-0.74425036,-0.96579289,0.79358494,-0.57363057,0.11537924,0.278890,0.067565,0.072665,0.300000,-0.005271,0.159768,-0.014631,0.014988,0.000000,0.01161578,-0.00189990,0.00002207,0.99993073,1
1.320000,-0.21361208,0.01141793,-0.73106003,-0.98097557,0.80569136,-0.56234008,0.13058272,0.277409,0.064705,0.077263,0.300000,-0.006771,0.159617,-0.016459,0.012953,0.000000,0.01174183,-0.00081604,0.00000958,0.99993073,1
1.340000,-0.20091638,0.02497211,-0.71786523,-0.99616218,0.81786823,-0.55185717,0.14578623,0.276133,0.061455,0.081886,0.300000,-0.008267,0.159428,-0.018007,0.010697,0.000000,0.01176695,0.00027483,-0.00000323,0.99993073,1
1.360000,-0.18807192,0.03806236,-0.70462376,-1.01133394,0.83012205,-0.54226607,0.16098976,0.275114,0.057837,0.086440,0.300000,-0.009758,0.159201,-0.019248,0.008259,0.000000,0.01169091,0.00136335,-0.00001594,0.99993073,1
1.380000,-0.17529026,0.04936597,-0.69130284,-1.02647781,0.84216678,-0.53358215,0.17619327,0.274475,0.053865,0.090679,0.300000,-0.011243,0.158937,-0.020160,0.005680,0.000000,0.01151439,0.00244014,-0.00002810,0.99993073,1
1.400000,-0.16313943,0.05829424,-0.67797339,-1.04163814,0.85345280,-0.52584714,0.19139677,0.274341,0.049598,0.094471,0.300000,-0.012720,0.158636,-0.020729,0.003003,0.000000,0.01123889,0.00349597,-0.00003929,0.99993073,1
1.420000,-0.15192692,0.06494825,-0.66464776,-1.05682099,0.86413574,-0.51922613,0.20578632,0.274720,0.045157,0.097817,0.300000,-0.014190,0.158298,-0.020943,0.000276,0.000000,0.01086679,0.00452175,-0.00004914,0.99993073,1
1.440000,-0.14174882,0.06961437,-0.65132523,-1.07202733,0.87449014,-0.51368588,0.21871373,0.275577,0.040651,0.100767,0.300000,-0.015650,0.157923,-0.020801,-0.002456,0.000000,0.01040128,0.00550868,-0.00005730,0.99993073,1
1.460000,-0.13265747,0.07257273,-0.63800085,-1.08725500,0.88485479,-0.50904614,0.23039325,0.276852,0.036181,0.103368,0.300000,-0.017101,0.157511,-0.020303,-0.005147,0.000000,0.00984637,0.00644827,-0.00006350,0.99993073,1
1.480000,-0.12461746,0.07410491,-0.62467587,-1.10249889,0.89554924,-0.50515229,0.24098982,0.278479,0.031828,0.105671,0.300000,-0.018541,0.157063,-0.019459,-0.007749,0.000000,0.00920683,0.00733245,-0.00006751,0.99993073,1
1.500000,-0.11753732,0.07448280,-0.61135143,-1.11775553,0.90680647,-0.50184345,0.25065127,0.280392,0.027657,0.107732,0.300000,-0.019969,0.156579,-0.018283,-0.010219,0.000000,0.00848816,0.00815361,-0.00006921,0.99993073,1
1.520000,-0.11130527,0.07394484,-0.59802818,-1.13302159,0.91878796,-0.49894428,0.25949681,0.282531,0.023715,0.109602,0.300000,-0.021385,0.156060,-0.016795,-0.012515,0.000000,0.00769654,0.00890470,-0.00006854,0.99993073,1
1.540000,-0.10579979,0.07268299,-0.58470625,-1.14829338,0.93158513,-0.49626508,0.26760691,0.284840,0.020037,0.111325,0.300000,-0.022787,0.155505,-0.015020,-0.014598,0.000000,0.00683877,0.00957925,-0.00006551,0.99993073,1
1.560000,-0.10089829,0.07083587,-0.57138604,-1.16356838,0.94522905,-0.49360839,0.27502194,0.287273,0.016649,0.112939,0.300000,-0.024174,0.154914,-0.012989,-0.016431,0.000000,0.00592223,0.01017147,-0.00006024,0.99993073,1
1.580000,-0.09648445,0.06849707,-0.55815780,-1.17884552,0.95969313,-0.49077958,0.28174981,0.289767,0.013564,0.114453,0.300000,-0.025547,0.154290,-0.010737,-0.017984,0.000000,0.00495480,0.01067627,-0.00005290,0.99993073,1
1.600000,-0.09245560,0.06571893,-0.54525447,-1.19412243,0.97483808,-0.48762542,0.28776845,0.292256,0.010782,0.115844,0.300000,-0.026903,0.153630,-0.008301,-0.019230,0.000000,0.00394479,0.01108930,-0.00004375,0.99993073,1
1.620000,-0.08872576,0.06250315,-0.53272772,-1.20939255,0.99012220,-0.48405728,0.29305491,0.294772,0.008293,0.117128,0.300000,-0.028242,0.152937,-0.005724,-0.020148,0.000000,0.00290088,0.01140701,-0.00003309,0.99993073,1
1.640000,-0.08519133,0.05886223,-0.52053380,-1.22465980,1.00540161,-0.47993973,0.29765794,0.297301,0.006093,0.118329,0.300000,-0.029564,0.152211,-0.003049,-0.020722,0.000000,0.00183205,0.01162667,-0.00002130,0.99993073,1
1.660000,-0.08174331,0.05483663,-0.50866914,-1.23992562,1.02067029,-0.47513554,0.30155703,0.299794,0.004179,0.119462,0.300000,-0.030866,0.151452,-0.000322,-0.020943,0.000000,0.00074747,0.01174639,-0.00000878,0.99993073,1
1.680000,-0.07828877,0.05045069,-0.49715161,-1.25518858,1.03592956,-0.46952823,0.30468994,0.302197,0.002541,0.120537,0.300000,-0.032150,0.150660,0.002411,-0.020806,0.000000,-0.00034352,0.01176514,0.00000404,0.99993073,1
1.700000,-0.07475481,0.04570131,-0.48599693,-1.27044916,1.05118048,-0.46301904,0.30699265,0.304459,0.001166,0.121553,0.300000,-0.033413,0.149836,0.005102,-0.020314,0.000000,-0.00143157,0.01168276,0.00001673,0.99993073,1
1.720000,-0.07108185,0.04057322,-0.47520864,-1.28570652,1.06642354,-0.45552734,0.30840716,0.306533,0.000035,0.122513,0.300000,-0.034654,0.148980,0.007706,-0.019476,0.000000,-0.00250732,0.01149995,0.00002884,0.99993073,1
1.740000,-0.06721828,0.03506270,-0.46478927,-1.30095875,1.08131421,-0.44699454,0.30888769,0.308433,-0.000880,0.123426,0.300000,-0.035874,0.148094,0.010179,-0.018305,0.000000,-0.00356152,0.01121829,0.00003996,0.99993073,1
1.760000,-0.06309593,0.02918245,-0.45475256,-1.31620479,1.09543395,-0.43735990,0.30841234,0.310181,-0.001618,0.124300,0.300000,-0.037072,0.147177,0.012478,-0.016822,0.000000,-0.00458511,0.01084020,0.00004971,0.99993073,1
1.780000,-0.05862188,0.02297257,-0.44514367,-1.33144689,1.10858107,-0.42655346,0.30695260,0.311764,-0.002216,0.125136,0.300000,-0.038245,0.146231,0.014565,-0.015052,0.000000,-0.00556932,0.01036893,0.00005775,0.99993073,1
1.800000,-0.05368355,0.01649701,-0.43601963,-1.34668422,1.12060428,-0.41450918,0.30445248,0.313155,-0.002717,0.125932,0.300000,-0.039395,0.145255,0.016402,-0.013025,0.000000,-0.00650565,0.00980855,0.00006382,0.99993073,1
1.820000,-0.04816498,0.00982745,-0.42743227,-1.36191666,1.13135684,-0.40116158,0.30085319,0.314335,-0.003169,0.126689,0.300000,-0.040520,0.144251,0.017960,-0.010776,0.000000,-0.00738607,0.00916386,0.00006769,0.99993073,1
1.840000,-0.04197128,0.00302645,-0.41940701,-1.37714553,1.14070833,-0.38646472,0.29608443,0.315293,-0.003618,0.127404,0.300000,-0.041619,0.143219,0.019212,-0.008343,0.000000,-0.00820303,0.00844040,0.00006924,0.99993073,1
1.860000,-0.03504891,-0.00385215,-0.41194880,-1.39237249,1.14856112,-0.37125722,0.29009023,0.316048,-0.004098,0.128077,0.300000,-0.042692,0.142159,0.020135,-0.005768,0.000000,-0.00894948,0.00764441,0.00006842,0.99993073,1
1.880000,-0.02744762,-0.01072892,-0.40521717,-1.40760255,1.15495396,-0.35605019,0.28347424,0.316564,-0.004635,0.128678,0.300000,-0.043738,0.141073,0.020715,-0.003094,0.000000,-0.00961902,0.00678273,0.00006525,0.99993073,1
1.900000,-0.01921542,-0.01750411,-0.39945748,-1.42283309,1.15985334,-0.34084496,0.27671009,0.316790,-0.005261,0.129165,0.300000,-0.044756,0.139961,0.020942,-0.000368,0.000000,-0.01020588,0.00586274,0.00005984,0.99993073,1
1.920000,-0.01032451,-0.02408509,-0.39479107,-1.43806159,1.16306341,-0.32563969,0.26989362,0.316729,-0.006020,0.129522,0.300000,-0.045747,0.138823,0.020811,0.002365,0.000000,-0.01070502,0.00489239,0.00005238,0.99993073,1
1.940000,-0.00076533,-0.03041997,-0.39116710,-1.45328927,1.16451144,-0.31043389,0.26305941,0.316403,-0.006950,0.129751,0.300000,-0.046708,0.137661,0.020325,0.005057,0.000000,-0.01111214,0.00387999,0.00004312,0.99993073,1
1.960000,0.00939126,-0.03650619,-0.38844049,-1.46851885,1.16433716,-0.29522753,0.25621548,0.315829,-0.008077,0.129864,0.300000,-0.047639,0.136476,0.019493,0.007664,0.000000,-0.01142375,0.00283425,0.00003238,0.99993073,1
1.980000,0.02000348,-0.04238460,-0.38642120,-1.48375165,1.16279960,-0.28002051,0.24934793,0.315016,-0.009414,0.129871,0.300000,-0.048541,0.135267,0.018327,0.010139,0.000000,-0.01163717,0.00176414,0.00002053,0.99993073,1
2.000000,0.03088891,-0.04812061,-0.38490608,-1.49898863,1.16019392,-0.26481304,0.24242653,0.313981,-0.010971,0.129788,0.300000,-0.049412,0.134036,0.016850,0.012441,0.000000,-0.01175056,0.00067889,0.00000798,0.99993073,1
2.020000,0.04185274,-0.05378421,-0.38370022,-1.51422918,1.15679789,-0.24960500,0.23541315,0.312743,-0.012754,0.129627,0.300000,-0.050252,0.132784,0.015084,0.014531,0.000000,-0.01176293,-0.00041220,-0.00000485,0.99993073,1
2.040000,0.05270585,-0.05943597,-0.38263264,-1.52947354,1.15284610,-0.23439649,0.22827049,0.311334,-0.014768,0.129404,0.300000,-0.051060,0.131510,0.013061,0.016374,0.000000,-0.01167420,-0.00149975,-0.00001751,0.99993073,1
2.060000,0.06327405,-0.06511990,-0.38156632,-1.54472065,1.14852142,-0.21918748,0.22096767,0.309786,-0.017019,0.129133,0.300000,-0.051835,0.130217,0.010816,0.017936,0.000000,-0.01148511,-0.00257441,-0.00002957,0.99993073,1
2.080000,0.07340173,-0.07086261,-0.38040245,-1.55997002,1.14396024,-0.20397818,0.21348433,0.308138,-0.019513,0.128827,0.300000,-0.052578,0.128905,0.008385,0.019193,0.000000,-0.01119730,-0.00362695,-0.00004061,0.99993073,1
2.100000,0.08295813,-0.07667621,-0.37907586,-1.57522047,1.13925195,-0.18876863,0.20581414,0.306433,-0.022252,0.128499,0.300000,-0.053288,0.127575,0.005812,0.020122,0.000000,-0.01081325,-0.00464832,-0.00005027,0.99993073,1
2.120000,0.09183671,-0.08255897,-0.37755430,-1.59047163,1.13445199,-0.17355901,0.19796592,0.304712,-0.025241,0.128159,0.300000,-0.053964,0.126227,0.003140,0.020708,0.000000,-0.01033624,-0.00562975,-0.00005819,0.99993073,1
2.140000,0.09994832,-0.08849774,-0.37583643,-1.60572326,1.12959087,-0.15834950,0.18996330,0.303018,-0.028477,0.127813,0.300000,-0.054606,0.124863,0.000414,0.020941,0.000000,-0.00977040,-0.00656280,-0.00006413,0.99993073,1
2.160000,0.10725243,-0.09446862,-0.37394166,-1.61915040,1.12468266,-0.14314297,0.18184142,0.301357,-0.031687,0.127419,0.300000,-0.055214,0.123482,-0.002319,0.020816,0.000000,-0.00912058,-0.00743946,-0.00006786,0.99993073,1
2.180000,0.11341830,-0.10047826,-0.37218639,-1.63043916,1.11988938,-0.12793587,0.17287394,0.299680,-0.034777,0.126928,0.300000,-0.055787,0.122087,-0.005013,0.020336,0.000000,-0.00839237,-0.00825217,-0.00006926,0.99993073,1
2.200000,0.11816512,-0.10661872,-0.37072185,-1.63967204,1.11500502,-0.11272783,0.16282074,0.298044,-0.037715,0.126313,0.300000,-0.056324,0.120679,-0.007621,0.019509,0.000000,-0.00759203,-0.00899397,-0.00006829,0.99993073,1
2.220000,0.12145586,-0.11289216,-0.36961699,-1.64694476,1.10976470,-0.09886932,0.15178615,0.296569,-0.040491,0.125570,0.300000,-0.056826,0.119257,-0.010099,0.018350,0.000000,-0.00672645,-0.00965846,-0.00006497,0.99993073,1
2.240000,0.12329262,-0.11909831,-0.36911187,-1.65256858,1.10403705,-0.08740113,0.14100283,0.295303,-0.043128,0.124708,0.300000,-0.057292,0.117822,-0.012404,0.016877,0.000000,-0.00580306,-0.01023994,-0.00005943,0.99993073,1
2.260000,0.12380414,-0.12490823,-0.36955744,-1.65688658,1.09772456,-0.07857680,0.13176563,0.294230,-0.045673,0.123734,0.300000,-0.057722,0.116377,-0.014498,0.015116,0.000000,-0.00482981,-0.01073340,-0.00005184,0.99993073,1
2.280000,0.12330854,-0.12999770,-0.37118331,-1.66017807,1.09066641,-0.07240679,0.12477195,0.293353,-0.048180,0.122666,0.300000,-0.058115,0.114921,-0.016345,0.013097,0.000000,-0.00381505,-0.01113461,-0.00004248,0.99993073,1
2.300000,0.12213258,-0.13413240,-0.37403569,-1.66259789,1.08281565,-0.06881997,0.12033506,0.292690,-0.050684,0.121529,0.300000,-0.058472,0.113456,-0.017913,0.010855,0.000000,-0.00276750,-0.01144011,-0.00003166,0.99993073,1
2.320000,0.12047428,-0.13719635,-0.37806320,-1.66417158,1.07431448,-0.06779467,0.11852486,0.292243,-0.053180,0.120346,0.300000,-0.058791,0.111983,-0.019175,0.008428,0.000000,-0.00169618,-0.01164727,-0.00001976,0.99993073,1
2.340000,0.11840243,-0.13917612,-0.38319710,-1.66491187,1.06541407,-0.06938738,0.11930435,0.292005,-0.055640,0.119132,0.300000,-0.059074,0.110501,-0.020110,0.005856,0.000000,-0.00061028,-0.01175432,-0.00000717,0.99993073,1
2.360000,0.11592846,-0.14012456,-0.38937280,-1.66488707,1.05635738,-0.07366626,0.12263861,0.291969,-0.058036,0.117889,0.300000,-0.059319,0.109014,-0.020701,0.003185,0.000000,0.00048086,-0.01176033,0.00000566,0.99993073,1
2.380000,0.11307112,-0.14011917,-0.39652073,-1.66421008,1.04731739,-0.08062656,0.12850310,0.292135,-0.060339,0.116617,0.300000,-0.059527,0.107520,-0.020940,0.000460,0.000000,0.00156788,-0.01166524,0.00001829,0.99993073,1
2.400000,0.10987552,-0.13924409,-0.40455860,-1.66298950,1.03841269,-0.09015951,0.13680932,0.292505,-0.062525,0.115314,0.300000,-0.059697,0.106022,-0.020821,-0.002274,0.000000,0.00264142,-0.01146988,0.00003030,0.99993073,1
2.420000,0.10640001,-0.13760287,-0.41336647,-1.66130674,1.02972877,-0.10207140,0.14735264,0.293085,-0.064565,0.113980,0.300000,-0.059830,0.104520,-0.020347,-0.004968,0.000000,0.00369227,-0.01117593,0.00004127,0.99993073,1
2.440000,0.10269148,-0.13531359,-0.42279738,-1.65920651,1.02135611,-0.11610427,0.15984884,0.293877,-0.066424,0.112616,0.300000,-0.059924,0.103015,-0.019526,-0.007578,0.000000,0.00471138,-0.01078592,0.00005082,0.99993073,1
2.460000,0.09877975,-0.13249527,-0.43270659,-1.65672255,1.01338696,-0.13131382,0.17398450,0.294851,-0.068068,0.111224,0.300000,-0.059981,0.101508,-0.018372,-0.010058,0.000000,0.00569001,-0.01030319,0.00005863,0.99993073,1
2.480000,0.09470619,-0.12928395,-0.44293252,-1.65376103,1.00588608,-0.14652555,0.18901184,0.295972,-0.069454,0.109800,0.300000,-0.060000,0.100000,-0.016904,-0.012367,0.000000,0.00661974,-0.00973191,0.00006443,0.99993073,1
2.500000,0.09046250,-0.12584883,-0.45331350,-1.65015578,0.99884742,-0.16173458,0.20399584,0.297250,-0.070517,0.108338,0.300000,-0.059981,0.098492,-0.015148,-0.014465,0.000000,0.00749258,-0.00907698,0.00006801,0.99993073,1
2.520000,0.08597425,-0.12234692,-0.46376592,-1.64600825,0.99227375,-0.17694275,0.21870364,0.298679,-0.071228,0.106831,0.300000,-0.059924,0.096985,-0.013133,-0.016316,0.000000,0.00830103,-0.00834405,0.00006927,0.99993073,1
2.540000,0.08125128,-0.11888507,-0.47425902,-1.64149046,0.98615927,-0.19215071,0.23308572,0.300240,-0.071578,0.105269,0.300000,-0.059830,0.095480,-0.010894,-0.017889,0.000000,0.00903813,-0.00753940,0.00006815,0.99993073,1
2.560000,0.07639907,-0.11551705,-0.48476765,-1.63680661,0.98043358,-0.20735863,0.24716239,0.301916,-0.071577,0.103651,0.300000,-0.059697,0.093978,-0.008470,-0.019156,0.000000,0.00969757,-0.00666994,0.00006469,0.99993073,1
2.580000,0.07155301,-0.11226384,-0.49526465,-1.63212645,0.97502655,-0.22256657,0.26099834,0.303686,-0.071242,0.101979,0.300000,-0.059527,0.092480,-0.005901,-0.020097,0.000000,0.01027364,-0.00574318,0.00005901,0.99993073,1
2.600000,0.06684168,-0.10913205,-0.50573015,-1.62759352,0.96988773,-0.23777467,0.27465805,0.305521,-0.070586,0.100261,0.300000,-0.059319,0.090986,-0.003231,-0.020694,0.000000,0.01076142,-0.00476706,0.00005130,0.99993073,1
2.620000,0.06237737,-0.10612675,-0.51614535,-1.62333882,0.96497381,-0.25298277,0.28819531,0.307385,-0.069628,0.098500,0.300000,-0.059074,0.089499,-0.000506,-0.020939,0.000000,0.01115669,-0.00374998,0.00004184,0.99993073,1
2.640000,0.05825702,-0.10325480,-0.52648646,-1.61947846,0.96024042,-0.26819083,0.30165800,0.309246,-0.068386,0.096707,0.300000,-0.058791,0.088017,0.002228,-0.020826,0.000000,0.01145607,-0.00270068,0.00003094,0.99993073,1
2.660000,0.05456296,-0.10052212,-0.53672385,-1.61611140,0.95564818,-0.28339881,0.31509075,0.311071,-0.066881,0.094890,0.300000,-0.058472,0.086544,0.004923,-0.020358,0.000000,0.01165698,-0.00162815,0.00001898,0.99993073,1
2.680000,0.05136276,-0.09793336,-0.54682112,-1.61331832,0.95116407,-0.29860663,0.32853356,0.312825,-0.065137,0.093060,0.300000,-0.058115,0.085079,0.007535,-0.019543,0.000000,0.01175768,-0.00054164,0.00000637,0.99993073,1
2.700000,0.04871030,-0.09549381,-0.55673796,-1.61116660,0.94676375,-0.31381425,0.34202167,0.314478,-0.063178,0.091229,0.300000,-0.057722,0.083623,0.010018,-0.018394,0.000000,0.01175732,0.00054952,-0.00000646,0.99993073,1
2.720000,0.04664695,-0.09321026,-0.56642890,-1.60971069,0.94242799,-0.32902148,0.35558510,0.316000,-0.061034,0.089410,0.300000,-0.057292,0.082178,0.012330,-0.016931,0.000000,0.01165588,0.00163596,-0.00001907,0.99993073,1
2.740000,0.04520288,-0.09109115,-0.57584369,-1.60899365,0.93814212,-0.34422824,0.36924925,0.317364,-0.058734,0.087616,0.300000,-0.056826,0.080743,0.014432,-0.015179,0.000000,0.01145426,0.00270834,-0.00003102,0.99993073,1
2.760000,0.04439812,-0.08914472,-0.58492923,-1.60904777,0.93389815,-0.35943469,0.38303408,0.318549,-0.056313,0.085859,0.300000,-0.056324,0.079321,0.016287,-0.013169,0.000000,0.01115418,0.00375745,-0.00004191,0.99993073,1
2.780000,0.04424203,-0.08737989,-0.59363323,-1.60988557,0.92969304,-0.37464058,0.39694425,0.319535,-0.053804,0.084152,0.300000,-0.055787,0.077913,0.017865,-0.010934,0.000000,0.01075822,0.00477426,-0.00005137,0.99993073,1
2.800000,0.04473159,-0.08580643,-0.60190398,-1.61149693,0.92552185,-0.38904977,0.41096544,0.320282,-0.051253,0.082508,0.300000,-0.055214,0.076518,0.019138,-0.008512,0.000000,0.01026980,0.00575006,-0.00005906,0.99993073,1
2.820000,0.04587264,-0.08446287,-0.60966420,-1.61366022,0.92133892,-0.40186995,0.42454103,0.320765,-0.048684,0.080932,0.300000,-0.054606,0.075137,0.020084,-0.005945,0.000000,0.00969309,0.00667644,-0.00006472,0.99993073,1
2.840000,0.04760331,-0.08343728,-0.61681539,-1.61609280,0.91705722,-0.41294023,0.43695301,0.320995,-0.046103,0.079425,0.300000,-0.053964,0.073773,0.020687,-0.003276,0.000000,0.00903308,0.00754544,-0.00006816,0.99993073,1
2.860000,0.04977074,-0.08283038,-0.62328351,-1.61862576,0.91264349,-0.42230976,0.44783244,0.320986,-0.043521,0.077988,0.300000,-0.053288,0.072425,0.020938,-0.000552,0.000000,0.00829544,0.00834960,-0.00006927,0.99993073,1
2.880000,0.05222459,-0.08270429,-0.62902963,-1.62117863,0.90811837,-0.43009499,0.45702890,0.320742,-0.040963,0.076622,0.300000,-0.052578,0.071095,0.020831,0.002182,0.000000,0.00748650,0.00908200,-0.00006800,0.99993073,1
2.900000,0.05485906,-0.08307059,-0.63402629,-1.62371659,0.90351397,-0.43642503,0.46451649,0.320272,-0.038462,0.075336,0.300000,-0.051835,0.069783,0.020369,0.004879,0.000000,0.00661322,0.00973634,-0.00006439,0.99993073,1
2.920000,0.05759420,-0.08391111,-0.63825440,-1.62619793,0.89887649,-0.44144142,0.47034040,0.319583,-0.036054,0.074140,0.300000,-0.051060,0.068490,0.019559,0.007492,0.000000,0.00568311,0.01030700,-0.00005858,0.99993073,1
2.940000,0.06035133,-0.08520247,-0.64171970,-1.62856638,0.89425552,-0.44532251,0.47458431,0.318684,-0.033770,0.073041,0.300000,-0.050252,0.067216,0.018416,0.009978,0.000000,0.00470415,0.01078907,-0.00005076,0.99993073,1
2.960000,0.06304595,-0.08692263,-0.64445955,-1.63076437,0.88967991,-0.44828540,0.47738257,0.317589,-0.031638,0.072040,0.300000,-0.049412,0.065964,0.016958,0.012293,0.000000,0.00368478,0.01117840,-0.00004119,0.99993073,1
2.980000,0.06559400,-0.08904143,-0.64654797,-1.63273561,0.88514137,-0.45058063,0.47893631,0.316311,-0.029681,0.071134,0.300000,-0.048541,0.064733,0.015211,0.014398,0.000000,0.00263374,0.01147165,-0.00003022,0.99993073,1
3.000000,0.06792102,-0.09150886,-0.64809525,-1.63442767,0.88059145,-0.45249185,0.47952247,0.314870,-0.027922,0.070315,0.300000,-0.047639,0.063524,0.013205,0.016258,0.000000,0.00156006,0.01166629,-0.00001820,0.99993073,1
3.020000,0.06996684,-0.09424951,-0.64924937,-1.63579285,0.87594777,-0.45432913,0.47948343,0.313287,-0.026376,0.069576,0.300000,-0.046708,0.062339,0.010973,0.017841,0.000000,0.00047299,0.01176065,-0.00000556,0.99993073,1
3.040000,0.07168755,-0.09716570,-0.65018135,-1.63679171,0.87110394,-0.45641920,0.47920349,0.311586,-0.025058,0.068907,0.300000,-0.045747,0.061177,0.008554,0.019119,0.000000,-0.00061815,0.01175391,0.00000727,0.99993073,1
3.060000,0.07305268,-0.10014405,-0.65107238,-1.63738561,0.86594504,-0.45909211,0.47909191,0.309794,-0.023979,0.068300,0.300000,-0.044756,0.060039,0.005989,0.020071,0.000000,-0.00170397,0.01164614,0.00001985,0.99993073,1
3.080000,0.07404035,-0.10306189,-0.65210158,-1.63753426,0.86036777,-0.46267596,0.47956109,0.307935,-0.023146,0.067748,0.300000,-0.043738,0.058927,0.003321,0.020680,0.000000,-0.00277516,0.01143825,0.00003175,0.99993073,1
3.100000,0.07463315,-0.10579374,-0.65343404,-1.63719773,0.85429943,-0.46748793,0.48100621,0.306037,-0.022558,0.067248,0.300000,-0.042692,0.057841,0.000598,0.020937,0.000000,-0.00382250,0.01113205,0.00004256,0.99993073,1
3.120000,0.07481289,-0.10821979,-0.65521038,-1.63633597,0.84770954,-0.47382137,0.48377669,0.304125,-0.022212,0.066799,0.300000,-0.041619,0.056781,-0.002136,0.020836,0.000000,-0.00483699,0.01073017,0.00005191,0.99993073,1
3.140000,0.07455865,-0.11024038,-0.65753055,-1.63491094,0.84061515,-0.48193008,0.48814699,0.302224,-0.022099,0.066402,0.300000,-0.040520,0.055749,-0.004834,0.020380,0.000000,-0.00580991,0.01023605,0.00005947,0.99993073,1
3.160000,0.07384428,-0.11178450,-0.66044712,-1.63288379,0.83307827,-0.49201307,0.49430993,0.300361,-0.022205,0.066062,0.300000,-0.039395,0.054745,-0.007449,0.019576,0.000000,-0.00673291,0.00965395,0.00006500,0.99993073,1
3.180000,0.07263838,-0.11280833,-0.66396791,-1.63021576,0.82520807,-0.50420922,0.50237745,0.298565,-0.022511,0.065782,0.300000,-0.038245,0.053769,-0.009937,0.018438,0.000000,-0.00759805,0.00898888,0.00006830,0.99993073,1
3.200000,0.07090756,-0.11329093,-0.66805929,-1.62687886,0.81715322,-0.51859695,0.51238745,0.296862,-0.022994,0.065569,0.300000,-0.037072,0.052823,-0.012256,0.016985,0.000000,-0.00839790,0.00824654,0.00006926,0.99993073,1
3.220000,0.06861448,-0.11323744,-0.67265135,-1.62285423,0.80907673,-0.53380239,0.52431214,0.295241,-0.023656,0.065432,0.300000,-0.035874,0.051906,-0.014365,0.015243,0.000000,-0.00912556,0.00743334,0.00006784,0.99993073,1
3.240000,0.06575078,-0.11272299,-0.67758465,-1.61783969,0.80107176,-0.54900777,0.53713870,0.293729,-0.024454,0.065368,0.300000,-0.034654,0.051020,-0.016229,0.013240,0.000000,-0.00977479,0.00655626,0.00006409,0.99993073,1
3.260000,0.06219031,-0.11188167,-0.68267632,-1.61159480,0.79320729,-0.56421095,0.55003959,0.292388,-0.025324,0.065377,0.300000,-0.033413,0.050164,-0.017817,0.011012,0.000000,-0.01034001,0.00562283,0.00005814,0.99993073,1
3.280000,0.05775943,-0.11083651,-0.68782604,-1.60409641,0.78565568,-0.57941359,0.56278032,0.291245,-0.026220,0.065445,0.300000,-0.032150,0.049340,-0.019100,0.008596,0.000000,-0.01081636,0.00464108,0.00005020,0.99993073,1
3.300000,0.05242307,-0.10965066,-0.69298738,-1.59549904,0.77857381,-0.59461623,0.57524908,0.290314,-0.027120,0.065560,0.300000,-0.030866,0.048548,-0.020057,0.006033,0.000000,-0.01119973,0.00361945,0.00004054,0.99993073,1
3.320000,0.04627692,-0.10835358,-0.69810253,-1.58602107,0.77204168,-0.60981870,0.58742166,0.289620,-0.028013,0.065716,0.300000,-0.029564,0.047789,-0.020673,0.003367,0.000000,-0.01148683,0.00256673,0.00002949,0.99993073,1
3.340000,0.03946254,-0.10696215,-0.70311898,-1.57586575,0.76611584,-0.62502134,0.59933537,0.289186,-0.028886,0.065908,0.300000,-0.028242,0.047063,-0.020935,0.000644,0.000000,-0.01167520,0.00149193,0.00001742,0.99993073,1
3.360000,0.03212658,-0.10546589,-0.70801741,-1.56523943,0.76084483,-0.64022428,0.61105669,0.289021,-0.029721,0.066131,0.300000,-0.026903,0.046370,-0.020840,-0.002091,0.000000,-0.01176321,0.00040433,0.00000476,0.99993073,1
3.380000,0.02441944,-0.10384522,-0.71279538,-1.55433404,0.75627482,-0.65542763,0.62264717,0.289122,-0.030501,0.066377,0.300000,-0.025547,0.045710,-0.020390,-0.004789,0.000000,-0.01175010,-0.00068675,-0.00000807,0.99993073,1
3.400000,0.01649217,-0.10209969,-0.71745038,-1.54333568,0.75242674,-0.67063123,0.63416159,0.289485,-0.031205,0.066640,0.300000,-0.024174,0.045086,-0.019592,-0.007406,0.000000,-0.01163599,-0.00177193,-0.00002062,0.99993073,1
3.420000,0.00848546,-0.10025010,-0.72198379,-1.53241909,0.74929810,-0.68583524,0.64564770,0.290102,-0.031811,0.066907,0.300000,-0.022787,0.044495,-0.018459,-0.009897,0.000000,-0.01142186,-0.00284188,-0.00003246,0.99993073,1
3.440000,0.00052362,-0.09832375,-0.72641081,-1.52173901,0.74686509,-0.70103973,0.65714163,0.290957,-0.032296,0.067165,0.300000,-0.021385,0.043940,-0.017012,-0.012218,0.000000,-0.01110954,-0.00388743,-0.00004319,0.99993073,1
3.460000,-0.00728437,-0.09634385,-0.73075479,-1.51143205,0.74508995,-0.71624464,0.66866523,0.292030,-0.032637,0.067399,0.300000,-0.019969,0.043421,-0.015274,-0.014332,0.000000,-0.01070174,-0.00489956,-0.00005244,0.99993073,1
3.480000,-0.01484289,-0.09433094,-0.73503792,-1.50161719,0.74391907,-0.73144960,0.68022776,0.293296,-0.032812,0.067600,0.300000,-0.018541,0.042937,-0.013276,-0.016200,0.000000,-0.01020195,-0.00586958,-0.00005989,0.99993073,1
3.500000,-0.02207387,-0.09230448,-0.73928231,-1.49239028,0.74329478,-0.74665487,0.69183314,0.294728,-0.032800,0.067757,0.300000,-0.017101,0.042489,-0.011051,-0.017792,0.000000,-0.00961447,-0.00678916,-0.00006528,0.99993073,1
3.520000,-0.02892753,-0.09028190,-0.74352157,-1.48380697,0.74315041,-0.76186025,0.70348507,0.296290,-0.032582,0.067859,0.300000,-0.015650,0.042077,-0.008638,-0.019081,0.000000,-0.00894436,-0.00765040,-0.00006843,0.99993073,1
3.540000,-0.03537491,-0.08827531,-0.74779069,-1.47590446,0.74341142,-0.77706587,0.71518022,0.297947,-0.032137,0.067897,0.300000,-0.014190,0.041702,-0.006077,-0.020044,0.000000,-0.00819738,-0.00844589,-0.00006924,0.99993073,1
3.560000,-0.04139519,-0.08629145,-0.75211507,-1.46870995,0.74400151,-0.79227167,0.72691721,0.299659,-0.031452,0.067865,0.300000,-0.012720,0.041364,-0.003412,-0.020665,0.000000,-0.00737993,-0.00916881,-0.00006767,0.99993073,1
3.580000,-0.04697212,-0.08433302,-0.75650615,-1.46223736,0.74484581,-0.80747777,0.73870134,0.301391,-0.030517,0.067761,0.300000,-0.011243,0.041063,-0.000690,-0.020934,0.000000,-0.00649907,-0.00981291,-0.00006378,0.99993073,1
3.600000,-0.05209374,-0.08239588,-0.76095510,-1.45648515,0.74587721,-0.82268399,0.75055337,0.303109,-0.029327,0.067588,0.300000,-0.009758,0.040799,0.002045,-0.020845,0.000000,-0.00556237,-0.01037267,-0.00005770,0.99993073,1
3.620000,-0.05675087,-0.08047158,-0.76544160,-1.45144629,0.74704349,-0.83789021,0.76249623,0.304778,-0.027880,0.067351,0.300000,-0.008267,0.040572,0.004745,-0.020401,0.000000,-0.00457786,-0.01084327,-0.00004964,0.99993073,1
3.640000,-0.06093617,-0.07855435,-0.76993781,-1.44712007,0.74829954,-0.85309631,0.77454805,0.306366,-0.026185,0.067057,0.300000,-0.006771,0.040383,0.007363,-0.019608,0.000000,-0.00355401,-0.01122067,-0.00003988,0.99993073,1
3.660000,-0.06464449,-0.07664335,-0.77440757,-1.44351053,0.74960172,-0.86830235,0.78672528,0.307845,-0.024252,0.066714,0.300000,-0.005271,0.040232,0.009856,-0.018481,0.000000,-0.00249962,-0.01150162,-0.00002875,0.99993073,1
3.680000,-0.06787146,-0.07474048,-0.77880740,-1.44062436,0.75090677,-0.88350821,0.79904878,0.309187,-0.022099,0.066329,0.300000,-0.003767,0.040118,0.012181,-0.017039,0.000000,-0.00142376,-0.01168371,-0.00001664,0.99993073,1
3.700000,-0.07061180,-0.07284813,-0.78308672,-1.43846965,0.75217468,-0.89871383,0.81154120,0.310373,-0.019752,0.065913,0.300000,-0.002261,0.040043,0.014298,-0.015306,0.000000,-0.00033564,-0.01176537,-0.00000395,0.99993073,1
3.720000,-0.07285922,-0.07096903,-0.78718859,-1.43705726,0.75337130,-0.91391897,0.82422590,0.311384,-0.017239,0.065477,0.300000,-0.000754,0.040005,0.016171,-0.013311,0.000000,0.00075535,-0.01174589,0.00000887,0.99993073,1
3.740000,-0.07460780,-0.06910666,-0.79104841,-1.43639791,0.75447083,-0.92912376,0.83712608,0.312208,-0.014592,0.065033,0.300000,0.000754,0.040005,0.017768,-0.011090,0.000000,0.00183984,-0.01162544,0.00002139,0.99993073,1
3.760000,-0.07585273,-0.06726512,-0.79459834,-1.43650138,0.75545806,-0.94432819,0.85026485,0.312837,-0.011850,0.064593,0.300000,0.002261,0.040043,0.019062,-0.008679,0.000000,0.00290852,-0.01140507,0.00003317,0.99993073,1
3.780000,-0.07659148,-0.06544926,-0.79776913,-1.43737149,0.75633097,-0.95953220,0.86366576,0.313266,-0.009052,0.064170,0.300000,0.003767,0.040118,0.020031,-0.006121,0.000000,0.00395221,-0.01108666,0.00004382,0.99993073,1
3.800000,-0.07682730,-0.06366810,-0.80049586,-1.43899679,0.75710088,-0.97473556,0.87734789,0.313491,-0.006237,0.063774,0.300000,0.005271,0.040232,0.020658,-0.003458,0.000000,0.00496194,-0.01067295,0.00005296,0.99993073,1
3.820000,-0.07657588,-0.06193659,-0.80272168,-1.44133699,0.75777477,-0.98865032,0.89130521,0.313486,-0.003481,0.063414,0.300000,0.006771,0.040383,0.020932,-0.000735,0.000000,0.00592905,-0.01016750,0.00006029,0.99993073,1
3.840000,-0.07582345,-0.06026921,-0.80436206,-1.44401419,0.75817227,-1.00032592,0.90480959,0.313276,-0.000822,0.063105,0.300000,0.008267,0.040572,0.020849,0.001999,0.000000,0.00684519,-0.00957467,0.00006554,0.99993073,1
3.860000,-0.07466938,-0.05874195,-0.80535978,-1.44655097,0.75811708,-1.00968325,0.91709375,0.312902,0.001736,0.062843,0.300000,0.009758,0.040799,0.020411,0.004700,0.000000,0.00770250,-0.00889954,0.00006855,0.99993073,1
3.880000,-0.07334808,-0.05748393,-0.80573142,-1.44863296,0.75761026,-1.01703846,0.92773223,0.312374,0.004198,0.062601,0.300000,0.011243,0.041063,0.019624,0.007320,0.000000,0.00849361,-0.00814792,0.00006921,0.99993073,1
3.900000,-0.07208135,-0.05658592,-0.80552012,-1.45017588,0.75674540,-1.02280140,0.93656337,0.311687,0.006549,0.062358,0.300000,0.012720,0.041364,0.018503,0.009816,0.000000,0.00921173,-0.00732628,0.00006749,0.99993073,1
3.920000,-0.07100105,-0.05606010,-0.80474228,-1.45122898,0.75563711,-1.02730834,0.94363195,0.310845,0.008761,0.062109,0.300000,0.014190,0.041702,0.017065,0.012144,0.000000,0.00985068,-0.00644168,0.00006346,0.99993073,1
3.940000,-0.07016685,-0.05586653,-0.80338973,-1.45186210,0.75442243,-1.03081763,0.94909042,0.309855,0.010802,0.061867,0.300000,0.015650,0.042077,0.015337,0.014264,0.000000,0.01040496,-0.00550172,0.00005725,0.99993073,1
3.960000,-0.06961916,-0.05595203,-0.80146056,-1.45210969,0.75323695,-1.03359163,0.95312744,0.308731,0.012645,0.061643,0.300000,0.017101,0.042489,0.013347,0.016142,0.000000,0.01086982,-0.00451447,0.00004907,0.99993073,1
3.980000,-0.06940438,-0.05626144,-0.79898280,-1.45198727,0.75219309,-1.03592765,0.95596981,0.307485,0.014270,0.061445,0.300000,0.018541,0.042937,0.011129,0.017744,0.000000,0.01124123,-0.00348843,0.00003922,0.99993073,1
4.000000,-0.06956824,-0.05673049,-0.79601723,-1.45150411,0.75136673,-1.03815007,0.95789963,0.306134,0.015662,0.061278,0.300000,0.019969,0.043421,0.008721,0.019043,0.000000,0.01151602,-0.00243243,0.00002801,0.99993073,1
4.020000,-0.07014096,-0.05727702,-0.79265732,-1.45067370,0.75079459,-1.04059541,0.95924503,0.304694,0.016811,0.061145,0.300000,0.021385,0.043940,0.006165,0.020017,0.000000,0.01169182,-0.00135552,0.00001585,0.99993073,1
4.040000,-0.07113129,-0.05780265,-0.78901750,-1.44951665,0.75047958,-1.04359746,0.96036130,0.303187,0.017710,0.061050,0.300000,0.022787,0.044495,0.003503,0.020650,0.000000,0.01176713,-0.00026696,0.00000314,0.99993073,1
4.060000,-0.07252863,-0.05820115,-0.78522241,-1.44805765,0.75040710,-1.04747331,0.96161085,0.301634,0.018355,0.060999,0.300000,0.024174,0.045086,0.000781,0.020930,0.000000,0.01174128,0.00082389,-0.00000967,0.99993073,1
4.080000,-0.07430828,-0.05836771,-0.78139824,-1.44632673,0.75055802,-1.05250740,0.96333998,0.300058,0.018746,0.060994,0.300000,0.025547,0.045710,-0.001953,0.020854,0.000000,0.01161450,0.00190769,-0.00002216,0.99993073,1
4.100000,-0.07643873,-0.05820953,-0.77766126,-1.44435382,0.75091255,-1.05893314,0.96584815,0.298484,0.018887,0.061040,0.300000,0.026903,0.046370,-0.004655,0.020421,0.000000,0.01138789,0.00297506,-0.00003388,0.99993073,1
4.120000,-0.07887723,-0.05765115,-0.77410185,-1.44217741,0.75146121,-1.06687665,0.96934861,0.296937,0.018786,0.061140,0.300000,0.028242,0.047063,-0.007277,0.019640,0.000000,0.01106339,0.00401688,-0.00004444,0.99993073,1
4.140000,-0.08157033,-0.05664176,-0.77077341,-1.43983138,0.75220561,-1.07634330,0.97394478,0.295447,0.018450,0.061301,0.300000,0.029564,0.047789,-0.009775,0.018524,0.000000,0.01064380,0.00502418,-0.00005348,0.99993073,1
4.160000,-0.08447032,-0.05516598,-0.76769817,-1.43732476,0.75314850,-1.08725190,0.97963601,0.294048,0.017894,0.061526,0.300000,0.030866,0.048548,-0.012106,0.017092,0.000000,0.01013271,0.00598830,-0.00006068,0.99993073,1
4.180000,-0.08755338,-0.05323980,-0.76488930,-1.43463397,0.75429040,-1.09948421,0.98635775,0.292770,0.017142,0.061814,0.300000,0.032150,0.049340,-0.014231,0.015368,0.000000,0.00953454,0.00690096,-0.00006580,0.99993073,1
4.200000,-0.09081893,-0.05089537,-0.76237011,-1.43172002,0.75562710,-1.11292589,0.99402350,0.291640,0.016224,0.062158,0.300000,0.033413,0.050164,-0.016112,0.013382,0.000000,0.00885442,0.00775432,-0.00006866,0.99993073,1
4.220000,-0.09427743,-0.04816703,-0.76018471,-1.42853725,0.75714201,-1.12748241,1.00255573,0.290678,0.015175,0.062545,0.300000,0.034654,0.051020,-0.017719,0.011168,0.000000,0.00809820,0.00854103,-0.00006917,0.99993073,1
4.240000,-0.09794227,-0.04508450,-0.75840741,-1.42503738,0.75879848,-1.14268482,1.01190042,0.289889,0.014024,0.062959,0.300000,0.035874,0.051906,-0.019024,0.008763,0.000000,0.00727239,0.00925434,-0.00006731,0.99993073,1
4.260000,-0.10182529,-0.04167388,-0.75713021,-1.42108357,0.76047349,-1.15788877,1.02182436,0.289280,0.012801,0.063382,0.300000,0.037072,0.052823,-0.020004,0.006209,0.000000,0.00638405,0.00988813,-0.00006313,0.99993073,1
4.280000,-0.10597891,-0.03796813,-0.75649393,-1.41644216,0.76197064,-1.17309260,1.03200889,0.288866,0.011568,0.063784,0.300000,0.038245,0.053769,-0.020642,0.003548,0.000000,0.00544088,0.01043691,-0.00005679,0.99993073,1
4.300000,-0.11052563,-0.03400535,-0.75677061,-1.41092527,0.76313984,-1.18829691,1.04246175,0.288618,0.010385,0.064111,0.300000,0.039395,0.054745,-0.020929,0.000827,0.000000,0.00445094,0.01089599,-0.00004850,0.99993073,1
4.320000,-0.11553070,-0.02976256,-0.75818187,-1.40447736,0.76382506,-1.20350182,1.05314887,0.288514,0.009298,0.064326,0.300000,0.040520,0.055749,-0.020858,-0.001908,0.000000,0.00342276,0.01126141,-0.00003855,0.99993073,1
4.340000,-0.12096640,-0.02517941,-0.76080513,-1.39712012,0.76393974,-1.21870708,1.06403434,0.288550,0.008341,0.064430,0.300000,0.041619,0.056781,-0.020431,-0.004610,0.000000,0.00236515,0.01153003,-0.00002727,0.99993073,1
4.360000,-0.12676606,-0.02022339,-0.76461470,-1.38892663,0.76350206,-1.23391235,1.07508147,0.288724,0.007544,0.064434,0.300000,0.042692,0.057841,-0.019656,-0.007234,0.000000,0.00128723,0.01169954,-0.00001506,0.99993073,1
4.380000,-0.13286093,-0.01490688,-0.76952910,-1.38000870,0.76259488,-1.24911749,1.08624077,0.289031,0.006931,0.064346,0.300000,0.043738,0.058927,-0.018546,-0.009734,0.000000,0.00019825,0.01176848,-0.00000233,0.99993073,1
4.400000,-0.13918659,-0.00927178,-0.77543509,-1.37049603,0.76133120,-1.26432252,1.09745622,0.289463,0.006527,0.064178,0.300000,0.044756,0.060039,-0.017119,-0.012069,0.000000,-0.00089243,0.01173627,0.00001047,0.99993073,1
4.420000,-0.14568159,-0.00337128,-0.78220284,-1.36052048,0.75983268,-1.27952743,1.10867143,0.290007,0.006352,0.063937,0.300000,0.045747,0.061177,-0.015399,-0.014197,0.000000,-0.00197547,0.01160316,0.00002292,0.99993073,1
4.440000,-0.15228708,0.00274011,-0.78968889,-1.35021973,0.75822252,-1.29473209,1.11983466,0.290651,0.006426,0.063637,0.300000,0.046708,0.062339,-0.013418,-0.016083,0.000000,-0.00304151,0.01137032,0.00003459,0.99993073,1
4.460000,-0.15894331,0.00900850,-0.79774886,-1.33972633,0.75662142,-1.30993664,1.13090241,0.291376,0.006765,0.063289,0.300000,0.047639,0.063524,-0.011207,-0.017695,0.000000,-0.00408141,0.01103974,0.00004506,0.99993073,1
4.480000,-0.16558880,0.01538172,-0.80624712,-1.32916832,0.75513542,-1.32514143,1.14183939,0.292161,0.007383,0.062907,0.300000,0.048541,0.064733,-0.008805,-0.019005,0.000000,-0.00508624,0.01061427,0.00005399,0.99993073,1
4.500000,-0.17216329,0.02181190,-0.81506139,-1.31866455,0.75385112,-1.34034586,1.15261734,0.292980,0.008289,0.062500,0.300000,0.049412,0.065964,-0.006252,-0.019990,0.000000,-0.00604736,0.01009757,0.00006107,0.99993073,1
4.520000,-0.17860945,0.02825679,-0.82408273,-1.30831933,0.75283378,-1.35555017,1.16321409,0.293806,0.009490,0.062080,0.300000,0.050252,0.067216,-0.003594,-0.020634,0.000000,-0.00695652,0.00949408,0.00006605,0.99993073,1
4.540000,-0.18487424,0.03468001,-0.83321446,-1.29822850,0.75212795,-1.37075448,1.17361462,0.294609,0.010988,0.061656,0.300000,0.051060,0.068490,-0.000873,-0.020927,0.000000,-0.00780589,0.00880899,0.00006877,0.99993073,1
4.560000,-0.19090959,0.04104810,-0.84236991,-1.28847635,0.75176305,-1.38595843,1.18381131,0.295360,0.012781,0.061236,0.300000,0.051835,0.069783,0.001862,-0.020862,0.000000,-0.00858817,0.00804819,0.00006912,0.99993073,1
4.580000,-0.19667193,0.04732899,-0.85146970,-1.27914131,0.75175327,-1.40116167,1.19379961,0.296029,0.014862,0.060831,0.300000,0.052578,0.071095,0.004565,-0.020441,0.000000,-0.00929665,0.00721823,0.00006711,0.99993073,1
4.600000,-0.20212168,0.05349293,-0.86043942,-1.27029753,0.75210029,-1.41636479,1.20358264,0.296585,0.017218,0.060447,0.300000,0.053288,0.072425,0.007191,-0.019672,0.000000,-0.00992524,0.00632621,0.00006279,0.99993073,1
4.620000,-0.20722191,0.05951443,-0.86920339,-1.26201642,0.75279635,-1.43156767,1.21316969,0.297004,0.019831,0.060094,0.300000,0.053964,0.073773,0.009694,-0.018567,0.000000,-0.01046851,0.00537984,0.00005632,0.99993073,1
4.640000,-0.21193621,0.06537125,-0.87768441,-1.25437462,0.75382900,-1.44677007,1.22257888,0.297263,0.022677,0.059784,0.300000,0.054606,0.075137,0.012031,-0.017145,0.000000,-0.01092179,0.00438725,0.00004792,0.99993073,1
4.660000,-0.21622619,0.07104241,-0.88580102,-1.24745381,0.75518274,-1.46197248,1.23183548,0.297341,0.025728,0.059528,0.300000,0.055214,0.076518,0.014163,-0.015431,0.000000,-0.01128120,0.00335695,0.00003787,0.99993073,1
4.680000,-0.22005020,0.07650733,-0.89346880,-1.24134731,0.75683957,-1.47717428,1.24097455,0.297224,0.028949,0.059339,0.300000,0.055787,0.077913,0.016054,-0.013453,0.000000,-0.01154364,0.00229781,0.00002653,0.99993073,1
4.700000,-0.22336152,0.08174609,-0.90059489,-1.23615801,0.75878084,-1.49204624,1.25004065,0.296899,0.032288,0.059231,0.300000,0.056324,0.079321,0.017670,-0.011246,0.000000,-0.01170686,0.00121892,0.00001427,0.99993073,1
4.720000,-0.22609709,0.08674601,-0.90707040,-1.23196089,0.76095545,-1.50478327,1.25896347,0.296352,0.035643,0.059227,0.300000,0.056826,0.080743,0.018985,-0.008846,0.000000,-0.01176944,0.00012956,0.00000152,0.99993073,1
4.740000,-0.22814767,0.09151566,-0.91273516,-1.22867107,0.76316518,-1.51475346,1.26705873,0.295626,0.038953,0.059368,0.300000,0.057292,0.082178,0.019976,-0.006296,0.000000,-0.01173086,-0.00096092,-0.00001127,0.99993073,1
4.760000,-0.22946900,0.09599631,-0.91739172,-1.22632110,0.76536542,-1.52177393,1.27395988,0.294759,0.042170,0.059683,0.300000,0.057722,0.083623,0.020627,-0.003639,0.000000,-0.01159144,-0.00204314,-0.00002368,0.99993073,1
4.780000,-0.23002002,0.10008059,-0.92084324,-1.22507226,0.76762003,-1.52570093,1.27948022,0.293773,0.045235,0.060187,0.300000,0.058115,0.085079,0.020925,-0.000919,0.000000,-0.01135237,-0.00310782,-0.00003528,0.99993073,1
4.800000,-0.22969124,0.10365733,-0.92286414,-1.22517872,0.77000016,-1.52626908,1.28342927,0.292698,0.048071,0.060908,0.300000,0.058472,0.086544,0.020866,0.001816,0.000000,-0.01101573,-0.00414578,-0.00004567,0.99993073,1
4.820000,-0.22831582,0.10659888,-0.92318422,-1.22692513,0.77253515,-1.52308369,1.28550935,0.291586,0.050591,0.061879,0.300000,0.058791,0.088017,0.020451,0.004520,0.000000,-0.01058440,-0.00514811,-0.00005449,0.99993073,1
4.840000,-0.22576067,0.10873994,-0.92150563,-1.23050940,0.77518320,-1.51586628,1.28546262,0.290514,0.052715,0.063139,0.300000,0.059074,0.089499,0.019688,0.007148,0.000000,-0.01006210,-0.00610620,-0.00006145,0.99993073,1
4.860000,-0.22195597,0.10988393,-0.91753888,-1.23598123,0.77789360,-1.50460887,1.28315544,0.289571,0.054385,0.064713,0.300000,0.059319,0.090986,0.018588,0.009653,0.000000,-0.00945330,-0.00701183,-0.00006629,0.99993073,1
4.880000,-0.21692975,0.10980459,-0.91105509,-1.24325252,0.78060192,-1.48950386,1.27857411,0.288844,0.055565,0.066607,0.300000,0.059527,0.092480,0.017171,0.011993,0.000000,-0.00876326,-0.00785719,-0.00006886,0.99993073,1
4.900000,-0.21083093,0.10826520,-0.90188521,-1.25212252,0.78328061,-1.47428703,1.27175665,0.288447,0.056351,0.068807,0.300000,0.059697,0.093978,0.015462,0.014129,0.000000,-0.00799791,-0.00863502,-0.00006907,0.99993073,1
4.920000,-0.20403433,0.10531873,-0.89019436,-1.26275992,0.78622198,-1.45907509,1.26472473,0.288323,0.056711,0.071261,0.300000,0.059830,0.095480,0.013488,0.016024,0.000000,-0.00716382,-0.00933864,-0.00006690,0.99993073,1
4.940000,-0.19662526,0.10135942,-0.87726241,-1.27489150,0.78961486,-1.44386768,1.25801551,0.288176,0.056597,0.073763,0.300000,0.059924,0.096985,0.011284,0.017645,0.000000,-0.00626815,-0.00996201,-0.00006245,0.99993073,1
4.960000,-0.18872905,0.09696395,-0.86422992,-1.28793073,0.79317939,-1.42866182,1.25151241,0.287832,0.056001,0.076180,0.300000,0.059981,0.098492,0.008888,0.018966,0.000000,-0.00531863,-0.01049974,-0.00005585,0.99993073,1
4.980000,-0.18066129,0.09254595,-0.85122049,-1.30110085,0.79674280,-1.41345525,1.24499452,0.287341,0.054995,0.078541,0.300000,0.060000,0.100000,0.006340,0.019962,0.000000,-0.00432340,-0.01094723,-0.00004733,0.99993073,1
5.000000,-0.17275092,0.08823600,-0.83820742,-1.31389976,0.80049688,-1.39824843,1.23828804,0.286712,0.053779,0.080848,0.300000,0.000140,0.100000,0.003684,0.020618,0.000000,-0.00328838,-0.01130138,0.00019684,0.99993071,0
5.020000,-0.16189577,0.08183677,-0.82504237,-1.32887638,0.80538338,-1.38304067,1.22888827,0.285875,0.051956,0.082798,0.299999,0.000558,0.100000,0.000965,0.020923,0.000000,-0.00221962,-0.01155893,0.00090407,0.99993032,0
5.040000,-0.14906131,0.07496820,-0.81207061,-1.34400165,0.80802262,-1.36783409,1.21984148,0.285360,0.049729,0.084688,0.299997,0.001247,0.100000,-0.001770,0.020870,0.000000,-0.00112620,-0.01171614,0.00206454,0.99992860,0
5.060000,-0.13587576,0.06842388,-0.79902065,-1.35916615,0.81061864,-1.35262787,1.21092451,0.284911,0.047328,0.086557,0.299992,0.002202,0.100000,-0.004475,0.020461,0.000000,-0.00001765,-0.01177014,0.00366840,0.99992400,0
5.080000,-0.12254487,0.06224179,-0.78594565,-1.37433982,0.81360936,-1.33742154,1.20206225,0.284495,0.044788,0.088375,0.299981,0.003416,0.100000,-0.007104,0.019703,0.000000,0.00109614,-0.01171899,0.00570578,0.99991445,0
5.100000,-0.10908984,0.05645746,-0.77285093,-1.38951504,0.81712139,-1.32221472,1.19322193,0.284139,0.042124,0.090139,0.299960,0.004886,0.100000,-0.009612,0.018609,0.000000,0.00220500,-0.01156173,0.00816680,0.99989738,0
5.120000,-0.09550748,0.05107886,-0.75973475,-1.40469265,0.82121414,-1.30700815,1.18438995,0.283881,0.039351,0.091849,0.299927,0.006603,0.100000,-0.011956,0.017198,0.000000,0.00329861,-0.01129841,0.01104156,0.99986977,0
5.140000,-0.08179169,0.04610304,-0.74659687,-1.41987097,0.82592654,-1.29180205,1.17555678,0.283756,0.036488,0.093502,0.299878,0.008564,0.100000,-0.014095,0.015493,0.000000,0.00436650,-0.01093011,0.01432020,0.99982818,0
5.160000,-0.06793626,0.04151627,-0.73343569,-1.43505085,0.83128470,-1.27659595,1.16671097,0.283801,0.033557,0.095096,0.299807,0.010762,0.100000,-0.015994,0.013523,0.000000,0.00539832,-0.01045900,0.01799284,0.99976884,0
5.180000,-0.05534079,0.03730403,-0.72025096,-1.45029426,0.83730245,-1.26138711,1.15785134,0.284043,0.030704,0.096619,0.299710,0.013190,0.100000,-0.017621,0.011323,0.000000,0.00638383,-0.00988828,0.02204965,0.99968759,0
5.200000,-0.04505724,0.03326263,-0.70702326,-1.46555686,0.84452540,-1.24617743,1.14891422,0.284421,0.028070,0.098024,0.299581,0.015844,0.100000,-0.018946,0.008930,0.000000,0.00731306,-0.00922224,0.02648082,0.99958003,0
5.220000,-0.03719120,0.02927098,-0.69378930,-1.47723198,0.85293412,-1.23097122,1.13987219,0.284921,0.026087,0.099284,0.299416,0.018717,0.100000,-0.019948,0.006384,0.000000,0.00817642,-0.00846619,0.03127654,0.99944147,0
5.240000,-0.03215343,0.02519203,-0.68052292,-1.48502016,0.86274427,-1.21576130,1.12940884,0.285497,0.024881,0.100385,0.299207,0.021802,0.100000,-0.020610,0.003729,0.000000,0.00896480,-0.00762644,0.03642707,0.99926700,0
5.260000,-0.03021032,0.02090568,-0.66723460,-1.48904395,0.87385631,-1.20055020,1.11725307,0.286142,0.024530,0.101325,0.298949,0.025093,0.100000,-0.020921,0.001011,0.000000,0.00966966,-0.00671031,0.04192264,0.99905153,0
5.280000,-0.03115007,0.01638358,-0.65393656,-1.48980772,0.88587075,-1.18533897,1.10357475,0.286898,0.025023,0.102127,0.298635,0.028584,0.100000,-0.020874,-0.001724,0.000000,0.01028322,-0.00572597,0.04775355,0.99878980,0
5.300000,-0.03447389,0.01169807,-0.64063317,-1.48795497,0.89839274,-1.17012906,1.08872747,0.287807,0.026307,0.102831,0.298259,0.032268,0.100000,-0.020471,-0.004431,0.000000,0.01079847,-0.00468248,0.05391008,0.99847642,0
5.320000,-0.03959280,0.00698501,-0.62732428,-1.48412943,0.91120481,-1.15492177,1.07352376,0.288879,0.028312,0.103480,0.297815,0.036138,0.100000,-0.019719,-0.007061,0.000000,0.01120930,-0.00358960,0.06038250,0.99810592,0
5.340000,-0.04590510,0.00242519,-0.61401123,-1.47895920,0.92423987,-1.13971639,1.05832005,0.290095,0.030958,0.104117,0.297296,0.040187,0.100000,-0.018630,-0.009571,0.000000,0.01151059,-0.00245785,0.06716107,0.99767272,0
5.360000,-0.05288463,-0.00184151,-0.60069227,-1.47298098,0.93748730,-1.12451124,1.04311633,0.291427,0.034176,0.104778,0.296695,0.044407,0.100000,-0.017224,-0.011918,0.000000,0.01169830,-0.00129823,0.07423604,0.99717124,0
5.380000,-0.06014521,-0.00575769,-0.58736682,-1.46659803,0.95096225,-1.10930717,1.02791262,0.292839,0.037916,0.105479,0.296006,0.048791,0.100000,-0.015523,-0.014061,0.000000,0.01176951,-0.00012226,0.08159760,0.99659585,0
5.400000,-0.06742122,-0.00931717,-0.57403600,-1.46009505,0.96469265,-1.09410346,1.01270890,0.294291,0.042145,0.106229,0.295222,0.053332,0.100000,-0.013558,-0.015965,0.000000,0.01172249,0.00105825,0.08923588,0.99594097,0
5.420000,-0.07452445,-0.01251212,-0.56099933,-1.45368791,0.97869849,-1.07890141,0.99750549,0.295679,0.046825,0.106975,0.294336,0.058020,0.100000,-0.011362,-0.017596,0.000000,0.01155672,0.00223125,0.09714092,0.99520104,0
5.440000,-0.08127565,-0.01530454,-0.54885459,-1.44760144,0.99276102,-1.06468523,0.98230213,0.296892,0.051923,0.107623,0.293343,0.062849,0.100000,-0.008971,-0.018926,0.000000,0.01127298,0.00338462,0.10530268,0.99437056,0
5.460000,-0.08750457,-0.01762027,-0.53790998,-1.44217885,1.00650668,-1.05183065,0.96709877,0.297903,0.057382,0.108152,0.292236,0.067810,0.100000,-0.006428,-0.019934,0.000000,0.01087326,0.00450632,0.11371103,0.99344414,0
5.480000,-0.09308600,-0.01940889,-0.52824217,-1.43748534,1.01969135,-1.04014277,0.95189548,0.298695,0.063161,0.108577,0.291009,0.072894,0.100000,-0.003775,-0.020602,0.000000,0.01036089,0.00558441,0.12235568,0.99241652,0
5.500000,-0.09799017,-0.02068945,-0.51980609,-1.43342030,1.03214490,-1.02931011,0.93754315,0.299257,0.069253,0.108914,0.289658,0.078092,0.100000,-0.001057,-0.020918,0.000000,0.00974038,0.00660737,0.13122620,0.99128258,0
5.520000,-0.10217328,-0.02145082,-0.51260608,-1.42993581,1.04377174,-1.01911581,0.92414224,0.299559,0.075632,0.109178,0.288176,0.083396,0.100000,0.001679,-0.020878,0.000000,0.00901752,0.00756410,0.14031207,0.99003737,0
5.540000,-0.10560380,-0.02170458,-0.50660700,-1.42699933,1.05443275,-1.00938642,0.91154754,0.299587,0.082278,0.109382,0.286558,0.088796,0.100000,0.004386,-0.020481,0.000000,0.00819924,0.00844411,0.14960256,0.98867616,0
5.560000,-0.10831599,-0.02151034,-0.50175077,-1.42452407,1.06402147,-0.99996364,0.89961290,0.299327,0.089179,0.109535,0.284800,0.094282,0.100000,0.007018,-0.019734,0.000000,0.00729358,0.00923763,0.15908682,0.98719444,0
5.580000,-0.11037865,-0.02094739,-0.49797928,-1.42243552,1.07249188,-0.99073207,0.88818425,0.298756,0.096323,0.109635,0.282897,0.099846,0.100000,0.009530,-0.018651,0.000000,0.00630963,0.00993573,0.16875381,0.98558796,0
5.600000,-0.11185630,-0.02009229,-0.49522677,-1.42069864,1.07983375,-0.98159170,0.87713313,0.297848,0.103687,0.109682,0.280846,0.105477,0.100000,0.011880,-0.017250,0.000000,0.00525741,0.01053044,0.17859239,0.98385275,0
5.620000,-0.11279251,-0.01901477,-0.49341464,-1.41931009,1.08606064,-0.97243196,0.86635554,0.296584,0.111240,0.109682,0.278643,0.111166,0.100000,0.014027,-0.015554,0.000000,0.00414779,0.01101487,0.18859122,0.98198514,0
5.640000,-0.11321130,-0.01778086,-0.49244931,-1.41828227,1.09120250,-0.96312642,0.85575569,0.294946,0.118943,0.109640,0.276286,0.116903,0.100000,0.015935,-0.013593,0.000000,0.00299236,0.01138325,0.19873885,0.97998180,0
5.660000,-0.11312750,-0.01645747,-0.49221489,-1.41762984,1.09531021,-0.95354354,0.84523332,0.292925,0.126753,0.109567,0.273771,0.122677,0.100000,0.017571,-0.011400,0.000000,0.00180328,0.01163107,0.20902377,0.97783973,0
5.680000,-0.11255740,-0.01511847,-0.49256679,-1.41736519,1.09846783,-0.94355989,0.83468372,0.290515,0.134628,0.109477,0.271096,0.128479,0.100000,0.018907,-0.009013,0.000000,0.00059326,0.01175512,0.21943425,0.97555629,0
5.700000,-0.11152264,-0.01384471,-0.49334499,-1.41750038,1.10079241,-0.93305999,0.82400829,0.287712,0.142524,0.109382,0.268261,0.134299,0.100000,0.019920,-0.006472,0.000000,-0.00062476,0.01175353,0.22995854,0.97312925,0
5.720000,-0.11004712,-0.01272053,-0.49438691,-1.41805112,1.10241294,-0.92194027,0.81311518,0.284520,0.150399,0.109296,0.265263,0.140127,0.100000,0.020594,-0.003820,0.000000,-0.00183761,0.01162581,0.24058492,0.97055673,0
5.740000,-0.10815673,-0.01183025,-0.49553713,-1.41902459,1.10345125,-0.91011399,0.80192482,0.280943,0.158210,0.109229,0.262104,0.145951,0.100000,0.020916,-0.001103,0.000000,-0.00303212,0.01137290,0.25130149,0.96783729,0
5.760000,-0.10588160,-0.01125309,-0.49665859,-1.42042041,1.10401082,-0.89752054,0.79036897,0.276995,0.165916,0.109191,0.258782,0.151763,0.100000,0.020881,0.001633,0.000000,-0.00419524,0.01099710,0.26209647,0.96496990,0
5.780000,-0.10325214,-0.01105753,-0.49764204,-1.42223382,1.10417449,-0.88413763,0.77839833,0.272689,0.173479,0.109185,0.255298,0.157552,0.100000,0.020490,0.004341,0.000000,-0.00531420,0.01050214,0.27295797,0.96195396,0
5.800000,-0.10029945,-0.01129424,-0.49841475,-1.42445052,1.10399342,-0.86997938,0.76599485,0.268044,0.180861,0.109213,0.251655,0.163309,0.100000,0.019750,0.006974,0.000000,-0.00637667,0.00989307,0.28387434,0.95878925,0
5.820000,-0.09705804,-0.01198722,-0.49894625,-1.42704308,1.10349333,-0.85509527,0.75317413,0.263079,0.188028,0.109274,0.247853,0.169024,0.100000,0.018672,0.009489,0.000000,-0.00737088,0.00917625,0.29483387,0.95547604,0
5.840000,-0.09356108,-0.01313374,-0.49924591,-1.42998266,1.10267723,-0.83988887,0.73997778,0.257814,0.194957,0.109362,0.243894,0.174687,0.100000,0.017276,0.011842,0.000000,-0.00828581,0.00835929,0.30582494,0.95201501,0
5.860000,-0.08985493,-0.01470099,-0.49941018,-1.43330336,1.10154271,-0.82468188,0.72670573,0.252265,0.201606,0.109463,0.239783,0.180289,0.100000,0.015585,0.013993,0.000000,-0.00911124,0.00745095,0.31683618,0.94840725,0
5.880000,-0.08594274,-0.01661497,-0.49957228,-1.43705487,1.10000277,-0.80947542,0.71367180,0.246462,0.207923,0.109565,0.235522,0.185821,0.100000,0.013628,0.015905,0.000000,-0.00983798,0.00646101,0.32785623,0.94465431,0
5.900000,-0.08176631,-0.01877958,-0.49980626,-1.44122601,1.09788036,-0.79426897,0.70097828,0.240458,0.213878,0.109672,0.231116,0.191274,0.100000,0.011439,0.017546,0.000000,-0.01045788,0.00540027,0.33887407,0.94075812,0
5.920000,-0.07729457,-0.02111868,-0.50014120,-1.44574237,1.09505606,-0.77906209,0.68867463,0.234304,0.219460,0.109788,0.226568,0.196639,0.100000,0.009054,0.018887,0.000000,-0.01096401,0.00428028,0.34987864,0.93672109,0
5.940000,-0.07255872,-0.02359669,-0.50058609,-1.45048952,1.09152544,-0.76385498,0.67674738,0.228029,0.224661,0.109911,0.221884,0.201909,0.100000,0.006515,0.019906,0.000000,-0.01135068,0.00311330,0.36085934,0.93254598,0
5.960000,-0.06763708,-0.02620193,-0.50113338,-1.45535338,1.08735883,-0.74864775,0.66512579,0.221656,0.229480,0.110035,0.217070,0.207076,0.100000,0.003865,0.020585,0.000000,-0.01161358,0.00191215,0.37180562,0.92823599,0
5.980000,-0.06263325,-0.02893556,-0.50175107,-1.46022344,1.08266151,-0.73344004,0.65371907,0.215206,0.233919,0.110156,0.212132,0.212132,0.100000,0.001149,0.020914,0.000000,-0.01174974,0.00069003,0.38270718,0.92379472,0
6.000000,-0.05765908,-0.03180915,-0.50238848,-1.46499121,1.07755697,-0.71823192,0.64243722,0.208700,0.237987,0.110270,0.207076,0.217070,0.100000,-0.001587,0.020885,0.000000,-0.01175766,-0.00053964,0.39355401,0.91922614,0
6.020000,-0.05282648,-0.03483954,-0.50298893,-1.46955287,1.07216454,-0.70302361,0.63119698,0.202162,0.241694,0.110374,0.201909,0.221884,0.100000,-0.004296,0.020500,0.000000,-0.01163726,-0.00176328,0.40433625,0.91453467,0
6.040000,-0.04824223,-0.03804161,-0.50350130,-1.47381115,1.06659138,-0.68781537,0.61992335,0.195613,0.245057,0.110468,0.196639,0.226568,0.100000,-0.006931,0.019765,0.000000,-0.01138991,-0.00296745,0.41504432,0.90972505,0
6.060000,-0.04400264,-0.04142263,-0.50388587,-1.47767699,1.06092811,-0.67329144,0.60855281,0.189079,0.248116,0.110546,0.191274,0.231116,0.100000,-0.009448,0.018693,0.000000,-0.01101842,-0.00413893,0.42566889,0.90480244,0
6.080000,-0.04023333,-0.04495963,-0.50423712,-1.48119092,1.05526197,-0.65984780,0.59757948,0.182577,0.250876,0.110593,0.185821,0.235522,0.100000,-0.011804,0.017302,0.000000,-0.01052699,-0.00526489,0.43620083,0.89977236,0
6.100000,-0.03696179,-0.04856630,-0.50471008,-1.48442829,1.04953945,-0.64770168,0.58743441,0.176139,0.253334,0.110592,0.180289,0.239783,0.100000,-0.013959,0.015616,0.000000,-0.00992115,-0.00633301,0.44663123,0.89464071,0
6.120000,-0.03410843,-0.05210371,-0.50541359,-1.48746073,1.04358971,-0.63695782,0.57844329,0.169824,0.255504,0.110552,0.174687,0.243894,0.100000,-0.015875,0.013663,0.000000,-0.00920773,-0.00733167,0.45695142,0.88941378,0
6.140000,-0.03158456,-0.05543018,-0.50640357,-1.49027050,1.03730130,-0.62769097,0.57084405,0.163675,0.257413,0.110486,0.169024,0.247853,0.100000,-0.017520,0.011477,0.000000,-0.00839472,-0.00825005,0.46715291,0.88409820,0
6.160000,-0.02935546,-0.05843538,-0.50771004,-1.49279034,1.03068328,-0.62003142,0.56477869,0.157712,0.259089,0.110404,0.163309,0.251655,0.100000,-0.018867,0.009096,0.000000,-0.00749122,-0.00907828,0.47722750,0.87870096,0
6.180000,-0.02744480,-0.06104869,-0.50934482,-1.49495995,1.02382529,-0.61417043,0.56036723,0.151941,0.260562,0.110311,0.157552,0.255298,0.100000,-0.019892,0.006559,0.000000,-0.00650728,-0.00980753,0.48716711,0.87322945,0
6.200000,-0.02590072,-0.06322545,-0.51130158,-1.49675858,1.01684940,-0.61031574,0.55776346,0.146367,0.261862,0.110213,0.151763,0.258782,0.100000,-0.020577,0.003910,0.000000,-0.00545390,-0.01043007,0.49696391,0.86769139,0
6.220000,-0.02476119,-0.06493080,-0.51354277,-1.49820554,1.00989914,-0.60863698,0.55714107,0.140996,0.263019,0.110119,0.145951,0.262104,0.100000,-0.020911,0.001195,0.000000,-0.00434270,-0.01093945,0.50661023,0.86209486,0
6.240000,-0.02403625,-0.06614880,-0.51600665,-1.49932873,1.00315475,-0.60923618,0.55863941,0.135832,0.264057,0.110038,0.140126,0.265263,0.100000,-0.020888,-0.001541,0.000000,-0.00318594,-0.01133049,0.51609860,0.85644831,0
6.260000,-0.02371098,-0.06688737,-0.51862007,-1.50016701,0.99680674,-0.61213082,0.56230193,0.130881,0.265000,0.109976,0.134299,0.268261,0.100000,-0.020509,-0.004251,0.000000,-0.00199632,-0.01159935,0.52542192,0.85076041,0
6.280000,-0.02376545,-0.06717145,-0.52128679,-1.50076723,0.99101526,-0.61722672,0.56804925,0.126149,0.265875,0.109942,0.128479,0.271096,0.100000,-0.019780,-0.006888,0.000000,-0.00078682,-0.01174358,0.53457300,0.84504034,0
6.300000,-0.02417693,-0.06703648,-0.52388018,-1.50115740,0.98592949,-0.62428474,0.57564873,0.121638,0.266714,0.109946,0.122677,0.273771,0.100000,-0.018714,-0.009407,0.000000,0.00042944,-0.01176211,0.54354509,0.83929745,0
6.320000,-0.02493181,-0.06653523,-0.52625835,-1.50130415,0.98169774,-0.63298702,0.58475715,0.117341,0.267549,0.109997,0.116903,0.276286,0.100000,-0.017328,-0.011766,0.000000,0.00163935,-0.01165526,0.55233153,0.83354145,0
6.340000,-0.02605226,-0.06574319,-0.52830565,-1.50112545,0.97845143,-0.64304578,0.59498632,0.113232,0.268416,0.110093,0.111166,0.278643,0.100000,-0.015646,-0.013924,0.000000,0.00282996,-0.01142476,0.56092598,0.82778229,0
6.360000,-0.02758702,-0.06474887,-0.52995676,-1.50054896,0.97627199,-0.65422475,0.60598642,0.109284,0.269347,0.110225,0.105477,0.280846,0.100000,-0.013698,-0.015845,0.000000,0.00398867,-0.01107364,0.56932215,0.82203026,0
6.380000,-0.02956935,-0.06362852,-0.53119665,-1.49955308,0.97516513,-0.66631192,0.61748475,0.105469,0.270368,0.110376,0.099846,0.282897,0.100000,-0.011516,-0.017495,0.000000,0.00510324,-0.01060626,0.57751413,0.81629584,0
6.400000,-0.03199396,-0.06242778,-0.53204179,-1.49814963,0.97505766,-0.67910045,0.62928033,0.101769,0.271506,0.110533,0.094282,0.284800,0.100000,-0.009137,-0.018847,0.000000,0.00616212,-0.01002820,0.58549620,0.81058970,0
6.420000,-0.03482093,-0.06115831,-0.53252882,-1.49635458,0.97583812,-0.69239223,0.64122427,0.098164,0.272783,0.110688,0.088796,0.286558,0.100000,-0.006603,-0.019877,0.000000,0.00715439,-0.00934619,0.59326293,0.80492270,0
6.440000,-0.03799197,-0.05980668,-0.53271306,-1.49418724,0.97738564,-0.70601308,0.65319407,0.094635,0.274216,0.110834,0.083396,0.288175,0.100000,-0.003955,-0.020568,0.000000,0.00807000,-0.00856804,0.60080897,0.79930598,0
6.460000,-0.04144545,-0.05834548,-0.53267103,-1.49168384,0.97958547,-0.71981627,0.66509092,0.091158,0.275809,0.110965,0.078092,0.289658,0.100000,-0.001241,-0.020908,0.000000,0.00889982,-0.00770251,0.60812942,0.79375064,0
6.480000,-0.04511788,-0.05674638,-0.53248382,-1.48889458,0.98232955,-0.73367387,0.67683697,0.087712,0.277563,0.111074,0.072894,0.291009,0.100000,0.001495,-0.020892,0.000000,0.00963575,-0.00675921,0.61521945,0.78826803,0
6.500000,-0.04894440,-0.05498820,-0.53222150,-1.48587537,0.98551571,-0.74746591,0.68837094,0.084278,0.279473,0.111156,0.067810,0.292236,0.100000,0.004206,-0.020518,0.000000,0.01027076,-0.00574847,0.62207466,0.78286946,0
6.520000,-0.05286153,-0.05306188,-0.53194082,-1.48267734,0.98905033,-0.76107860,0.69964075,0.080835,0.281535,0.111205,0.062849,0.293343,0.100000,0.006844,-0.019795,0.000000,0.01079899,-0.00468123,0.62869057,0.77756648,0
6.540000,-0.05681354,-0.05096805,-0.53168869,-1.47934830,0.99285817,-0.77440530,0.71059537,0.077362,0.283738,0.111218,0.058020,0.294336,0.100000,0.009366,-0.018734,0.000000,0.01121579,-0.00356895,0.63506329,0.77237043,0
6.560000,-0.06075413,-0.04871441,-0.53150427,-1.47593367,0.99687874,-0.78734732,0.72117865,0.073841,0.286066,0.111188,0.053332,0.295222,0.100000,0.011728,-0.017354,0.000000,0.01151772,-0.00242335,0.64118891,0.76729280,0
6.580000,-0.06464476,-0.04631463,-0.53141707,-1.47247672,1.00106430,-0.79980856,0.73133183,0.070253,0.288500,0.111114,0.048791,0.296006,0.100000,0.013890,-0.015677,0.000000,0.01170263,-0.00125639,0.64706389,0.76234493,0
6.600000,-0.06845336,-0.04378806,-0.53144681,-1.46901691,1.00537431,-0.81169695,0.74099201,0.066583,0.291017,0.110992,0.044407,0.296695,0.100000,0.015815,-0.013733,0.000000,0.01176961,-0.00008011,0.65268470,0.75753822,0
6.620000,-0.07215296,-0.04115796,-0.53160638,-1.46559119,1.00977087,-0.82292235,0.75009567,0.062818,0.293593,0.110821,0.040187,0.297296,0.100000,0.017470,-0.011554,0.000000,0.01171900,0.00109356,0.65804806,0.75288393,0
6.640000,-0.07571929,-0.03845041,-0.53190005,-1.46223521,1.01422238,-0.83339643,0.75857449,0.058949,0.296202,0.110601,0.036138,0.297815,0.100000,0.018827,-0.009178,0.000000,0.01155233,0.00225284,0.66315092,0.74839316,0
6.660000,-0.07912896,-0.03569409,-0.53232473,-1.45898199,1.01869833,-0.84302664,0.76635802,0.054973,0.298813,0.110333,0.032268,0.298260,0.100000,0.019863,-0.006646,0.000000,0.01127234,0.00338630,0.66799018,0.74407701,0
6.680000,-0.08235899,-0.03292052,-0.53286779,-1.45586431,1.02317202,-0.85171521,0.77336925,0.050891,0.301397,0.110019,0.028584,0.298635,0.100000,0.020559,-0.004000,0.000000,0.01088288,0.00448295,0.67256288,0.73994638,0
6.700000,-0.08538742,-0.03016452,-0.53350770,-1.45291102,1.02761662,-0.85936052,0.77952427,0.046708,0.303925,0.109663,0.025093,0.298949,0.100000,0.020905,-0.001287,0.000000,0.01038884,0.00553236,0.67686622,0.73601194,0
6.720000,-0.08819252,-0.02746524,-0.53421348,-1.45015085,1.03200829,-0.86585188,0.78473151,0.042437,0.306368,0.109271,0.021802,0.299207,0.100000,0.020895,0.001449,0.000000,0.00979614,0.00652468,0.68089729,0.73228434,0
6.740000,-0.09075112,-0.02486639,-0.53494447,-1.44761086,1.03632438,-0.87106484,0.78888738,0.038095,0.308697,0.108849,0.018717,0.299416,0.100000,0.020528,0.004161,0.000000,0.00911156,0.00745090,0.68465313,0.72877400,0
6.760000,-0.09303986,-0.02241037,-0.53564149,-1.44531918,1.04054141,-0.87487537,0.79188585,0.033706,0.310890,0.108407,0.015844,0.299581,0.100000,0.019810,0.006801,0.000000,0.00834269,0.00830278,0.68813091,0.72549108,0
6.780000,-0.09503428,-0.02013776,-0.53622395,-1.44330370,1.04465139,-0.87715995,0.79362547,0.029298,0.312926,0.107959,0.013190,0.299710,0.100000,0.018755,0.009325,0.000000,0.00749784,0.00907296,0.69132749,0.72244568,0
6.800000,-0.09670145,-0.01809056,-0.53659993,-1.44159877,1.04867303,-0.87780899,0.79401422,0.024904,0.314783,0.107522,0.010762,0.299807,0.100000,0.017379,0.011690,0.000000,0.00658592,0.00975505,0.69423975,0.71964757,0
6.820000,-0.09799967,-0.01631622,-0.53666973,-1.44025254,1.05262995,-0.87672633,0.79297352,0.020566,0.316445,0.107111,0.008564,0.299878,0.100000,0.015707,0.013855,0.000000,0.00561634,0.01034366,0.69686432,0.71710640,0
6.840000,-0.09888110,-0.01486954,-0.53633523,-1.43931854,1.05653608,-0.87382233,0.79043448,0.016332,0.317899,0.106742,0.006603,0.299927,0.100000,0.013767,0.015785,0.000000,0.00459887,0.01083437,0.69919766,0.71483152,0
6.860000,-0.09929501,-0.01381388,-0.53550780,-1.43884659,1.06038702,-0.86900485,0.78631830,0.012254,0.319137,0.106425,0.004886,0.299960,0.100000,0.011592,0.017444,0.000000,0.00354359,0.01122386,0.70123596,0.71283209,0
6.880000,-0.09919752,-0.01321120,-0.53410965,-1.43886232,1.06415617,-0.86218774,0.78052723,0.008385,0.320157,0.106171,0.003416,0.299981,0.100000,0.009220,0.018807,0.000000,0.00246068,0.01150983,0.70297511,0.71111705,0
6.900000,-0.09858258,-0.01311310,-0.53209174,-1.43933225,1.06780112,-0.85339016,0.77299875,0.004765,0.320959,0.105984,0.002202,0.299992,0.100000,0.006690,0.019848,0.000000,0.00136045,0.01169101,0.70441068,0.70969505,0
6.920000,-0.09748670,-0.01355028,-0.52947444,-1.44020498,1.07129371,-0.84276515,0.76375926,0.001429,0.321532,0.105857,0.001247,0.299997,0.100000,0.004046,0.020551,0.000000,0.00025312,0.01176716,0.70553786,0.70857448,0
6.940000,-0.09594756,-0.01452577,-0.52634025,-1.44147944,1.07459307,-0.83054292,0.75292629,-0.001581,0.321862,0.105778,0.000558,0.299999,0.100000,0.001332,0.020903,0.000000,-0.00085125,0.01173907,0.70635147,0.70776343,0
6.960000,-0.09397025,-0.01601811,-0.52280331,-1.44319856,1.07760012,-0.81696206,0.74070346,-0.004210,0.321941,0.105737,0.000140,0.300000,0.100000,-0.001404,0.020898,0.000000,-0.00194288,0.01160845,0.70684599,0.70726955,0
6.980000,-0.09153654,-0.01798080,-0.51899332,-1.44539440,1.08016086,-0.80223536,0.72735512,-0.006402,0.321769,0.105722,0.000000,0.300000,0.100000,-0.004115,0.020537,0.000000,-0.00301229,0.01137795,0.70701525,0.70710035,0
7.000000,-0.08862802,-0.02034776,-0.51504749,-1.44805777,1.08210838,-0.78702670,0.71314216,-0.008257,0.321364,0.105726,0.069440,0.300000,0.102512,-0.006757,0.019825,0.000000,-0.00405309,0.01105013,0.70702046,0.70709514,1
7.020000,-0.07989263,-0.02403838,-0.51154363,-1.46278965,1.08607924,-0.77182120,0.69793910,-0.007681,0.320295,0.105653,0.068880,0.300000,0.105018,-0.009284,0.018775,0.000000,-0.00505904,0.01062733,0.70702694,0.70708866,1
7.040000,-0.06687479,-0.02697103,-0.50546855,-1.47791362,1.08502865,-0.75661796,0.68840098,-0.006406,0.320244,0.106305,0.068320,0.300000,0.107511,-0.011652,0.017405,0.000000,-0.00602151,0.01011319,0.70703448,0.70708112,1
7.060000,-0.05305704,-0.02849184,-0.49861079,-1.49312878,1.08694041,-0.74142241,0.68037534,-0.004865,0.319485,0.107367,0.067760,0.300000,0.109985,-0.013821,0.015738,0.000000,-0.00693221,0.00951212,0.70704283,0.70707277,1
7.080000,-0.03899219,-0.02927457,-0.49098906,-1.50833273,1.09123039,-0.72621959,0.67229390,-0.003059,0.318162,0.108710,0.067200,0.300000,0.112434,-0.015754,0.013802,0.000000,-0.00778331,0.00882930,0.70705167,0.70706393,1
7.100000,-0.02476307,-0.02979053,-0.48212510,-1.52352440,1.09733963,-0.71101469,0.66387135,-0.000940,0.316514,0.110340,0.066640,0.300000,0.114852,-0.017419,0.011631,0.000000,-0.00856751,0.00807058,0.70706074,0.70705486,1
7.120000,-0.01037771,-0.03037007,-0.47185305,-1.53871095,1.10495663,-0.69580954,0.65504581,0.001541,0.314669,0.112224,0.066080,0.300000,0.117232,-0.018786,0.009261,0.000000,-0.00927810,0.00724245,0.70706972,0.70704588,1
7.140000,0.00416714,-0.03119851,-0.46019167,-1.55389524,1.11377966,-0.68060440,0.64578158,0.004426,0.312716,0.114326,0.065520,0.300000,0.119569,-0.019833,0.006733,0.000000,-0.00990890,0.00635210,0.70707826,0.70703734,1
7.160000,0.01887591,-0.03234369,-0.44726771,-1.56908035,1.12351465,-0.66539955,0.63607627,0.007749,0.310717,0.116608,0.064960,0.300000,0.121856,-0.020542,0.004091,0.000000,-0.01045453,0.00540714,0.70708613,0.70702947,1
7.180000,0.03375382,-0.03374324,-0.43390751,-1.58427167,1.13385582,-0.65019685,0.62595624,0.011531,0.308598,0.118927,0.064400,0.300000,0.124088,-0.020900,0.001378,0.000000,-0.01091031,0.00441570,0.70709302,0.70702258,1
7.200000,0.04880581,-0.03532926,-0.42051536,-1.59946465,1.14397335,-0.63499409,0.61551130,0.015780,0.306463,0.121225,0.063840,0.300000,0.126259,-0.020901,-0.001358,0.000000,-0.01127232,0.00338629,0.70709869,0.70701691,1
7.220000,0.06403485,-0.03702237,-0.40711978,-1.61465895,1.15340447,-0.61979151,0.60485810,0.020496,0.304425,0.123510,0.063280,0.300000,0.128363,-0.020546,-0.004070,0.000000,-0.01153744,0.00232777,0.70710297,0.70701263,1
7.240000,0.07826399,-0.03874587,-0.39371806,-1.62990880,1.16214204,-0.60458821,0.59409058,0.025526,0.302530,0.125844,0.062720,0.300000,0.130397,-0.019840,-0.006714,0.000000,-0.01170341,0.00124924,0.70710571,0.70700989,1
7.260000,0.09045535,-0.04068994,-0.38028049,-1.64409161,1.17071545,-0.58938569,0.58311427,0.030548,0.300732,0.128217,0.062160,0.300000,0.132353,-0.018796,-0.009242,0.000000,-0.01176880,0.00015997,0.70710678,0.70700882,1
7.280000,0.10024209,-0.04303426,-0.36682144,-1.65482402,1.17934430,-0.57418323,0.57149208,0.035126,0.299004,0.130554,0.061600,0.300000,0.134227,-0.017430,-0.011613,0.000000,-0.01173304,-0.00093068,0.70710620,0.70700940,1
7.300000,0.10720262,-0.04591564,-0.35334912,-1.66191971,1.18827748,-0.55897814,0.55827630,0.039129,0.297352,0.132849,0.061040,0.300000,0.136015,-0.015768,-0.013786,0.000000,-0.01159644,-0.00201332,0.70710395,0.70701165,1
7.320000,0.11112595,-0.04946136,-0.33986971,-1.66551912,1.19756663,-0.54377264,0.54336751,0.042494,0.295818,0.135094,0.060480,0.300000,0.137713,-0.013837,-0.015724,0.000000,-0.01136018,-0.00307866,0.70710011,0.70701549,1
7.340000,0.11213765,-0.05367261,-0.32640067,-1.66601622,1.20706952,-0.52857107,0.52816379,0.045239,0.294470,0.137293,0.059920,0.300000,0.139314,-0.011669,-0.017393,0.000000,-0.01102628,-0.00411752,0.70709482,0.70702078,1
7.360000,0.11065847,-0.05830331,-0.31358367,-1.66397011,1.21659184,-0.51337171,0.51296008,0.047445,0.293258,0.139362,0.059360,0.300000,0.140817,-0.009302,-0.018766,0.000000,-0.01059762,-0.00512099,0.70708825,0.70702735,1
7.380000,0.10731868,-0.06305933,-0.30203262,-1.66017866,1.22546124,-0.49817282,0.49775636,0.049260,0.292215,0.141232,0.058800,0.300000,0.142216,-0.006777,-0.019818,0.000000,-0.01007787,-0.00608044,0.70708066,0.70703494,1
7.400000,0.10279576,-0.06767852,-0.29190171,-1.65529191,1.23290324,-0.48297361,0.48255292,0.050829,0.291464,0.142910,0.058240,0.300000,0.143509,-0.004136,-0.020533,0.000000,-0.00947150,-0.00698761,0.70707228,0.70704332,1
7.420000,0.09757983,-0.07192539,-0.28317988,-1.64957714,1.23861361,-0.46777472,0.46734944,0.052225,0.291061,0.144421,0.057680,0.300000,0.144692,-0.001424,-0.020897,0.000000,-0.00878369,-0.00783475,0.70706339,0.70705220,1
7.440000,0.09190659,-0.07563708,-0.27584538,-1.64313662,1.24273741,-0.45257655,0.45214596,0.053455,0.290988,0.145783,0.057120,0.300000,0.145762,0.001312,-0.020904,0.000000,-0.00802040,-0.00861450,0.70705433,0.70706127,1
7.460000,0.08587597,-0.07873102,-0.26985362,-1.63609517,1.24558532,-0.43737912,0.43694249,0.054515,0.291199,0.147008,0.056560,0.300000,0.146716,0.004025,-0.020555,0.000000,-0.00718817,-0.00932021,0.70704537,0.70707023,1
7.480000,0.07956567,-0.08118891,-0.26511389,-1.62860620,1.24746728,-0.42218202,0.42173901,0.055397,0.291657,0.148110,0.056000,0.300000,0.147553,0.006670,-0.019855,0.000000,-0.00629415,-0.00994580,0.70703686,0.70707874,1
7.500000,0.07305926,-0.08304866,-0.26151741,-1.62082362,1.24866068,-0.40698513,0.40653554,0.056096,0.292331,0.149091,0.055440,0.300000,0.148269,0.009201,-0.018816,0.000000,-0.00534602,-0.01048591,0.70702904,0.70708656,1
7.520000,0.06644283,-0.08438444,-0.25896400,-1.61290896,1.24937356,-0.39215884,0.39133209,0.056605,0.293210,0.149950,0.054880,0.300000,0.148863,0.011575,-0.017456,0.000000,-0.00435193,-0.01093590,0.70702223,0.70709337,1
7.540000,0.05979377,-0.08526775,-0.25742373,-1.60508168,1.24973667,-0.37895900,0.37612867,0.056913,0.294306,0.150673,0.054320,0.300000,0.149334,0.013752,-0.015798,0.000000,-0.00332043,-0.01129189,0.70701663,0.70709897,1
7.560000,0.05317327,-0.08571972,-0.25701842,-1.59772241,1.24977112,-0.36745596,0.36092529,0.057053,0.295581,0.151239,0.053760,0.300000,0.149681,0.015694,-0.013871,0.000000,-0.00226038,-0.01155083,0.70701245,0.70710315,1
7.580000,0.04673242,-0.08576015,-0.25770646,-1.59102547,1.24935448,-0.35728866,0.34698233,0.057053,0.297025,0.151650,0.053200,0.300000,0.149901,0.017368,-0.011707,0.000000,-0.00118090,-0.01171050,0.70700983,0.70710577,1
7.600000,0.04071314,-0.08532438,-0.25951475,-1.58502114,1.24844122,-0.34817538,0.33514035,0.056929,0.298593,0.151903,0.052640,0.300000,0.149996,0.018746,-0.009343,0.000000,-0.00009127,-0.01176953,0.70700885,0.70710675,1
7.620000,0.03534081,-0.08433148,-0.26245677,-1.57978451,1.24700344,-0.34000924,0.32530609,0.056708,0.300239,0.152006,0.052080,0.300000,0.149964,0.019804,-0.006820,0.000000,0.00099915,-0.01172740,0.70700954,0.70710606,1
7.640000,0.03073680,-0.08279761,-0.26642767,-1.57538462,1.24503350,-0.33267251,0.31732285,0.056399,0.301938,0.151972,0.051520,0.300000,0.149807,0.020524,-0.004181,0.000000,0.00208098,-0.01158449,0.70701190,0.70710370,1
7.660000,0.02692474,-0.08082605,-0.27128607,-1.57181573,1.24259937,-0.32601494,0.31101796,0.055993,0.303662,0.151803,0.050960,0.300000,0.149523,0.020893,-0.001470,0.000000,0.00314496,-0.01134200,0.70701583,0.70709977,1
7.680000,0.02387270,-0.07856375,-0.27687588,-1.56906080,1.23979330,-0.31989139,0.30613035,0.055477,0.305383,0.151497,0.050400,0.300000,0.149114,0.020907,0.001266,0.000000,0.00418186,-0.01100205,0.70702121,0.70709439,1
7.700000,0.02152475,-0.07616454,-0.28302923,-1.56709683,1.23669136,-0.31414002,0.30237970,0.054836,0.307076,0.151055,0.049840,0.300000,0.148582,0.020563,0.003980,0.000000,0.00518280,-0.01056753,0.70702784,0.70708776,1
7.720000,0.01982204,-0.07376599,-0.28958306,-1.56588697,1.23335588,-0.30858201,0.29949141,0.054061,0.308716,0.150479,0.049280,0.300000,0.147926,0.019869,0.006627,0.000000,0.00613920,-0.01004219,0.70703549,0.70708011,1
7.740000,0.01871204,-0.07148367,-0.29638830,-1.56538475,1.22983444,-0.30304304,0.29718831,0.053145,0.310280,0.149772,0.048720,0.300000,0.147150,0.018836,0.009160,0.000000,0.00704281,-0.00943053,0.70704392,0.70707168,1
7.760000,0.01815036,-0.06941459,-0.30331573,-1.56553984,1.22615421,-0.29736286,0.29520527,0.052090,0.311740,0.148940,0.048160,0.300000,0.146254,0.017481,0.011537,0.000000,0.00788588,-0.00873781,0.70705280,0.70706279,1
7.780000,0.01810081,-0.06764005,-0.31025687,-1.56630862,1.22231615,-0.29139897,0.29330260,0.050904,0.313077,0.147987,0.047600,0.300000,0.145241,0.015828,0.013717,0.000000,0.00866117,-0.00796998,0.70706188,0.70705372,1
7.800000,0.01853558,-0.06622573,-0.31712320,-1.56764984,1.21830225,-0.28503036,0.29127240,0.049600,0.314269,0.146916,0.047040,0.300000,0.144115,0.013905,0.015663,0.000000,0.00936201,-0.00713365,0.70707081,0.70704479,1
7.820000,0.01943382,-0.06522179,-0.32384309,-1.56952488,1.21407795,-0.27816242,0.28894055,0.048199,0.315302,0.145733,0.046480,0.300000,0.142876,0.011745,0.017342,0.000000,0.00998237,-0.00623599,0.70707931,0.70703629,1
7.840000,0.02077833,-0.06466362,-0.33036068,-1.57189655,1.20960760,-0.27073282,0.28616625,0.046725,0.316159,0.144442,0.045920,0.300000,0.141530,0.009385,0.018725,0.000000,0.01051694,-0.00528472,0.70708705,0.70702855,1
7.860000,0.02255100,-0.06457370,-0.33663395,-1.57472908,1.20485663,-0.26271591,0.28284359,0.045205,0.316830,0.143046,0.045360,0.300000,0.140078,0.006864,0.019788,0.000000,0.01096111,-0.00428802,0.70709380,0.70702180,1
7.880000,0.02472858,-0.06496344,-0.34263563,-1.57798314,1.19979799,-0.25412303,0.27890390,0.043669,0.317304,0.141552,0.044800,0.300000,0.138526,0.004226,0.020514,0.000000,0.01131107,-0.00325446,0.70709931,0.70701629,1
7.900000,0.02728063,-0.06583456,-0.34835303,-1.58161676,1.19440341,-0.24500288,0.27431777,0.042145,0.317574,0.139961,0.044240,0.300000,0.136876,0.001516,0.020890,0.000000,0.01156383,-0.00219292,0.70710340,0.70701220,1
7.920000,0.03016876,-0.06717972,-0.35378978,-1.58558285,1.18864512,-0.23544027,0.26909414,0.040662,0.317637,0.138277,0.043680,0.300000,0.135132,-0.001220,0.020909,0.000000,0.01171720,-0.00111248,0.70710594,0.70700966,1
7.940000,0.03334666,-0.06898122,-0.35896799,-1.58983004,1.18249118,-0.22554998,0.26327977,0.039248,0.317494,0.136503,0.043120,0.300000,0.133301,-0.003935,0.020572,0.000000,0.01176986,-0.00002252,0.70710680,0.70700880,1
7.960000,0.03676158,-0.07121021,-0.36392689,-1.59430051,1.17590511,-0.21547350,0.25695366,0.037926,0.317148,0.134639,0.042560,0.300000,0.131385,-0.006583,0.019884,0.000000,0.01172137,0.00106763,0.70710599,0.70700961,1
7.980000,0.04035437,-0.07382740,-0.36872026,-1.59893012,1.16884565,-0.20537601,0.25022373,0.036721,0.316606,0.132687,0.042000,0.300000,0.129389,-0.009118,0.018856,0.000000,0.01157214,0.00214861,0.70710355,0.70701205,1
8.000000,0.04405934,-0.07678399,-0.37341335,-1.60364628,1.16126966,-0.19544442,0.24322328,0.035651,0.315881,0.130650,0.041440,0.300000,0.127320,-0.011498,0.017507,0.000000,0.01132347,0.00321107,0.70709951,0.70701609,1
8.020000,0.04780448,-0.08002219,-0.37808135,-1.60837150,1.15313649,-0.18588492,0.23610954,0.034733,0.314986,0.128529,0.040880,0.300000,0.125181,-0.013682,0.015858,0.000000,0.01097745,0.00424601,0.70709405,0.70702155,1
8.040000,0.05151269,-0.08347552,-0.38280484,-1.61302197,1.14440858,-0.17692068,0.22906293,0.033976,0.313939,0.126331,0.040320,0.300000,0.122979,-0.015633,0.013940,0.000000,0.01053710,0.00524440,0.70708736,0.70702824,1
8.060000,0.05510330,-0.08706921,-0.38766763,-1.61751139,1.13505769,-0.16878994,0.22228678,0.033391,0.312760,0.124060,0.039760,0.300000,0.120719,-0.017316,0.011783,0.000000,0.01000618,0.00619771,0.70707963,0.70703597,1
8.080000,0.05849434,-0.09071999,-0.39275220,-1.62175310,1.12506795,-0.16174164,0.21600570,0.032980,0.311470,0.121728,0.039200,0.300000,0.118406,-0.018704,0.009426,0.000000,0.00938926,0.00709774,0.70707117,0.70704443,1
8.100000,0.06160526,-0.09433620,-0.39813507,-1.62566233,1.11443746,-0.15603285,0.21046430,0.032745,0.310092,0.119347,0.038640,0.300000,0.116047,-0.019773,0.006907,0.000000,0.00869163,0.00793675,0.70706227,0.70705333,1
8.120000,0.06435932,-0.09781954,-0.40388352,-1.62915516,1.10318816,-0.15192883,0.20592654,0.032685,0.308651,0.116933,0.038080,0.300000,0.113648,-0.020505,0.004271,0.000000,0.00791929,0.00870754,0.70705318,0.70706241,1
8.140000,0.06668761,-0.10107592,-0.41006514,-1.63215101,1.09137118,-0.14969179,0.20266496,0.032795,0.307167,0.114503,0.037520,0.300000,0.111214,-0.020887,0.001562,0.000000,0.00707888,0.00940348,0.70704428,0.70707132,1
8.160000,0.06853367,-0.10402519,-0.41674966,-1.63458323,1.07905281,-0.14957647,0.20094565,0.033068,0.305662,0.112071,0.036960,0.300000,0.108751,-0.020912,-0.001174,0.000000,0.00617762,0.01001860,0.70703583,0.70707977,1
8.180000,0.06985951,-0.10659596,-0.42399886,-1.63641429,1.06629896,-0.15181762,0.20103516,0.033499,0.304158,0.109648,0.036400,0.300000,0.106267,-0.020581,-0.003890,0.000000,0.00522320,0.01054762,0.70702814,0.70708746,1
8.200000,0.07065482,-0.10871933,-0.43185949,-1.63763332,1.05319142,-0.15661618,0.20319669,0.034085,0.302680,0.107249,0.035840,0.300000,0.103766,-0.019898,-0.006539,0.000000,0.00422393,0.01098597,0.70702145,0.70709415,1
8.220000,0.07092996,-0.11033142,-0.44035703,-1.63824046,1.03982246,-0.16412276,0.20764463,0.034820,0.301250,0.104890,0.035280,0.300000,0.101257,-0.018876,-0.009077,0.000000,0.00318834,0.01132989,0.70701602,0.70709958,1
8.240000,0.07069493,-0.11138631,-0.44948226,-1.63823092,1.02630293,-0.17440984,0.21447749,0.035694,0.299893,0.102587,0.034720,0.300000,0.098743,-0.017532,-0.011460,0.000000,0.00212534,0.01157644,0.70701204,0.70710356,1
8.260000,0.06994832,-0.11187110,-0.45917466,-1.63757110,1.01277506,-0.18746790,0.22365847,0.036685,0.298634,0.100359,0.034160,0.300000,0.096234,-0.015888,-0.013647,0.000000,0.00104406,0.01172349,0.70700962,0.70710598,1
8.280000,0.06866810,-0.11180096,-0.46934715,-1.63621020,0.99940151,-0.20267776,0.23506995,0.037767,0.297477,0.098223,0.033600,0.300000,0.093733,-0.013974,-0.015602,0.000000,-0.00004619,0.01176979,0.70700885,0.70710675,1
8.300000,0.06683207,-0.11122628,-0.47987419,-1.63399458,0.98630852,-0.21789399,0.24816178,0.038909,0.296386,0.096193,0.033040,0.300000,0.091249,-0.011821,-0.017290,0.000000,-0.00113604,0.01171494,0.70700976,0.70710584,1
8.320000,0.06440188,-0.11025257,-0.49054706,-1.63043845,0.97350150,-0.23310556,0.26130873,0.040015,0.295423,0.094273,0.032480,0.300000,0.088786,-0.009467,-0.018684,0.000000,-0.00221617,0.01155940,0.70701232,0.70710328,1
8.340000,0.06117250,-0.10899898,-0.50122970,-1.62550294,0.96107763,-0.24831568,0.27407444,0.041030,0.294630,0.092474,0.031920,0.300000,0.086352,-0.006951,-0.019758,0.000000,-0.00327715,0.01130452,0.70701643,0.70709917,1
8.360000,0.05702982,-0.10757637,-0.51187080,-1.61929715,0.94921654,-0.26352546,0.28633875,0.041926,0.294015,0.090786,0.031360,0.300000,0.083953,-0.004316,-0.020496,0.000000,-0.00431005,0.01095247,0.70702197,0.70709363,1
8.380000,0.05203320,-0.10607114,-0.52243090,-1.61205232,0.93794537,-0.27873456,0.29807457,0.042702,0.293605,0.089198,0.030800,0.300000,0.081594,-0.001608,-0.020883,0.000000,-0.00530582,0.01050631,0.70702875,0.70708685,1
8.400000,0.04631702,-0.10454621,-0.53287536,-1.60396969,0.92724735,-0.29394329,0.30935732,0.043361,0.293426,0.087698,0.030240,0.300000,0.079281,0.001128,-0.020915,0.000000,-0.00625605,0.00996981,0.70703651,0.70707908,1
8.420000,0.04002759,-0.10303371,-0.54320163,-1.59522939,0.91711760,-0.30915174,0.32027766,0.043897,0.293487,0.086274,0.029680,0.300000,0.077021,0.003845,-0.020589,0.000000,-0.00715242,0.00934767,0.70704502,0.70707058,1
8.440000,0.03330738,-0.10153604,-0.55342513,-1.58600378,0.90755475,-0.32436007,0.33091602,0.044306,0.293785,0.084917,0.029120,0.300000,0.074819,0.006496,-0.019912,0.000000,-0.00798738,0.00864513,0.70705394,0.70706166,1
8.460000,0.02629481,-0.10003003,-0.56356275,-1.57646394,0.89855695,-0.33956811,0.34135860,0.044579,0.294311,0.083625,0.028560,0.300000,0.072680,0.009036,-0.018896,0.000000,-0.00875362,0.00786833,0.70706302,0.70705258,1
8.480000,0.01912509,-0.09849417,-0.57361972,-1.56676280,0.89012980,-0.35477579,0.35168222,0.044708,0.295050,0.082398,0.028000,0.300000,0.070611,0.011421,-0.017557,0.000000,-0.00944467,0.00702384,0.70707191,0.70704369,1
8.500000,0.01192264,-0.09692791,-0.58359170,-1.55703998,0.88227344,-0.36998299,0.36195126,0.044679,0.295984,0.081232,0.027440,0.300000,0.068615,0.013612,-0.015918,0.000000,-0.01005448,0.00611903,0.70708033,0.70703527,1
8.520000,0.00479373,-0.09534638,-0.59347641,-1.54742181,0.87498128,-0.38518974,0.37221649,0.044481,0.297092,0.080123,0.026880,0.300000,0.066699,0.015571,-0.014008,0.000000,-0.01057793,0.00516155,0.70708796,0.70702764,1
8.540000,-0.00217153,-0.09377081,-0.60327363,-1.53802562,0.86823481,-0.40039581,0.38251528,0.044101,0.298349,0.079065,0.026320,0.300000,0.064868,0.017264,-0.011859,0.000000,-0.01101043,0.00415973,0.70709457,0.70702103,1
8.560000,-0.00889466,-0.09222277,-0.61298424,-1.52895451,0.86200637,-0.41560134,0.39287740,0.043527,0.299726,0.078052,0.025760,0.300000,0.063124,0.018663,-0.009508,0.000000,-0.01134830,0.00312215,0.70709991,0.70701569,1
8.580000,-0.01530672,-0.09072196,-0.62260836,-1.52030337,0.85625929,-0.43080616,0.40332925,0.042751,0.301193,0.077079,0.025200,0.300000,0.061474,0.019743,-0.006994,0.000000,-0.01158864,0.00205773,0.70710381,0.70701179,1
8.600000,-0.02134711,-0.08928619,-0.63214481,-1.51215518,0.85095161,-0.44601020,0.41389665,0.041765,0.302715,0.076143,0.024640,0.300000,0.059922,0.020486,-0.004361,0.000000,-0.01172939,0.00097561,0.70710613,0.70700947,1
8.620000,-0.02696272,-0.08793215,-0.64158869,-1.50458586,0.84603465,-0.46121371,0.42460608,0.040569,0.304260,0.075241,0.024080,0.300000,0.058470,0.020880,-0.001653,0.000000,-0.01176932,-0.00011489,0.70710680,0.70700880,1
8.640000,-0.03210789,-0.08667479,-0.65093189,-1.49766052,0.84145308,-0.47641647,0.43548653,0.039162,0.305795,0.074370,0.023520,0.300000,0.057124,0.020917,0.001082,0.000000,-0.01170811,-0.00120440,0.70710577,0.70700983,1
8.660000,-0.03674627,-0.08552597,-0.66016394,-1.49143291,0.83714509,-0.49161863,0.44657120,0.037551,0.307288,0.073530,0.022960,0.300000,0.055885,0.020598,0.003799,0.000000,-0.01154627,-0.00228356,0.70710312,0.70701248,1
8.680000,-0.04084583,-0.08449371,-0.66926849,-1.48595273,0.83304697,-0.50682020,0.45789677,0.035744,0.308709,0.072719,0.022400,0.300000,0.054759,0.019927,0.006452,0.000000,-0.01128520,-0.00334309,0.70709890,0.70701670,1
8.700000,-0.04437418,-0.08358266,-0.67821985,-1.48126721,0.82909465,-0.52202106,0.46950743,0.033758,0.310029,0.071941,0.021840,0.300000,0.053746,0.018916,0.008994,0.000000,-0.01092713,-0.00437391,0.70709328,0.70702232,1
8.720000,-0.04729792,-0.08279446,-0.68698061,-1.47742343,0.82522863,-0.53722143,0.48145577,0.031613,0.311227,0.071199,0.021280,0.300000,0.052850,0.017582,0.011383,0.000000,-0.01047515,-0.00536709,0.70708644,0.70702916,1
8.740000,-0.04958383,-0.08212725,-0.69550318,-1.47446668,0.82139784,-0.55242127,0.49380192,0.029334,0.312283,0.070499,0.020720,0.300000,0.052074,0.015948,0.013578,0.000000,-0.00993313,-0.00631414,0.70707861,0.70703699,1
8.760000,-0.05119972,-0.08157429,-0.70372909,-1.47244358,0.81756520,-0.56762069,0.50660980,0.026951,0.313181,0.069849,0.020160,0.300000,0.051418,0.014042,0.015540,0.000000,-0.00930574,-0.00720690,0.70707008,0.70704552,1
8.780000,-0.05211894,-0.08111627,-0.71159875,-1.47139788,0.81372285,-0.58281994,0.51993871,0.024497,0.313907,0.069260,0.019600,0.300000,0.050886,0.011897,0.017238,0.000000,-0.00859836,-0.00803771,0.70706111,0.70705449,1
8.800000,-0.05232070,-0.08072180,-0.71904582,-1.47137356,0.80989164,-0.59801894,0.53384364,0.022006,0.314446,0.068742,0.019040,0.300000,0.050477,0.009549,0.018642,0.000000,-0.00781707,-0.00879942,0.70705205,0.70706355,1
8.820000,-0.05178996,-0.08035448,-0.72599316,-1.47240877,0.80611736,-0.61321765,0.54837346,0.019517,0.314787,0.068312,0.018480,0.300000,0.050193,0.007037,0.019727,0.000000,-0.00696859,-0.00948550,0.70704317,0.70707243,1
8.840000,-0.05052088,-0.07998770,-0.73235035,-1.47452366,0.80247229,-0.62841594,0.56355327,0.017068,0.314924,0.067981,0.017920,0.300000,0.050036,0.004406,0.020476,0.000000,-0.00606020,-0.01009005,0.70703481,0.70708079,1
8.860000,-0.04852753,-0.07959817,-0.73802340,-1.47771430,0.79903966,-0.64361274,0.57875705,0.014694,0.314856,0.067764,0.017360,0.300000,0.050004,0.001699,0.020876,0.000000,-0.00509967,-0.01060789,0.70702722,0.70708838,1
8.880000,-0.04591532,-0.07920314,-0.74287641,-1.48183119,0.79587263,-0.65880919,0.59396064,0.012414,0.314601,0.067670,0.016800,0.300000,0.050099,-0.001036,0.020919,0.000000,-0.00409539,-0.01103452,0.70702071,0.70709489,1
8.900000,-0.04280558,-0.07880728,-0.74683642,-1.48671603,0.79313082,-0.67400628,0.60916424,0.010244,0.314148,0.067702,0.016240,0.300000,0.050319,-0.003754,0.020606,0.000000,-0.00305581,-0.01136634,0.70701545,0.70710015,1
8.920000,-0.03930296,-0.07839526,-0.74985266,-1.49224365,0.79093558,-0.68920368,0.62436789,0.008210,0.313497,0.067862,0.015680,0.300000,0.050666,-0.006408,0.019941,0.000000,-0.00199004,-0.01160046,0.70701165,0.70710395,1
8.940000,-0.03550841,-0.07795469,-0.75187755,-1.49826574,0.78936559,-0.70363265,0.63957149,0.006349,0.312633,0.068154,0.015120,0.300000,0.051137,-0.008953,0.018935,0.000000,-0.00090708,-0.01173488,0.70700942,0.70710618,1
8.960000,-0.03149460,-0.07751431,-0.75286007,-1.50444937,0.78840417,-0.71565753,0.65477508,0.004706,0.311542,0.068575,0.014560,0.300000,0.051731,-0.011344,0.017607,0.000000,0.00018359,-0.01176845,0.70700887,0.70710673,1
8.980000,-0.02728429,-0.07716889,-0.75276309,-1.51028347,0.78792942,-0.72503144,0.66997856,0.003280,0.310264,0.069100,0.014000,0.300000,0.052447,-0.013543,0.015978,0.000000,0.00127277,-0.01170088,0.70700999,0.70710561,1
9.000000,-0.02293913,-0.07699402,-0.75166029,-1.51562047,0.78784394,-0.73209649,0.68450719,0.002090,0.308835,0.069701,0.013440,0.300000,0.053284,-0.015510,0.014076,0.000000,0.00235092,-0.01153275,0.70701276,0.70710284,1
9.020000,-0.01861273,-0.07703976,-0.74958605,-1.52040601,0.78800887,-0.73729283,0.69679421,0.001150,0.307313,0.070363,0.012880,0.300000,0.054238,-0.017212,0.011935,0.000000,0.00340895,-0.01126549,0.70701706,0.70709854,1
9.040000,-0.01459574,-0.07738112,-0.74642408,-1.52442110,0.78837800,-0.74088997,0.70688039,0.000445,0.305776,0.071093,0.012320,0.300000,0.055308,-0.018621,0.009590,0.000000,0.00443758,-0.01090143,0.70702278,0.70709282,1
9.060000,-0.01114072,-0.07802173,-0.74221009,-1.52746606,0.78920823,-0.74332416,0.71483666,-0.000048,0.304220,0.071881,0.011760,0.300000,0.056491,-0.019712,0.007081,0.000000,0.00542815,-0.01044364,0.70702967,0.70708593,1
9.080000,-0.00841647,-0.07889861,-0.73705846,-1.52956057,0.79068077,-0.74506539,0.72084475,-0.000329,0.302640,0.072719,0.011200,0.300000,0.057784,-0.020467,0.004451,0.000000,0.00637201,-0.00989611,0.70703755,0.70707805,1
9.100000,-0.00650675,-0.07992405,-0.73107791,-1.53078103,0.79286700,-0.74647886,0.72528011,-0.000392,0.301052,0.073606,0.010640,0.300000,0.059183,-0.020872,0.001745,0.000000,0.00726109,-0.00926352,0.70704611,0.70706949,1
9.120000,-0.00542076,-0.08099533,-0.72438431,-1.53119886,0.79577577,-0.74785066,0.72854549,-0.000234,0.299481,0.074543,0.010080,0.300000,0.060686,-0.020922,-0.000990,0.000000,0.00808776,-0.00855130,0.70705510,0.70706050,1
9.140000,-0.00513243,-0.08200840,-0.71710521,-1.53086877,0.79938239,-0.74943179,0.73101383,0.000146,0.297951,0.075530,0.009520,0.300000,0.062287,-0.020614,-0.003709,0.000000,0.00884490,-0.00776558,0.70706416,0.70705143,1
9.160000,-0.00560658,-0.08286931,-0.70937771,-1.52983749,0.80364609,-0.75146067,0.73302680,0.000741,0.296489,0.076563,0.008960,0.300000,0.063985,-0.019955,-0.006364,0.000000,0.00952601,-0.00691310,0.70707302,0.70704258,1
9.180000,-0.00680226,-0.08349386,-0.70133829,-1.52815616,0.80852181,-0.75415927,0.73490763,0.001538,0.295120,0.077635,0.008400,0.300000,0.065773,-0.018955,-0.008911,0.000000,0.01012525,-0.00600120,0.70708133,0.70703427,1
9.200000,-0.00866887,-0.08380101,-0.69311488,-1.52588665,0.81396866,-0.75771928,0.73695421,0.002520,0.293867,0.078743,0.007840,0.300000,0.067647,-0.017632,-0.011306,0.000000,0.01063748,-0.00503767,0.70708885,0.70702674,1
9.220000,-0.01114071,-0.08371558,-0.68481779,-1.52310598,0.81995744,-0.76228881,0.73942637,0.003668,0.292755,0.079884,0.007280,0.300000,0.069603,-0.016008,-0.013507,0.000000,0.01105825,-0.00403086,0.70709532,0.70702028,1
9.240000,-0.01413730,-0.08317420,-0.67653662,-1.51990902,0.82647628,-0.76796132,0.74253005,0.004964,0.291803,0.081056,0.006720,0.300000,0.071637,-0.014110,-0.015479,0.000000,0.01138399,-0.00298941,0.70710048,0.70701512,1
9.260000,-0.01756958,-0.08213086,-0.66833448,-1.51640046,0.83352900,-0.77476090,0.74640787,0.006387,0.291029,0.082259,0.006160,0.300000,0.073741,-0.011973,-0.017186,0.000000,0.01161188,-0.00192225,0.70710419,0.70701141,1
9.280000,-0.02134622,-0.08055928,-0.66024357,-1.51268482,0.84113467,-0.78263676,0.75112647,0.007913,0.290450,0.083494,0.005600,0.300000,0.075912,-0.009630,-0.018600,0.000000,0.01173998,-0.00083857,0.70710632,0.70700928,1
9.300000,-0.02537638,-0.07845259,-0.65226358,-1.50885844,0.84932542,-0.79145026,0.75664967,0.009518,0.290081,0.084765,0.005040,0.300000,0.078144,-0.007124,-0.019696,0.000000,0.01176718,0.00025233,0.70710676,0.70700884,1
9.320000,-0.02957300,-0.07582422,-0.64436424,-1.50499785,0.85814321,-0.80096704,0.76283699,0.011174,0.289932,0.086077,0.004480,0.300000,0.080431,-0.004496,-0.020457,0.000000,0.01169325,0.00134105,0.70710553,0.70701007,1
9.340000,-0.03387509,-0.07271362,-0.63649678,-1.50113189,0.86762947,-0.81092793,0.76947707,0.012848,0.290012,0.087433,0.003920,0.300000,0.082768,-0.001791,-0.020868,0.000000,0.01151882,0.00241825,0.70710267,0.70701293,1
9.360000,-0.03825828,-0.06918833,-0.62861305,-1.49725521,0.87781185,-0.82110089,0.77634329,0.014494,0.290328,0.088829,0.003360,0.300000,0.085148,0.000945,-0.020924,0.000000,0.01124540,0.00347465,0.70709827,0.70701733,1
9.380000,-0.04272944,-0.06532901,-0.62068546,-1.49334478,0.88869208,-0.83129537,0.78323859,0.016065,0.290879,0.090259,0.002800,0.300000,0.087565,0.003664,-0.020622,0.000000,0.01087532,0.00450118,0.70709248,0.70702312,1
9.400000,-0.04729758,-0.06121246,-0.61270237,-1.48939562,0.90024680,-0.84136170,0.78999776,0.017512,0.291662,0.091712,0.002240,0.300000,0.090014,0.006320,-0.019969,0.000000,0.01041176,0.00548906,0.70708550,0.70703010,1
9.420000,-0.05195373,-0.05689964,-0.60465854,-1.48543012,0.91243494,-0.85116333,0.79650003,0.018795,0.292671,0.093185,0.001680,0.300000,0.092489,0.008869,-0.018974,0.000000,0.00985875,0.00642966,0.70707757,0.70703803,1
9.440000,-0.05667083,-0.05243419,-0.59655094,-1.48148096,0.92521369,-0.86056286,0.80265158,0.019877,0.293890,0.094672,0.001120,0.300000,0.094982,0.011267,-0.017656,0.000000,0.00922095,0.00731507,0.70706897,0.70704663,1
9.460000,-0.06141137,-0.04784911,-0.58837563,-1.47758341,0.93854368,-0.86942023,0.80836123,0.020728,0.295301,0.096175,0.000560,0.300000,0.097488,0.013472,-0.016037,0.000000,0.00850395,0.00813753,0.70705997,0.70705563,1
9.480000,-0.06613639,-0.04317535,-0.58012635,-1.47376859,0.95238858,-0.87759382,0.81353253,0.021319,0.296879,0.097695,0.000000,0.300000,0.100000,0.015448,-0.014144,0.000000,0.00771378,0.00889010,0.70705091,0.70706469,1
9.500000,-0.07081077,-0.03844744,-0.57179111,-1.47005975,0.96671212,-0.88494122,0.81806046,0.021627,0.298594,0.099232,-0.000560,0.300000,0.102512,0.017159,-0.012010,0.000000,0.00685738,0.00956620,0.70704209,0.70707351,1
9.520000,-0.07540480,-0.03370439,-0.56335175,-1.46647155,0.98147541,-0.89131993,0.82182974,0.021631,0.300416,0.100789,-0.001120,0.300000,0.105018,0.018579,-0.009671,0.000000,0.00594196,0.01016013,0.70703381,0.70708179,1
9.540000,-0.07989371,-0.02898898,-0.55478531,-1.46301234,0.99663365,-0.89659071,0.82472044,0.021316,0.302314,0.102368,-0.001680,0.300000,0.107511,0.019681,-0.007167,0.000000,0.00497553,0.01066668,0.70702634,0.70708926,1
9.560000,-0.08425606,-0.02434239,-0.54607159,-1.45968509,1.01185441,-0.90061623,0.82660830,0.020674,0.304300,0.103979,-0.002240,0.300000,0.109986,0.020447,-0.004541,0.000000,0.00396625,0.01108159,0.70701996,0.70709564,1
9.580000,-0.08847307,-0.01978969,-0.53719658,-1.45641243,1.02708220,-0.90329063,0.82739568,0.019689,0.306337,0.105625,-0.002800,0.300000,0.112434,0.020864,-0.001837,0.000000,0.00292290,0.01140124,0.70701487,0.70710073,1
9.600000,-0.09252428,-0.01535984,-0.52816701,-1.45321047,1.04231548,-0.90454793,0.82694554,0.018361,0.308376,0.107303,-0.003360,0.300000,0.114852,0.020926,0.000899,0.000000,0.00185443,0.01162290,0.70701128,0.70710432,1
9.620000,-0.09638541,-0.01109816,-0.51897115,-1.45012963,1.05755568,-0.90430349,0.82518303,0.016704,0.310370,0.109012,-0.003920,0.300000,0.117232,0.020630,0.003618,0.000000,0.00077002,0.01174467,0.70700927,0.70710633,1
9.640000,-0.10002767,-0.00704982,-0.50956923,-1.44722247,1.07280219,-0.90247923,0.82207024,0.014738,0.312277,0.110758,-0.004480,0.300000,0.119569,0.019982,0.006277,0.000000,-0.00032101,0.01176550,0.70700892,0.70710668,1
9.660000,-0.10341618,-0.00325953,-0.49991041,-1.44453776,1.08805597,-0.89901370,0.81758511,0.012490,0.314062,0.112548,-0.005040,0.300000,0.121856,0.018994,0.008828,0.000000,-0.00140929,0.01168522,0.70701025,0.70710535,1
9.680000,-0.10651368,0.00022405,-0.48994687,-1.44212461,1.10331655,-0.89385599,0.81170905,0.009991,0.315689,0.114386,-0.005600,0.300000,0.124088,0.017681,0.011228,0.000000,-0.00248544,0.01150451,0.70701322,0.70710238,1
9.700000,-0.10927925,0.00335331,-0.47963855,-1.44002819,1.11858296,-0.88696760,0.80442935,0.007281,0.317123,0.116277,-0.006160,0.300000,0.126259,0.016067,0.013437,0.000000,-0.00354023,0.01122493,0.70701771,0.70709789,1
9.720000,-0.11166680,0.00608006,-0.46895298,-1.43829036,1.13385415,-0.87832141,0.79572904,0.004405,0.318332,0.118225,-0.006720,0.300000,0.128363,0.014178,0.015417,0.000000,-0.00456459,0.01084887,0.70702358,0.70709202,1
9.740000,-0.11362817,0.00834941,-0.45786157,-1.43695056,1.14913034,-0.86789173,0.78557658,0.001412,0.319288,0.120228,-0.007280,0.300000,0.130397,0.012048,0.017133,0.000000,-0.00554974,0.01037955,0.70703061,0.70708499,1
9.760000,-0.11512764,0.01009664,-0.44634748,-1.43602669,1.16441071,-0.85569489,0.77395630,-0.001647,0.319966,0.122284,-0.007840,0.300000,0.132353,0.009712,0.018557,0.000000,-0.00648714,0.00982103,0.70703860,0.70707700,1
9.780000,-0.11614857,0.01125113,-0.43441758,-1.43552887,1.17969477,-0.84181297,0.76088607,-0.004724,0.320344,0.124381,-0.008400,0.300000,0.134227,0.007210,0.019665,0.000000,-0.00736877,0.00917810,0.70704724,0.70706836,1
9.800000,-0.11668313,0.01174706,-0.42210579,-1.43547726,1.19498205,-0.82660609,0.74642867,-0.007773,0.320410,0.126504,-0.008960,0.300000,0.136015,0.004586,0.020437,0.000000,-0.00818706,0.00845627,0.70705623,0.70705937,1
9.820000,-0.11672861,0.01154738,-0.40950730,-1.43595350,1.21027327,-0.81139672,0.73122531,-0.010758,0.320168,0.128630,-0.009520,0.300000,0.137713,0.001882,0.020860,0.000000,-0.00893497,0.00766176,0.70706529,0.70705031,1
9.840000,-0.11624589,0.01073586,-0.39693445,-1.43728089,1.22507775,-0.79618973,0.71602184,-0.013563,0.319634,0.130733,-0.010080,0.300000,0.139314,-0.000853,0.020928,0.000000,-0.00960609,0.00680139,0.70707410,0.70704150,1
9.860000,-0.11506939,0.00945638,-0.38456178,-1.43944871,1.23855519,-0.78098226,0.70081842,-0.016102,0.318911,0.132824,-0.010640,0.300000,0.140817,-0.003573,0.020638,0.000000,-0.01019463,0.00588255,0.70708234,0.70703326,1
9.880000,-0.11313199,0.00783761,-0.37252212,-1.44221222,1.25034583,-0.76577538,0.68574107,-0.018346,0.318037,0.134900,-0.011200,0.300000,0.142216,-0.006233,0.019996,0.000000,-0.01069555,0.00491314,0.70708974,0.70702586,1
9.900000,-0.11051192,0.00596438,-0.36100736,-1.44535053,1.26037824,-0.75056946,0.67103159,-0.020285,0.316996,0.136931,-0.011760,0.300000,0.143509,-0.008786,0.019013,0.000000,-0.01110456,0.00390145,0.70709604,0.70701956,1
9.920000,-0.10729612,0.00390083,-0.35022649,-1.44876540,1.26859188,-0.73536402,0.65667605,-0.021895,0.315779,0.138884,-0.012320,0.300000,0.144692,-0.011189,0.017706,0.000000,-0.01141810,0.00285630,0.70710104,0.70701456,1
9.940000,-0.10355841,0.00170116,-0.34034371,-1.45237708,1.27489293,-0.72015882,0.64264941,-0.023151,0.314397,0.140733,-0.012880,0.300000,0.145762,-0.013402,0.016096,0.000000,-0.01163353,0.00178651,0.70710456,0.70701104,1
9.960000,-0.09939036,-0.00058832,-0.33149344,-1.45607162,1.27922583,-0.70495391,0.62892556,-0.024043,0.312865,0.142454,-0.013440,0.300000,0.146716,-0.015385,0.014212,0.000000,-0.01174897,0.00070145,0.70710647,0.70700913,1
9.980000,-0.09491900,-0.00293758,-0.32373872,-1.45971835,1.28161860,-0.68974882,0.61544132,-0.024575,0.311203,0.144030,-0.014000,0.300000,0.147553,-0.017107,0.012085,0.000000,-0.01176343,-0.00038973,0.70710670,0.70700890,1
10.000000,-0.09030370,-0.00533673,-0.31706667,-1.46316326,1.28221798,-0.67454398,0.60211527,-0.024766,0.309427,0.145452,-0.014560,0.300000,0.148269,-0.018536,0.009753,0.000000,-0.01167680,-0.00147747,0.70710525,0.70701035,1
10.020000,-0.08573193,-0.00779722,-0.31140655,-1.46624970,1.28125727,-0.65933895,0.58884734,-0.024648,0.307555,0.146720,-0.015120,0.300000,0.148863,-0.019649,0.007253,0.000000,-0.01148980,-0.00255260,0.70710220,0.70701340,1
10.040000,-0.08140731,-0.01034905,-0.30665094,-1.46882820,1.27901328,-0.64413381,0.57553297,-0.024260,0.305608,0.147833,-0.015680,0.300000,0.149334,-0.020427,0.004630,0.000000,-0.01120407,-0.00360569,0.70709761,0.70701799,1
10.060000,-0.07752635,-0.01302907,-0.30267909,-1.47075975,1.27575791,-0.62892872,0.56207520,-0.023645,0.303609,0.148795,-0.016240,0.300000,0.149681,-0.020856,0.001928,0.000000,-0.01082203,-0.00462788,0.70709167,0.70702393,1
10.080000,-0.07426468,-0.01586840,-0.29937810,-1.47192478,1.27173257,-0.61372387,0.54839188,-0.022843,0.301590,0.149606,-0.016800,0.300000,0.149901,-0.020930,-0.000807,0.000000,-0.01034700,-0.00561019,0.70708454,0.70703105,1
10.100000,-0.07176905,-0.01888057,-0.29665542,-1.47222984,1.26713765,-0.59851933,0.53442782,-0.021894,0.299581,0.150273,-0.017360,0.300000,0.149996,-0.020646,-0.003528,0.000000,-0.00978300,-0.00654435,0.70707653,0.70703907,1
10.120000,-0.07014686,-0.02205370,-0.29444122,-1.47162223,1.26214230,-0.58435637,0.52016932,-0.020847,0.297646,0.150801,-0.017920,0.300000,0.149964,-0.020010,-0.006189,0.000000,-0.00913493,-0.00742222,0.70706784,0.70704776,1
10.140000,-0.06950683,-0.02532089,-0.29287237,-1.47027051,1.25690901,-0.57241338,0.50644404,-0.019722,0.295814,0.151175,-0.018480,0.300000,0.149807,-0.019032,-0.008744,0.000000,-0.00840834,-0.00823628,0.70705883,0.70705677,1
10.160000,-0.06980159,-0.02850553,-0.29226476,-1.46853220,1.25140309,-0.56310362,0.49442348,-0.018476,0.294088,0.151373,-0.019040,0.300000,0.149523,-0.017730,-0.011150,0.000000,-0.00760948,-0.00897954,0.70704978,0.70706582,1
10.180000,-0.07072245,-0.03132540,-0.29284203,-1.46671987,1.24532211,-0.55649239,0.48488191,-0.017033,0.292507,0.151420,-0.019600,0.300000,0.149114,-0.016126,-0.013366,0.000000,-0.00674520,-0.00964562,0.70704100,0.70707460,1
10.200000,-0.07191194,-0.03348796,-0.29466876,-1.46493733,1.23842490,-0.55257404,0.47826701,-0.015350,0.291116,0.151365,-0.020160,0.300000,0.148582,-0.014246,-0.015354,0.000000,-0.00582294,-0.01022879,0.70703282,0.70708278,1
10.220000,-0.07314863,-0.03479620,-0.29767096,-1.46316636,1.23080802,-0.55135399,0.47468442,-0.013435,0.289931,0.151257,-0.020720,0.300000,0.147926,-0.012123,-0.017080,0.000000,-0.00485062,-0.01072405,0.70702548,0.70709012,1
10.240000,-0.07434831,-0.03519667,-0.30162805,-1.46141171,1.22285366,-0.55276650,0.47397059,-0.011317,0.288950,0.151139,-0.021280,0.300000,0.147150,-0.009793,-0.018515,0.000000,-0.00383656,-0.01112715,0.70701926,0.70709634,1
10.260000,-0.07552975,-0.03478551,-0.30624017,-1.45965171,1.21505213,-0.55668843,0.47589076,-0.009048,0.288171,0.151033,-0.021840,0.300000,0.146254,-0.007297,-0.019633,0.000000,-0.00278956,-0.01143459,0.70701435,0.70710125,1
10.280000,-0.07679419,-0.03376576,-0.31122598,-1.45786154,1.20781958,-0.56288278,0.48009160,-0.006691,0.287601,0.150938,-0.022400,0.300000,0.145241,-0.004675,-0.020417,0.000000,-0.00171857,-0.01164376,0.70701093,0.70710467,1
10.300000,-0.07826380,-0.03237297,-0.31637850,-1.45600104,1.20141816,-0.57100368,0.48614588,-0.004314,0.287255,0.150833,-0.022960,0.300000,0.144115,-0.001974,-0.020852,0.000000,-0.00063281,-0.01175286,0.70700913,0.70710647,1
10.320000,-0.08003763,-0.03079751,-0.32157937,-1.45401788,1.19594240,-0.58069110,0.49363753,-0.001979,0.287151,0.150693,-0.023520,0.300000,0.142876,0.000761,-0.020931,0.000000,0.00045839,-0.01176095,0.70700898,0.70710662,1
10.340000,-0.08217446,-0.02915156,-0.32678115,-1.45185924,1.19136059,-0.59163040,0.50222158,0.000252,0.287306,0.150495,-0.024080,0.300000,0.141530,0.003483,-0.020653,0.000000,0.00154565,-0.01166797,0.70701052,0.70710508,1
10.360000,-0.08468951,-0.02747935,-0.33199129,-1.44948685,1.18758011,-0.60356331,0.51163608,0.002331,0.287726,0.150226,-0.024640,0.300000,0.140078,0.006145,-0.020023,0.000000,0.00261963,-0.01147471,0.70701370,0.70710190,1
10.380000,-0.08756022,-0.02578759,-0.33725294,-1.44688916,1.18448174,-0.61627442,0.52168792,0.004215,0.288408,0.149873,-0.025200,0.300000,0.138526,0.008702,-0.019052,0.000000,0.00367108,-0.01118282,0.70701838,0.70709722,1
10.400000,-0.09073822,-0.02406996,-0.34263116,-1.44408083,1.18192756,-0.62958151,0.53223258,0.005874,0.289344,0.149425,-0.025760,0.300000,0.136876,0.011111,-0.017755,0.000000,0.00469097,-0.01079483,0.70702440,0.70709120,1
10.420000,-0.09416338,-0.02231927,-0.34820351,-1.44108737,1.17976618,-0.64332575,0.54315954,0.007282,0.290518,0.148869,-0.026320,0.300000,0.135132,0.013331,-0.016155,0.000000,0.00567053,-0.01031406,0.70703158,0.70708402,1
10.440000,-0.09777433,-0.02053032,-0.35405397,-1.43793774,1.17784071,-0.65737039,0.55437869,0.008416,0.291911,0.148193,-0.026880,0.300000,0.133301,0.015323,-0.014279,0.000000,0.00660138,-0.00974461,0.70703965,0.70707594,1
10.460000,-0.10151491,-0.01869946,-0.36026856,-1.43465829,1.17599702,-0.67160010,0.56581360,0.009258,0.293499,0.147384,-0.027440,0.300000,0.131385,0.017053,-0.012161,0.000000,0.00747541,-0.00909145,0.70704836,0.70706724,1
10.480000,-0.10533584,-0.01682477,-0.36693221,-1.43127179,1.17408597,-0.68591982,0.57739741,0.009792,0.295253,0.146429,-0.028000,0.300000,0.129389,0.018493,-0.009834,0.000000,0.00828525,-0.00836010,0.70705738,0.70705822,1
10.500000,-0.10919482,-0.01490690,-0.37412772,-1.42779791,1.17196810,-0.70025522,0.58907264,0.010003,0.297138,0.145315,-0.028560,0.300000,0.127320,0.019617,-0.007340,0.000000,0.00902380,-0.00755694,0.70706642,0.70704918,1
10.520000,-0.11305669,-0.01295004,-0.38193658,-1.42425251,1.16950679,-0.71455032,0.60079098,0.009884,0.299118,0.144032,-0.029120,0.300000,0.125181,0.020406,-0.004720,0.000000,0.00968485,-0.00668875,0.70707518,0.70704042,1
10.540000,-0.11689355,-0.01096173,-0.39044181,-1.42064393,1.16656780,-0.72876740,0.61251485,0.009429,0.301152,0.142565,-0.029680,0.300000,0.122979,0.020847,-0.002020,0.000000,0.01026260,-0.00576314,0.70708332,0.70703228,1
10.560000,-0.12068544,-0.00895181,-0.39973405,-1.41697288,1.16301024,-0.74289024,0.62421823,0.008636,0.303199,0.140901,-0.030240,0.300000,0.120719,0.020933,0.000715,0.000000,0.01075219,-0.00478790,0.70709059,0.70702501,1
10.580000,-0.12442125,-0.00693123,-0.40992072,-1.41322553,1.15867877,-0.75692749,0.63588905,0.007506,0.305216,0.139023,-0.030800,0.300000,0.118406,0.020661,0.003437,0.000000,0.01114933,-0.00377159,0.70709674,0.70701886,1
10.600000,-0.12810197,-0.00491090,-0.42114371,-1.40936530,1.15339160,-0.77092320,0.64753592,0.006044,0.307156,0.136907,-0.031360,0.300000,0.116047,0.020037,0.006101,0.000000,0.01145068,-0.00272276,0.70710155,0.70701405,1
10.620000,-0.13174935,-0.00289951,-0.43361160,-1.40531301,1.14691758,-0.78497714,0.65919685,0.004252,0.308970,0.134519,-0.031920,0.300000,0.113648,0.019071,0.008661,0.000000,0.01165359,-0.00165062,0.70710488,0.70701072,1
10.640000,-0.13540468,-0.00088630,-0.44756615,-1.40098119,1.13896966,-0.79923159,0.67092395,0.002138,0.310613,0.131821,-0.032480,0.300000,0.111214,0.017779,0.011072,0.000000,0.01175635,-0.00056419,0.70710658,0.70700902,1
10.660000,-0.13908660,0.00117843,-0.46312585,-1.39634717,1.12929809,-0.81376833,0.68274868,-0.000276,0.312049,0.128811,-0.033040,0.300000,0.108751,0.016184,0.013295,0.000000,0.01175808,0.00052704,0.70710660,0.70700900,1
10.680000,-0.14277278,0.00335466,-0.48027328,-1.39139450,1.11780953,-0.82861483,0.69469404,-0.002956,0.313241,0.125512,-0.033600,0.300000,0.106267,0.014313,0.015291,0.000000,0.01165875,0.00161374,0.70710497,0.70701063,1
10.700000,-0.14643243,0.00558978,-0.49773544,-1.38614953,1.10460448,-0.84377331,0.70674062,-0.005888,0.314367,0.122170,-0.034160,0.300000,0.103766,0.012198,0.017027,0.000000,0.01145922,0.00268656,0.70710169,0.70701391,1
10.720000,-0.14991057,0.00783490,-0.51517564,-1.38088441,1.09091532,-0.85897368,0.71895933,-0.008995,0.315248,0.118823,-0.034720,0.300000,0.101256,0.009874,0.018471,0.000000,0.01116121,0.00373629,0.70709694,0.70701866,1
10.740000,-0.15303662,0.00992174,-0.53258473,-1.37607491,1.07716763,-0.87410897,0.73098838,-0.012154,0.315792,0.115447,-0.035280,0.300000,0.098743,0.007383,0.019601,0.000000,0.01076725,0.00475394,0.70709083,0.70702477,1
10.760000,-0.15574276,0.01171135,-0.54997653,-1.37191987,1.06325948,-0.88885075,0.74276108,-0.015278,0.315989,0.112025,-0.035840,0.300000,0.096234,0.004765,0.020396,0.000000,0.01028079,0.00573064,0.70708358,0.70703202,1
10.780000,-0.15800966,0.01318880,-0.56736016,-1.36834586,1.04896092,-0.90296298,0.75423521,-0.018324,0.315850,0.108563,-0.036400,0.300000,0.093733,0.002065,0.020843,0.000000,0.00970591,0.00665815,0.70707546,0.70704014,1
10.800000,-0.15983723,0.01441622,-0.58473504,-1.36520934,1.03409266,-0.91638243,0.76536506,-0.021263,0.315390,0.105082,-0.036960,0.300000,0.091249,-0.000669,0.020934,0.000000,0.00904764,0.00752838,0.70706672,0.70704887,1
10.820000,-0.16124542,0.01545098,-0.60208631,-1.36239707,1.01897264,-0.92915875,0.77612752,-0.024080,0.314552,0.101592,-0.037520,0.300000,0.088786,-0.003392,0.020669,0.000000,0.00831159,0.00833390,0.70705769,0.70705790,1
10.840000,-0.16225988,0.01631339,-0.61940825,-1.35995626,1.00384665,-0.94137514,0.78644651,-0.026734,0.313298,0.098100,-0.038080,0.300000,0.086352,-0.006057,0.020050,0.000000,0.00750410,0.00906779,0.70704865,0.70706695,1
10.860000,-0.16290605,0.01700574,-0.63667858,-1.35791802,0.98871809,-0.95304412,0.79632425,-0.029184,0.311640,0.094616,-0.038640,0.300000,0.083953,-0.008619,0.019090,0.000000,0.00663211,0.00972373,0.70703994,0.70707566,1
10.880000,-0.16321681,0.01751174,-0.65319258,-1.35620558,0.97360986,-0.96416658,0.80580401,-0.031419,0.309744,0.091275,-0.039200,0.300000,0.081594,-0.011033,0.017803,0.000000,0.00570310,0.01029609,0.70703185,0.70708375,1
10.900000,-0.16314195,0.01778076,-0.66838205,-1.35488653,0.95851433,-0.97470051,0.81499660,-0.033401,0.307763,0.088180,-0.039760,0.300000,0.079281,-0.013260,0.016213,0.000000,0.00472506,0.01077996,0.70702462,0.70709098,1
10.920000,-0.16259605,0.01770179,-0.68190324,-1.35407722,0.94342595,-0.98457783,0.82394791,-0.035078,0.305813,0.085379,-0.040320,0.300000,0.077021,-0.015260,0.014347,0.000000,0.00370640,0.01117117,0.70701856,0.70709704,1
10.940000,-0.16153562,0.01716680,-0.69358432,-1.35383773,0.92834049,-0.99374962,0.83265769,-0.036410,0.303977,0.082889,-0.040880,0.300000,0.074819,-0.017000,0.012235,0.000000,0.00265583,0.01146638,0.70701382,0.70710178,1
10.960000,-0.15998076,0.01610902,-0.70339859,-1.35414135,0.91325402,-1.00224483,0.84109658,-0.037375,0.302308,0.080704,-0.041440,0.300000,0.072680,-0.018450,0.009915,0.000000,0.00158252,0.01166303,0.70701062,0.70710498,1
10.980000,-0.15802310,0.01452266,-0.71145946,-1.35487497,0.89816231,-1.01021099,0.84924084,-0.037975,0.300833,0.078800,-0.042000,0.300000,0.070611,-0.019585,0.007426,0.000000,0.00049551,0.01175945,0.70700903,0.70710657,1
11.000000,-0.15582748,0.01246373,-0.71802068,-1.35585010,0.88337517,-1.01794147,0.85711342,-0.038236,0.299496,0.077133,-0.042560,0.300000,0.068615,-0.020385,0.004809,0.000000,-0.00059566,0.01175480,0.70700909,0.70710651,1
11.020000,-0.15361361,0.01002741,-0.72338951,-1.35691261,0.86982781,-1.02586389,0.86476314,-0.038209,0.298129,0.075636,-0.043120,0.300000,0.066699,-0.020838,0.002111,0.000000,-0.00168181,0.01164913,0.70701085,0.70710475,1
11.040000,-0.15160500,0.00730152,-0.72774887,-1.35808396,0.85776836,-1.03439748,0.87225002,-0.037915,0.296703,0.074282,-0.043680,0.300000,0.064867,-0.020936,-0.000623,0.000000,-0.00275341,0.01144335,0.70701421,0.70710139,1
11.060000,-0.14994803,0.00436940,-0.73120666,-1.35929096,0.84718138,-1.04377103,0.87986815,-0.037376,0.295250,0.073065,-0.044240,0.300000,0.063124,-0.020676,-0.003346,0.000000,-0.00380142,0.01113920,0.70701906,0.70709654,1
11.080000,-0.14871506,0.00135220,-0.73394758,-1.36040342,0.83796477,-1.05413938,0.88785177,-0.036616,0.293793,0.071974,-0.044800,0.300000,0.061474,-0.020063,-0.006013,0.000000,-0.00481667,0.01073934,0.70702525,0.70709035,1
11.100000,-0.14795814,-0.00160136,-0.73625362,-1.36124837,0.82994765,-1.06565464,0.89636630,-0.035660,0.292342,0.070988,-0.045360,0.300000,0.059922,-0.019108,-0.008577,0.000000,-0.00579059,0.01024714,0.70703254,0.70708306,1
11.120000,-0.14773649,-0.00433745,-0.73847079,-1.36162257,0.82290202,-1.07849038,0.90554535,-0.034543,0.290900,0.070076,-0.045920,0.300000,0.058470,-0.017828,-0.010994,0.000000,-0.00671465,0.00966691,0.70704072,0.70707488,1
11.140000,-0.14810987,-0.00671001,-0.74096233,-1.36132741,0.81656116,-1.09282911,0.91551471,-0.033300,0.289467,0.069204,-0.046480,0.300000,0.057124,-0.016242,-0.013224,0.000000,-0.00758107,0.00900354,0.70704949,0.70706611,1
11.160000,-0.14912482,-0.00859237,-0.74405754,-1.36019170,0.81065226,-1.10803533,0.92639261,-0.031945,0.288035,0.068340,-0.047040,0.300000,0.055885,-0.014380,-0.015228,0.000000,-0.00838228,0.00826281,0.70705852,0.70705708,1
11.180000,-0.15077484,-0.00987695,-0.74798882,-1.35794878,0.80482686,-1.12324417,0.93791634,-0.030494,0.286622,0.067470,-0.047600,0.300000,0.054759,-0.012272,-0.016973,0.000000,-0.00911143,0.00745105,0.70706754,0.70704806,1
11.200000,-0.15306363,-0.01048915,-0.75289470,-1.35431957,0.79875219,-1.13845253,0.94968826,-0.028993,0.285283,0.066589,-0.048160,0.300000,0.053746,-0.009955,-0.018428,0.000000,-0.00976227,0.00657523,0.70707623,0.70703937,1
11.220000,-0.15605135,-0.01040896,-0.75887084,-1.34923422,0.79231310,-1.15366101,0.96166462,-0.027480,0.284038,0.065684,-0.048720,0.300000,0.052850,-0.007469,-0.019568,0.000000,-0.01032920,0.00564290,0.70708428,0.70703132,1
11.240000,-0.15974948,-0.00964452,-0.76595271,-1.34275448,0.78550059,-1.16886985,0.97380865,-0.025979,0.282903,0.064747,-0.049280,0.300000,0.052074,-0.004854,-0.020375,0.000000,-0.01080735,0.00466205,0.70709144,0.70702416,1
11.260000,-0.16411324,-0.00822338,-0.77408737,-1.33502400,0.77835023,-1.18407834,0.98606944,-0.024509,0.281900,0.063780,-0.049840,0.300000,0.051418,-0.002157,-0.020834,0.000000,-0.01119261,0.00364113,0.70709743,0.70701817,1
11.280000,-0.16907740,-0.00619681,-0.78315550,-1.32621050,0.77095401,-1.19928634,0.99840772,-0.023090,0.281053,0.062792,-0.050400,0.300000,0.050886,0.000577,-0.020937,0.000000,-0.01148169,0.00258885,0.70710207,0.70701353,1
11.300000,-0.17456755,-0.00363336,-0.79300743,-1.31649804,0.76344573,-1.21449375,1.01078570,-0.021745,0.280380,0.061793,-0.050960,0.300000,0.050477,0.003301,-0.020683,0.000000,-0.01167207,0.00151441,0.70710518,0.70701042,1
11.320000,-0.18050545,-0.00060846,-0.80348688,-1.30607367,0.75597101,-1.22970068,1.02316439,-0.020496,0.279892,0.060792,-0.051520,0.300000,0.050193,0.005969,-0.020077,0.000000,-0.01176214,0.00042686,0.70710669,0.70700891,1
11.340000,-0.18681188,0.00280441,-0.81444710,-1.29511499,0.74866688,-1.24490714,1.03550851,-0.019369,0.279594,0.059794,-0.052080,0.300000,0.050036,0.008535,-0.019127,0.000000,-0.01175112,-0.00066432,0.70710649,0.70700911,1
11.360000,-0.19340904,0.00654025,-0.82576066,-1.28378189,0.74165046,-1.26011276,1.04778421,-0.018392,0.279483,0.058807,-0.052640,0.300000,0.050004,0.010955,-0.017852,0.000000,-0.01163911,-0.00174978,0.70710464,0.70701096,1
11.380000,-0.20022239,0.01054550,-0.83732450,-1.27221394,0.73501229,-1.27531731,1.05996430,-0.017593,0.279550,0.057831,-0.053200,0.300000,0.050099,0.013189,-0.016271,0.000000,-0.01142707,-0.00282020,0.70710119,0.70701441,1
11.400000,-0.20718214,0.01477707,-0.84905696,-1.26052964,0.72881752,-1.29052138,1.07202613,-0.016998,0.279777,0.056870,-0.053760,0.300000,0.050319,0.015197,-0.014414,0.000000,-0.01111682,-0.00386638,0.70709624,0.70701936,1
11.420000,-0.21422434,0.01920120,-0.86089510,-1.24882770,0.72310835,-1.30572510,1.08394635,-0.016635,0.280145,0.055924,-0.054320,0.300000,0.050666,0.016946,-0.012310,0.000000,-0.01071103,-0.00487932,0.70708997,0.70702563,1
11.440000,-0.22129063,0.02379259,-0.87278700,-1.23719311,0.71790916,-1.32092834,1.09570587,-0.016526,0.280626,0.054993,-0.054880,0.300000,0.051137,0.018406,-0.009996,0.000000,-0.01021317,-0.00585030,0.70708260,0.70703300,1
11.460000,-0.22832736,0.02853213,-0.88468659,-1.22569835,0.71323138,-1.33613145,1.10728920,-0.016693,0.281192,0.054078,-0.055440,0.300000,0.051731,0.019552,-0.007511,0.000000,-0.00962753,-0.00677100,0.70707439,0.70704121,1
11.480000,-0.23528387,0.03340410,-0.89655006,-1.21440983,0.70907754,-1.35133386,1.11868083,-0.017153,0.281811,0.053182,-0.056000,0.300000,0.052447,0.020364,-0.004899,0.000000,-0.00895911,-0.00763352,0.70706559,0.70705001,1
11.500000,-0.24211143,0.03839417,-0.90833175,-1.20339096,0.70544350,-1.36653590,1.12986684,-0.017918,0.282451,0.052306,-0.056560,0.300000,0.053284,0.020829,-0.002203,0.000000,-0.00821374,-0.00843036,0.70705655,0.70705905,1
11.520000,-0.24876261,0.04348680,-0.91998321,-1.19270539,0.70232171,-1.38173699,1.14083469,-0.018993,0.283081,0.051455,-0.057120,0.300000,0.054238,0.020938,0.000531,0.000000,-0.00739770,-0.00915479,0.70704755,0.70706805,1
11.540000,-0.25519079,0.04866361,-0.93144977,-1.18241739,0.69970411,-1.39693773,1.15157640,-0.020381,0.283667,0.050631,-0.057680,0.300000,0.055308,0.020690,0.003256,0.000000,-0.00651814,-0.00980048,0.70703889,0.70707671,1
11.560000,-0.26135036,0.05390276,-0.94267172,-1.17259574,0.69757926,-1.41213810,1.16208696,-0.022077,0.284181,0.049840,-0.058240,0.300000,0.056491,0.020090,0.005925,0.000000,-0.00558247,-0.01036198,0.70703087,0.70708473,1
11.580000,-0.26719528,0.05917943,-0.95358330,-1.16331410,0.69593412,-1.42733836,1.17236876,-0.024070,0.284594,0.049089,-0.058800,0.300000,0.057784,0.019146,0.008493,0.000000,-0.00459889,-0.01083437,0.70702379,0.70709181,1
11.600000,-0.27267781,0.06446682,-0.96411353,-1.15465033,0.69475377,-1.44253767,1.18243027,-0.026342,0.284881,0.048383,-0.059360,0.300000,0.059183,0.017876,0.010916,0.000000,-0.00357569,-0.01121369,0.70701789,0.70709771,1
11.620000,-0.27774796,0.06973680,-0.97418493,-1.14668941,0.69402099,-1.45773661,1.19228494,-0.028871,0.285022,0.047732,-0.059920,0.300000,0.060686,0.016300,0.013153,0.000000,-0.00252183,-0.01149659,0.70701333,0.70710227,1
11.640000,-0.28235227,0.07496072,-0.98371381,-1.13952637,0.69371659,-1.47293532,1.20196140,-0.031628,0.284998,0.047146,-0.060480,0.300000,0.062287,0.014447,0.015165,0.000000,-0.00144621,-0.01168071,0.70701032,0.70710528,1
11.660000,-0.28643200,0.08010921,-0.99260950,-1.13326752,0.69381917,-1.48813391,1.21149361,-0.034578,0.284799,0.046638,-0.061040,0.300000,0.063985,0.012347,0.016919,0.000000,-0.00035824,-0.01176443,0.70700894,0.70710666,1
11.680000,-0.28991768,0.08515140,-1.00077677,-1.12803173,0.69430792,-1.50333214,1.22093630,-0.037681,0.284418,0.046221,-0.061600,0.300000,0.065773,0.010036,0.018384,0.000000,0.00073290,-0.01174705,0.70700922,0.70710638,1
11.700000,-0.29272875,0.09005610,-1.00811589,-1.12395346,0.69516098,-1.51853049,1.23035908,-0.040891,0.283854,0.045912,-0.062160,0.300000,0.067647,0.007554,0.019535,0.000000,0.00181769,-0.01162870,0.70701119,0.70710441,1
11.720000,-0.29477742,0.09479250,-1.01452041,-1.12117863,0.69634968,-1.53265834,1.23986554,-0.044122,0.283098,0.045728,-0.062720,0.300000,0.069603,0.004944,0.020353,0.000000,0.00288686,-0.01141042,0.70701474,0.70710086,1
11.740000,-0.29592544,0.09935270,-1.01986587,-1.11974609,0.69774878,-1.54394639,1.24916637,-0.047265,0.282161,0.045702,-0.063280,0.300000,0.071637,0.002249,0.020824,0.000000,0.00393120,-0.01109407,0.70701977,0.70709583,1
11.760000,-0.29600981,0.10371713,-1.02399051,-1.11961210,0.69918627,-1.55180562,1.25757146,-0.050250,0.281099,0.045872,-0.063840,0.300000,0.073741,-0.000485,0.020939,0.000000,0.00494175,-0.01068237,0.70702611,0.70708948,1
11.780000,-0.29494220,0.10779682,-1.02668965,-1.12087655,0.70062846,-1.55603099,1.26466811,-0.053015,0.279962,0.046267,-0.064400,0.300000,0.075912,-0.003210,0.020698,0.000000,0.00590986,-0.01017883,0.70703354,0.70708206,1
11.800000,-0.29263046,0.11145741,-1.02772546,-1.12375498,0.70210034,-1.55640411,1.27017117,-0.055492,0.278801,0.046912,-0.064960,0.300000,0.078144,-0.005881,0.020103,0.000000,0.00682708,-0.00958785,0.70704180,0.70707379,1
11.820000,-0.28895971,0.11452773,-1.02684176,-1.12847507,0.70357764,-1.55272698,1.27377045,-0.057603,0.277686,0.047834,-0.065520,0.300000,0.080431,-0.008451,0.019165,0.000000,0.00768569,-0.00891440,0.70705060,0.70706500,1
11.840000,-0.28391355,0.11677395,-1.02382255,-1.13509774,0.70493454,-1.54505038,1.27525830,-0.059289,0.276704,0.049043,-0.066080,0.300000,0.082768,-0.010877,0.017900,0.000000,0.00847819,-0.00816436,0.70705968,0.70705592,1
11.860000,-0.27757624,0.11796938,-1.01853132,-1.14354527,0.70603752,-1.53365016,1.27456176,-0.060504,0.275940,0.050530,-0.066640,0.300000,0.085148,-0.013117,0.016329,0.000000,0.00919782,-0.00734414,0.70706866,0.70704694,1
11.880000,-0.27008376,0.11796052,-1.01089633,-1.15364158,0.70684439,-1.51900840,1.27177382,-0.061232,0.275454,0.052280,-0.067200,0.300000,0.087566,-0.015133,0.014480,0.000000,0.00983838,-0.00646079,0.70707728,0.70703832,1
11.900000,-0.26165155,0.11670527,-1.00092220,-1.16514289,0.70744377,-1.50379467,1.26709890,-0.061546,0.275305,0.054271,-0.067760,0.300000,0.090015,-0.016892,0.012384,0.000000,0.01039439,-0.00552189,0.70708524,0.70703036,1
11.920000,-0.25266483,0.11442740,-0.98877782,-1.17796922,0.70816010,-1.48858285,1.26201200,-0.061464,0.275447,0.056479,-0.068320,0.300000,0.092489,-0.018362,0.010077,0.000000,0.01086105,-0.00453553,0.70709225,0.70702335,1
11.940000,-0.24332930,0.11151934,-0.97551984,-1.19182324,0.70933497,-1.47337604,1.25711119,-0.060970,0.275611,0.058740,-0.068880,0.300000,0.094982,-0.019519,0.007597,0.000000,0.01123436,-0.00351017,0.70709809,0.70701751,1
11.960000,-0.23387054,0.10846062,-0.96214312,-1.20609772,0.71093130,-1.45817149,1.25222981,-0.060069,0.275617,0.060930,-0.069440,0.300000,0.097488,-0.020342,0.004988,0.000000,0.01151112,-0.00245464,0.70710253,0.70701307,1
11.980000,-0.22463064,0.10560299,-0.94877082,-1.22007143,0.71294147,-1.44296646,1.24710119,-0.058832,0.275491,0.063067,-0.070000,0.300000,0.100000,-0.020819,0.002294,0.000000,0.01168895,-0.00137800,0.70710546,0.70701014,1
12.000000,-0.21590799,0.10304192,-0.93538737,-1.23332942,0.71557546,-1.42776108,1.24156559,-0.057444,0.275237,0.065154,-0.000140,0.300000,0.100000,-0.020940,-0.000439,0.000000,0.01176639,-0.00028676,0.70727216,0.70684338,0
12.020000,-0.20459858,0.09730492,-0.92186457,-1.24827147,0.71843076,-1.41255450,1.23272991,-0.055517,0.274965,0.066753,-0.000558,0.299999,0.100000,-0.020705,-0.003165,0.000000,0.01174182,0.00081242,0.70776348,0.70635142,0
12.040000,-0.19151437,0.09060998,-0.90853053,-1.26336086,0.71900505,-1.39734852,1.22360837,-0.053195,0.275073,0.068230,-0.001247,0.299997,0.100000,-0.020115,-0.005836,0.000000,0.01161395,0.00190968,0.70857201,0.70554035,0
12.060000,-0.17808416,0.08419745,-0.89512974,-1.27849603,0.71953422,-1.38214386,1.21446681,-0.050732,0.275310,0.069697,-0.002202,0.299992,0.100000,-0.019183,-0.008409,0.000000,0.01138245,0.00299525,0.70969016,0.70441560,0
12.080000,-0.16448241,0.07816786,-0.88171631,-1.29364216,0.72053885,-1.36693966,1.20530152,-0.048178,0.275626,0.071136,-0.003416,0.299981,0.100000,-0.017923,-0.010837,0.000000,0.01104800,0.00405887,0.71110985,0.70298239,0
12.100000,-0.15073320,0.07257640,-0.86830157,-1.30879223,0.72220051,-1.35173547,1.19608164,-0.045559,0.276030,0.072551,-0.004886,0.299960,0.100000,-0.016358,-0.013081,0.000000,0.01061222,0.00509065,0.71282292,0.70124528,0
12.120000,-0.13684215,0.06744214,-0.85488987,-1.32394493,0.72463924,-1.33653164,1.18676996,-0.042901,0.276540,0.073947,-0.006603,0.299927,0.100000,-0.014513,-0.015102,0.000000,0.01007787,0.00608042,0.71482059,0.69920883,0
12.140000,-0.12281320,0.06277135,-0.84148508,-1.33910048,0.72794938,-1.32132769,1.17734456,-0.040233,0.277172,0.075327,-0.008564,0.299878,0.100000,-0.012421,-0.016865,0.000000,0.00944858,0.00701856,0.71709421,0.69687686,0
12.160000,-0.10865036,0.05856413,-0.82809055,-1.35425758,0.73219776,-1.30612373,1.16778755,-0.037582,0.277945,0.076695,-0.010762,0.299807,0.100000,-0.010117,-0.018340,0.000000,0.00872919,0.00789542,0.71963453,0.69425327,0
12.180000,-0.09435798,0.05480921,-0.81471044,-1.36941731,0.73743135,-1.29092002,1.15809441,-0.034978,0.278872,0.078053,-0.013190,0.299710,0.100000,-0.007640,-0.019502,0.000000,0.00792530,0.00870208,0.72243223,0.69134154,0
12.200000,-0.08121093,0.05148326,-0.80134517,-1.38463104,0.74366719,-1.27571404,1.14827466,-0.032550,0.279963,0.079389,-0.015844,0.299581,0.100000,-0.005033,-0.020331,0.000000,0.00704369,0.00942988,0.72547772,0.68814500,0
12.220000,-0.07024933,0.04838929,-0.78798401,-1.39986694,0.75133592,-1.26050735,1.13829708,-0.030427,0.281155,0.080654,-0.018717,0.299416,0.100000,-0.002340,-0.020814,0.000000,0.00609190,0.01007096,0.72876113,0.68466684,0
12.240000,-0.06164461,0.04540443,-0.77465010,-1.41510189,0.76042920,-1.24530065,1.12814498,-0.028667,0.282446,0.081843,-0.021802,0.299207,0.100000,0.000393,-0.020941,0.000000,0.00507840,0.01061811,0.73227245,0.68091007,0
12.260000,-0.05524216,0.04249106,-0.76136154,-1.42748618,0.77080011,-1.23009729,1.11786354,-0.027565,0.283826,0.082967,-0.025093,0.298949,0.100000,0.003119,-0.020711,0.000000,0.00401240,0.01106499,0.73600142,0.67687767,0
12.280000,-0.05126277,0.03955302,-0.74809498,-1.43651402,0.78251868,-1.21489131,1.10654604,-0.027241,0.285251,0.084023,-0.028584,0.298635,0.100000,0.005792,-0.020128,0.000000,0.00290378,0.01140615,0.73993754,0.67257260,0
12.300000,-0.04984662,0.03644184,-0.73485315,-1.44230711,0.79540741,-1.19968414,1.09400368,-0.027754,0.286708,0.084999,-0.032268,0.298260,0.100000,0.008367,-0.019201,0.000000,0.00176320,0.01163711,0.74407019,0.66799777,0
12.320000,-0.05077583,0.03311202,-0.72164696,-1.44531858,0.80911046,-1.18447661,1.08037257,-0.029095,0.288213,0.085911,-0.036138,0.297815,0.100000,0.010798,-0.017947,0.000000,0.00060153,0.01175452,0.74838857,0.66315611,0
12.340000,-0.05361604,0.02962274,-0.70847768,-1.44609618,0.82333267,-1.16926980,1.06591535,-0.031223,0.289772,0.086791,-0.040187,0.297296,0.100000,0.013045,-0.016387,0.000000,-0.00056964,0.01175609,0.75288163,0.65805070,0
12.360000,-0.05787244,0.02608148,-0.69534296,-1.44519460,0.83791447,-1.15406322,1.05089080,-0.034083,0.291369,0.087673,-0.044407,0.296695,0.100000,0.015070,-0.014546,0.000000,-0.00173876,0.01164075,0.75753829,0.65268461,0
12.380000,-0.06307957,0.02259603,-0.68223912,-1.44312024,0.85279661,-1.13885784,1.03568709,-0.037614,0.292973,0.088587,-0.048791,0.296006,0.100000,0.016837,-0.012458,0.000000,-0.00289386,0.01140861,0.76234732,0.64706107,0
12.400000,-0.06882663,0.01926613,-0.66916418,-1.44032121,0.86797839,-1.12365282,1.02048337,-0.041757,0.294539,0.089558,-0.053332,0.295222,0.100000,0.018317,-0.010157,0.000000,-0.00402308,0.01106104,0.76729740,0.64118341,0
12.420000,-0.07478371,0.01615656,-0.65612233,-1.43715107,0.88325000,-1.10916996,1.00527966,-0.046487,0.296064,0.090615,-0.058020,0.294336,0.100000,0.019485,-0.007683,0.000000,-0.00511465,0.01060062,0.77237705,0.63505524,0
12.440000,-0.08074506,0.01333178,-0.64311051,-1.43393517,0.89852363,-1.09606624,0.99020809,-0.051781,0.297524,0.091779,-0.062849,0.293343,0.100000,0.020320,-0.005078,0.000000,-0.00615705,0.01003119,0.77757485,0.62868022,0
12.460000,-0.08655564,0.01085693,-0.63012332,-1.43094635,0.91379637,-1.08423221,0.97623175,-0.057591,0.298872,0.093071,-0.067810,0.292236,0.100000,0.020809,-0.002386,0.000000,-0.00713912,0.00935778,0.78287927,0.62206231,0
12.480000,-0.09197540,0.00880962,-0.61715978,-1.42839777,0.92906684,-1.07334793,0.96352893,-0.063853,0.300057,0.094511,-0.072894,0.291009,0.100000,0.020942,0.000347,0.000000,-0.00805021,0.00858662,0.78827883,0.61520562,0
12.500000,-0.09679774,0.00721061,-0.60451823,-1.42640257,0.94432789,-1.06307268,0.95196295,-0.070485,0.300972,0.096052,-0.078092,0.289658,0.100000,0.020718,0.003074,0.000000,-0.00888032,0.00772505,0.79376210,0.60811445,0
12.520000,-0.10091220,0.00602866,-0.59291166,-1.42500544,0.95957059,-1.05314004,0.94124842,-0.077377,0.301434,0.097548,-0.083396,0.288176,0.100000,0.020141,0.005748,0.000000,-0.00962022,0.00678144,0.79931765,0.60079343,0
12.540000,-0.10423900,0.00517887,-0.58243150,-1.42426562,0.97481477,-1.04336190,0.93103695,-0.084456,0.301392,0.098972,-0.088796,0.286558,0.100000,0.019220,0.008324,0.000000,-0.01026146,0.00576529,0.80493424,0.59324728,0
12.560000,-0.10677961,0.00454063,-0.57290888,-1.42413795,0.99006760,-1.03348696,0.92111754,-0.091682,0.300849,0.100335,-0.094282,0.284800,0.100000,0.017971,0.010759,0.000000,-0.01079676,0.00468673,0.81060062,0.58548108,0
12.580000,-0.10861704,0.00395347,-0.56413388,-1.42450726,1.00533009,-1.02327311,0.91126525,-0.099034,0.299817,0.101647,-0.099846,0.282897,0.100000,0.016415,0.013009,0.000000,-0.01121973,0.00355697,0.81630584,0.57749999,0
12.600000,-0.10985936,0.00326118,-0.55590570,-1.42525303,1.02060163,-1.01252913,0.90124989,-0.106496,0.298306,0.102916,-0.105477,0.280846,0.100000,0.014579,0.015038,0.000000,-0.01152531,0.00238757,0.82203905,0.56930946,0
12.620000,-0.11060694,0.00232944,-0.54804671,-1.42627931,1.03579140,-1.00110221,0.89087558,-0.114051,0.296337,0.104150,-0.111166,0.278643,0.100000,0.012495,0.016810,0.000000,-0.01170955,0.00119098,0.82778956,0.56091524,0
12.640000,-0.11093902,0.00106700,-0.54044110,-1.42749012,1.04976654,-0.98886728,0.87998915,-0.121735,0.294091,0.105379,-0.116903,0.276286,0.100000,0.010197,0.018295,0.000000,-0.01176991,-0.00002030,0.83354700,0.55232316,0
12.660000,-0.11092069,-0.00052467,-0.53309882,-1.42855096,1.06230366,-0.97576696,0.86853421,-0.129563,0.291561,0.106594,-0.122677,0.273770,0.100000,0.007726,0.019468,0.000000,-0.01170512,-0.00123316,0.83930111,0.54353943,0
12.680000,-0.11059200,-0.00237711,-0.52613258,-1.42942691,1.07345045,-0.96195292,0.85637105,-0.137492,0.288697,0.107776,-0.128479,0.271096,0.100000,0.005122,0.020309,0.000000,-0.01151531,-0.00243472,0.84504208,0.53457025,0
12.700000,-0.10993176,-0.00442337,-0.51965439,-1.43026173,1.08326006,-0.94751412,0.84357089,-0.145444,0.285470,0.108913,-0.134299,0.268261,0.100000,0.002431,0.020803,0.000000,-0.01120203,-0.00361177,0.85076026,0.52542217,0
12.720000,-0.10885237,-0.00660876,-0.51375449,-1.43123579,1.09172022,-0.93243128,0.83026510,-0.153332,0.281876,0.109998,-0.140126,0.265263,0.100000,-0.000301,0.020943,0.000000,-0.01076814,-0.00475164,0.85644625,0.51610201,0
12.740000,-0.10724283,-0.00889194,-0.50850081,-1.43249297,1.09876323,-0.91722375,0.81654114,-0.161094,0.277940,0.111023,-0.145951,0.262104,0.100000,-0.003028,0.020725,0.000000,-0.01021793,-0.00584171,0.86209113,0.50661657,0
12.760000,-0.10504945,-0.01123418,-0.50405389,-1.43422258,1.10436487,-0.90201765,0.80284691,-0.168643,0.273670,0.111963,-0.151763,0.258782,0.100000,-0.005704,0.020153,0.000000,-0.00955700,-0.00686999,0.86768615,0.49697306,0
12.780000,-0.10218352,-0.01357430,-0.50055772,-1.43656814,1.10836804,-0.88681239,0.78944421,-0.175906,0.269105,0.112803,-0.157552,0.255298,0.100000,-0.008282,0.019238,0.000000,-0.00879218,-0.00782507,0.87322289,0.48717887,0
12.800000,-0.09855754,-0.01584570,-0.49805734,-1.43958998,1.11058271,-0.87160760,0.77646840,-0.182837,0.264303,0.113544,-0.163309,0.251655,0.100000,-0.010719,0.017994,0.000000,-0.00793152,-0.00869633,0.87869339,0.47724143,0
12.820000,-0.09416956,-0.01800169,-0.49652603,-1.44321299,1.11095667,-0.85640317,0.76402223,-0.189420,0.259303,0.114191,-0.169024,0.247853,0.100000,-0.012973,0.016444,0.000000,-0.00698416,-0.00947405,0.88408995,0.46716852,0
12.840000,-0.08910117,-0.02002801,-0.49590343,-1.44732380,1.10959828,-0.84119880,0.75212914,-0.195646,0.254124,0.114741,-0.174687,0.243894,0.100000,-0.015006,0.014612,0.000000,-0.00596036,-0.01014941,0.88940516,0.45696820,0
12.860000,-0.08347984,-0.02194555,-0.49607950,-1.45181859,1.10670352,-0.82599431,0.74074215,-0.201514,0.248777,0.115197,-0.180289,0.239783,0.100000,-0.016782,0.012532,0.000000,-0.00487105,-0.01071491,0.89463199,0.44664870,0
12.880000,-0.07744952,-0.02380546,-0.49689311,-1.45658946,1.10253072,-0.81079006,0.72978431,-0.207025,0.243275,0.115561,-0.185821,0.235522,0.100000,-0.018273,0.010237,0.000000,-0.00372818,-0.01116409,0.89976389,0.43621829,0
12.900000,-0.07116070,-0.02568470,-0.49815601,-1.46152186,1.09738219,-0.79558575,0.71915120,-0.212184,0.237632,0.115837,-0.191274,0.231116,0.100000,-0.019451,0.007768,0.000000,-0.00254417,-0.01149185,0.90479449,0.42568580,0
12.920000,-0.06477072,-0.02766891,-0.49968177,-1.46650624,1.09155953,-0.78038150,0.70872700,-0.217001,0.231859,0.116028,-0.196639,0.226568,0.100000,-0.020298,0.005167,0.000000,-0.00133199,-0.01169445,0.90971792,0.41505997,0
12.940000,-0.05843490,-0.02983775,-0.50129783,-1.47143459,1.08532786,-0.76517719,0.69839919,-0.221486,0.225973,0.116137,-0.201909,0.221884,0.100000,-0.020798,0.002477,0.000000,-0.00010496,-0.01176954,0.91452847,0.40435027,0
12.960000,-0.05229660,-0.03225394,-0.50285661,-1.47620249,1.07890272,-0.74997306,0.68806487,-0.225652,0.219993,0.116169,-0.207076,0.217070,0.100000,-0.020943,-0.000255,0.000000,0.00112345,-0.01171622,0.91922112,0.39356576,0
12.980000,-0.04648336,-0.03495735,-0.50424129,-1.48070908,1.07245052,-0.73476869,0.67763203,-0.229515,0.213941,0.116128,-0.212132,0.212132,0.100000,-0.020732,-0.002983,0.000000,0.00233972,-0.01153502,0.92379095,0.38271627,0
13.000000,-0.04110503,-0.03796387,-0.50536811,-1.48486006,1.06609190,-0.71956450,0.66702127,-0.233091,0.207838,0.116020,-0.217070,0.207076,0.100000,-0.020166,-0.005660,0.000000,0.00353046,-0.01122792,0.92823358,0.37181164,0
13.020000,-0.03625213,-0.04126729,-0.50618541,-1.48856640,1.05990601,-0.70436072,0.65616584,-0.236396,0.201708,0.115849,-0.221884,0.201909,0.100000,-0.019256,-0.008240,0.000000,0.00468256,-0.01079832,0.93254487,0.36086222,0
13.040000,-0.03199701,-0.04484352,-0.50666821,-1.49175048,1.05393827,-0.68915725,0.64501292,-0.239447,0.195573,0.115622,-0.226568,0.196639,0.100000,-0.018018,-0.010679,0.000000,0.00578337,-0.01025100,0.93672129,0.34987812,0
13.060000,-0.02839596,-0.04865535,-0.50681448,-1.49434209,1.04820633,-0.67401588,0.63352126,-0.242264,0.189455,0.115341,-0.231116,0.191274,0.100000,-0.016472,-0.012937,0.000000,0.00682086,-0.00959201,0.94075952,0.33887018,0
13.080000,-0.02549422,-0.05265415,-0.50665140,-1.49629855,1.04271674,-0.65998536,0.62171292,-0.244899,0.183378,0.115012,-0.235522,0.185821,0.100000,-0.014645,-0.014974,0.000000,0.00778358,-0.00882880,0.94465681,0.32784902,0
13.100000,-0.02338008,-0.05675350,-0.50640088,-1.49776161,1.03746688,-0.64753777,0.61043149,-0.247344,0.177353,0.114611,-0.239783,0.180289,0.100000,-0.012569,-0.016755,0.000000,0.00866117,-0.00796976,0.94841069,0.31682587,0
13.120000,-0.02198828,-0.06078476,-0.50633442,-1.49890232,1.03225803,-0.63688624,0.60030013,-0.249586,0.171420,0.114127,-0.243894,0.174687,0.100000,-0.010278,-0.018250,0.000000,0.00944403,-0.00702456,0.95201916,0.30581201,0
13.140000,-0.02111721,-0.06451979,-0.50661683,-1.49985957,1.02678621,-0.62809408,0.59175032,-0.251640,0.165644,0.113580,-0.247853,0.169024,0.100000,-0.007811,-0.019434,0.000000,0.01012384,-0.00600358,0.95548074,0.29481862,0
13.160000,-0.02058764,-0.06774824,-0.50731766,-1.50062478,1.02090693,-0.62121046,0.58506632,-0.253530,0.160064,0.113002,-0.251655,0.163309,0.100000,-0.005211,-0.020286,0.000000,0.01069329,-0.00491829,0.95879429,0.28385731,0
13.180000,-0.02032242,-0.07032590,-0.50846136,-1.50113440,1.01467955,-0.61637962,0.58038139,-0.255279,0.154686,0.112413,-0.255298,0.157552,0.100000,-0.002522,-0.020793,0.000000,0.01114648,-0.00378053,0.96195913,0.27293974,0
13.200000,-0.02033685,-0.07218232,-0.51003504,-1.50135446,1.00828397,-0.61381674,0.57780266,-0.256910,0.149499,0.111829,-0.258782,0.151763,0.100000,0.000209,-0.020944,0.000000,0.01147871,-0.00260301,0.96497501,0.26207766,0
13.220000,-0.02067647,-0.07331253,-0.51199865,-1.50130165,1.00196373,-0.61369944,0.57745302,-0.258440,0.144492,0.111257,-0.262104,0.145951,0.100000,0.002937,-0.020738,0.000000,0.01168676,-0.00139848,0.96784216,0.25128273,0
13.240000,-0.02135924,-0.07375510,-0.51429051,-1.50103486,0.99596566,-0.61610764,0.57941705,-0.259882,0.139660,0.110701,-0.265263,0.140126,0.100000,0.005615,-0.020178,0.000000,0.01176872,-0.00018023,0.97056120,0.24056688,0
13.260000,-0.02236647,-0.07355889,-0.51680446,-1.50063717,0.99048531,-0.62098020,0.58368397,-0.261257,0.135008,0.110170,-0.268261,0.134299,0.100000,0.008198,-0.019274,0.000000,0.01172415,0.00103853,0.97313318,0.22994189,0
13.280000,-0.02365732,-0.07277925,-0.51938659,-1.50016916,0.98569727,-0.62806356,0.59006047,-0.262591,0.130544,0.109682,-0.271096,0.128479,0.100000,0.010640,-0.018041,0.000000,0.01155399,0.00224462,0.97555963,0.21941942,0
13.300000,-0.02520162,-0.07149191,-0.52185094,-1.49961174,0.98178130,-0.63698030,0.59816527,-0.263916,0.126260,0.109253,-0.273770,0.122677,0.100000,0.012901,-0.016501,0.000000,0.01126058,0.00342509,0.97784236,0.20901145,0
13.320000,-0.02702479,-0.06981002,-0.52402836,-1.49885952,0.97889221,-0.64736640,0.60753620,-0.265270,0.122133,0.108889,-0.276286,0.116903,0.100000,0.014941,-0.014678,0.000000,0.01084758,0.00456739,0.97998372,0.19872939,0
13.340000,-0.02920283,-0.06786668,-0.52581602,-1.49779856,0.97713572,-0.65893137,0.61773920,-0.266685,0.118124,0.108582,-0.278643,0.111166,0.100000,0.016727,-0.012605,0.000000,0.01032000,0.00565932,0.98198633,0.18858502,0
13.360000,-0.03180559,-0.06577289,-0.52718043,-1.49637091,0.97653770,-0.67144084,0.62843055,-0.268188,0.114199,0.108316,-0.280846,0.105477,0.100000,0.018228,-0.010317,0.000000,0.00968396,0.00668962,0.98385326,0.17858958,0
13.380000,-0.03485489,-0.06359605,-0.52812338,-1.49457121,0.97703713,-0.68467885,0.63937247,-0.269803,0.110330,0.108082,-0.282897,0.099846,0.100000,0.019417,-0.007854,0.000000,0.00894688,0.00764746,0.98558782,0.16875459,0
13.400000,-0.03832046,-0.06136322,-0.52866787,-1.49241531,0.97852147,-0.69843769,0.65040213,-0.271549,0.106499,0.107874,-0.284800,0.094282,0.100000,0.020275,-0.005256,0.000000,0.00811702,0.00852320,0.98719374,0.15909113,0
13.420000,-0.04214301,-0.05907101,-0.52887148,-1.48993313,0.98085713,-0.71252537,0.66139799,-0.273437,0.102686,0.107688,-0.286558,0.088796,0.100000,0.020787,-0.002568,0.000000,0.00720376,0.00930794,0.98867499,0.14961026,0
13.440000,-0.04625133,-0.05669763,-0.52881461,-1.48716247,0.98389953,-0.72677469,0.67226839,-0.275468,0.098873,0.107520,-0.288176,0.083396,0.100000,0.020944,0.000163,0.000000,0.00621719,0.00999398,0.99003582,0.14032296,0
13.460000,-0.05056611,-0.05421910,-0.52857494,-1.48414993,0.98750442,-0.74103981,0.68294489,-0.277643,0.095041,0.107366,-0.289658,0.078092,0.100000,0.020744,0.002892,0.000000,0.00516812,0.01057472,0.99128077,0.13123988,0
13.480000,-0.05500797,-0.05161723,-0.52822679,-1.48094249,0.99154806,-0.75519246,0.69337404,-0.279953,0.091173,0.107224,-0.291009,0.072894,0.100000,0.020191,0.005571,0.000000,0.00406791,0.01104479,0.99241456,0.12237161,0
13.500000,-0.05950501,-0.04888236,-0.52783781,-1.47758877,0.99592930,-0.76911879,0.70350504,-0.282386,0.087251,0.107088,-0.292236,0.067810,0.100000,0.019292,0.008155,0.000000,0.00292836,0.01140003,0.99344212,0.11372873,0
13.520000,-0.06399490,-0.04601492,-0.52746451,-1.47413743,1.00056624,-0.78271222,0.71328938,-0.284926,0.083260,0.106956,-0.293343,0.062849,0.100000,0.018065,0.010600,0.000000,0.00176155,0.01163759,0.99436856,0.10532160,0
13.540000,-0.06842487,-0.04302515,-0.52715260,-1.47063375,1.00539124,-0.79586953,0.72267556,-0.287552,0.079184,0.106823,-0.294336,0.058020,0.100000,0.016529,0.012864,0.000000,0.00057969,0.01175587,0.99519914,0.09716031,0
13.560000,-0.07275163,-0.03993047,-0.52693832,-1.46711838,1.01034284,-0.80849361,0.73161054,-0.290242,0.075010,0.106686,-0.295221,0.053332,0.100000,0.014711,0.014909,0.000000,-0.00060501,0.01175457,0.99593925,0.08925514,0
13.580000,-0.07693816,-0.03675372,-0.52684784,-1.46362829,1.01536918,-0.82049084,0.74003875,-0.292970,0.070727,0.106542,-0.296006,0.048791,0.100000,0.012642,0.016699,0.000000,-0.00178031,0.01163468,0.99659434,0.08161608,0
13.600000,-0.08095100,-0.03352274,-0.52689755,-1.46019828,1.02042603,-0.83176845,0.74790144,-0.295709,0.066331,0.106390,-0.296695,0.044407,0.100000,0.010358,0.018205,0.000000,-0.00293455,0.01139836,0.99716997,0.07425301,0
13.620000,-0.08475977,-0.03027017,-0.52709478,-1.45686257,1.02547061,-0.84223157,0.75513750,-0.298431,0.061819,0.106228,-0.297296,0.040187,0.100000,0.007896,0.019400,0.000000,-0.00405608,0.01104903,0.99767171,0.06717608,0
13.640000,-0.08833668,-0.02703242,-0.52743876,-1.45365262,1.03046405,-0.85178465,0.76168317,-0.301109,0.057194,0.106057,-0.297815,0.036138,0.100000,0.005300,0.020263,0.000000,-0.00513411,0.01059117,0.99810517,0.06039490,0
13.660000,-0.09165449,-0.02384946,-0.52791965,-1.45059943,1.03536916,-0.86032629,0.76746923,-0.303712,0.052465,0.105878,-0.298260,0.032268,0.100000,0.002614,0.020781,0.000000,-0.00615811,0.01003039,0.99847592,0.05391947,0
13.680000,-0.09468555,-0.02076547,-0.52851814,-1.44773376,1.04015052,-0.86774647,0.77241886,-0.306213,0.047646,0.105692,-0.298635,0.028584,0.100000,-0.000117,0.020945,0.000000,-0.00711859,0.00937315,0.99878951,0.04775971,0
13.700000,-0.09740188,-0.01782676,-0.52920216,-1.44508648,1.04477501,-0.87392503,0.77644724,-0.308586,0.042756,0.105503,-0.298949,0.025093,0.100000,-0.002846,0.020751,0.000000,-0.00800658,0.00862698,0.99905142,0.04192522,0
13.720000,-0.09977637,-0.01507427,-0.52991652,-1.44269133,1.04921043,-0.87873918,0.77946770,-0.310810,0.037821,0.105320,-0.299207,0.021802,0.100000,-0.005527,0.020203,0.000000,-0.00881424,0.00779997,0.99926704,0.03642606,0
13.740000,-0.10178010,-0.01255001,-0.53058720,-1.44058025,1.05345118,-0.88206559,0.78139198,-0.312865,0.032871,0.105154,-0.299416,0.018717,0.100000,-0.008113,0.019310,0.000000,-0.00953443,0.00690114,0.99944161,0.03127197,0
13.760000,-0.10338140,-0.01030481,-0.53112894,-1.43879616,1.05750370,-0.88378477,0.78212625,-0.314732,0.027941,0.105019,-0.299581,0.015844,0.100000,-0.010561,0.018088,0.000000,-0.01016124,0.00593979,0.99958024,0.02647280,0
13.780000,-0.10454113,-0.00839502,-0.53144807,-1.43738222,1.06138110,-0.88378716,0.78159785,-0.316396,0.023073,0.104924,-0.299710,0.013190,0.100000,-0.012828,0.016557,0.000000,-0.01068963,0.00492595,0.99968784,0.02203841,0
13.800000,-0.10521222,-0.00687723,-0.53145456,-1.43639016,1.06509399,-0.88197398,0.77973938,-0.317845,0.018313,0.104882,-0.299807,0.010762,0.100000,-0.014877,0.014744,0.000000,-0.01111571,0.00386980,0.99976908,0.01797895,0
13.820000,-0.10534211,-0.00580901,-0.53106666,-1.43587518,1.06863499,-0.87824792,0.77648121,-0.319072,0.013716,0.104901,-0.299878,0.008564,0.100000,-0.016672,0.012679,0.000000,-0.01143663,0.00278188,0.99982842,0.01430396,0
13.840000,-0.10488502,-0.00524364,-0.53021312,-1.43586659,1.07198024,-0.87252134,0.77173936,-0.320072,0.009333,0.104989,-0.299927,0.006603,0.100000,-0.018182,0.010397,0.000000,-0.01165067,0.00167275,0.99986996,0.01102359,0
13.860000,-0.10381503,-0.00522502,-0.52883828,-1.43636239,1.07510030,-0.86474591,0.76542336,-0.320846,0.005213,0.105150,-0.299960,0.004886,0.100000,-0.019382,0.007939,0.000000,-0.01175716,0.00055297,0.99989753,0.00814775,0
13.880000,-0.10214973,-0.00578930,-0.52692986,-1.43731511,1.07795835,-0.85500914,0.75751048,-0.321391,0.001393,0.105381,-0.299980,0.003416,0.100000,-0.020252,0.005345,0.000000,-0.01175649,-0.00056698,0.99991456,0.00568623,0
13.900000,-0.09994260,-0.00694729,-0.52454519,-1.43868864,1.08052778,-0.84350538,0.74807149,-0.321695,-0.002092,0.105666,-0.299992,0.002202,0.100000,-0.020776,0.002659,0.000000,-0.01165007,-0.00167685,0.99992407,0.00364905,0
13.920000,-0.09723644,-0.00867996,-0.52178150,-1.44049609,1.08275628,-0.83048373,0.73725504,-0.321747,-0.005197,0.105992,-0.299997,0.001247,0.100000,-0.020945,-0.000071,0.000000,-0.01144030,-0.00276672,0.99992864,0.00204608,0
13.940000,-0.09404462,-0.01095363,-0.51874632,-1.44277298,1.08453929,-0.81618309,0.72528130,-0.321546,-0.007871,0.106345,-0.300000,0.000558,0.100000,-0.020757,-0.002801,0.000000,-0.01113048,-0.00382707,0.99993034,0.00088714,0
13.960000,-0.09036711,-0.01371739,-0.51555681,-1.44552767,1.08573794,-0.80097985,0.71240908,-0.321104,-0.010066,0.106712,-0.300000,0.000140,0.100000,-0.020215,-0.005482,0.000000,-0.01072481,-0.00484886,0.99993071,0.00018204,0
13.980000,-0.08622086,-0.01689978,-0.51236594,-1.44876540,1.08622277,-0.78577572,0.69899809,-0.320440,-0.011748,0.107076,-0.300000,0.000000,0.100000,-0.019328,-0.008071,0.000000,-0.01022825,-0.00582363,0.99993073,-0.00005961,0
14.000000,-0.08165872,-0.02039713,-0.50942963,-1.45257974,1.08588779,-0.77057463,0.68580669,-0.319530,-0.013000,0.107407,-0.300000,0.199555,0.136357,-0.018111,-0.010521,0.000000,-0.00964492,-0.00674584,0.99993073,-0.00006511,1
14.020000,-0.07184637,-0.02058217,-0.50442153,-1.46748519,1.09205019,-0.75538653,0.67454761,-0.317532,-0.012085,0.108979,-0.300000,0.199216,0.132715,-0.016585,-0.012792,0.000000,-0.00897869,-0.00761009,0.99993073,-0.00006838,1
14.040000,-0.05811905,-0.01854138,-0.49643308,-1.48264706,1.09994769,-0.74019617,0.66722465,-0.315439,-0.010505,0.111543,-0.300000,0.198877,0.129072,-0.014776,-0.014844,0.000000,-0.00823529,-0.00840893,0.99993073,-0.00006930,1
14.060000,-0.04363324,-0.01795605,-0.48815322,-1.49780965,1.10915637,-0.72499937,0.65992677,-0.312973,-0.008488,0.113864,-0.300000,0.198538,0.125429,-0.012715,-0.016644,0.000000,-0.00742112,-0.00913550,0.99993073,-0.00006784,1
14.080000,-0.02888756,-0.02033832,-0.48069587,-1.51296127,1.11623955,-0.70979548,0.65205348,-0.310619,-0.006023,0.115475,-0.300000,0.198199,0.121786,-0.010437,-0.018159,0.000000,-0.00654317,-0.00978356,0.99993073,-0.00006406,1
14.100000,-0.01396091,-0.02554565,-0.47446653,-1.52812374,1.11983216,-0.69459027,0.64373589,-0.308576,-0.003121,0.116332,-0.300000,0.197861,0.118144,-0.007981,-0.019365,0.000000,-0.00560899,-0.01034753,0.99993073,-0.00005809,1
14.120000,0.00113172,-0.03295210,-0.46973208,-1.54330540,1.11980867,-0.67938650,0.63514233,-0.306834,0.000193,0.116490,-0.300000,0.197522,0.114501,-0.005389,-0.020240,0.000000,-0.00462661,-0.01082255,0.99993073,-0.00005012,1
14.140000,0.01638331,-0.04187059,-0.46656129,-1.55850518,1.11652374,-0.66418409,0.62637269,-0.305332,0.003887,0.116047,-0.300000,0.197183,0.110858,-0.002705,-0.020770,0.000000,-0.00360447,-0.01120456,0.99993073,-0.00004043,1
14.160000,0.03178661,-0.05168479,-0.46481284,-1.57372010,1.11055338,-0.64898276,0.61747664,-0.304014,0.007930,0.115128,-0.300000,0.196844,0.107215,0.000025,-0.020945,0.000000,-0.00255136,-0.01149025,0.99993073,-0.00002936,1
14.180000,0.04733354,-0.06191194,-0.46423256,-1.58894622,1.10257745,-0.63378263,0.60848647,-0.302836,0.012297,0.113855,-0.300000,0.196506,0.103573,0.002755,-0.020763,0.000000,-0.00147633,-0.01167718,0.99993073,-0.00001728,1
14.200000,0.06301571,-0.07221619,-0.46454012,-1.60417950,1.09326351,-0.61858332,0.59942532,-0.301769,0.016963,0.112330,-0.300000,0.196167,0.099930,0.005438,-0.020227,0.000000,-0.00038860,-0.01176374,0.99993073,-0.00000462,1
14.220000,0.07882486,-0.08237890,-0.46547630,-1.61941791,1.08319426,-0.60338467,0.59030676,-0.300803,0.021907,0.110632,-0.300000,0.195828,0.096287,0.008028,-0.019345,0.000000,0.00070246,-0.01174917,0.99993073,0.00000821,1
14.240000,0.09475319,-0.09225585,-0.46682221,-1.63465905,1.07284009,-0.58818626,0.58113575,-0.299940,0.027108,0.108820,-0.300000,0.195489,0.092644,0.010481,-0.018134,0.000000,0.00178748,-0.01163361,0.99993073,0.00002075,1
14.260000,0.11079341,-0.10174366,-0.46840218,-1.64990199,1.06256878,-0.57298803,0.57190788,-0.299194,0.032545,0.106937,-0.300000,0.195150,0.089002,0.012755,-0.016613,0.000000,0.00285723,-0.01141803,0.99993073,0.00003258,1
14.280000,0.12693880,-0.11076885,-0.47007892,-1.66514516,1.05264938,-0.55778968,0.56261444,-0.298586,0.038195,0.105016,-0.300000,0.194812,0.085359,0.014812,-0.014809,0.000000,0.00390226,-0.01110434,0.99993073,0.00004329,1
14.300000,0.14318343,-0.11928418,-0.47174895,-1.68038821,1.04326665,-0.54259169,0.55323958,-0.298142,0.044032,0.103081,-0.300000,0.194473,0.081716,0.016616,-0.012752,0.000000,0.00491392,-0.01069515,0.99993073,0.00005252,1
14.320000,0.15952204,-0.12725601,-0.47334257,-1.69563127,1.03455079,-0.52739304,0.54376668,-0.297888,0.050027,0.101146,-0.300000,0.193534,0.083282,0.018136,-0.010477,0.000000,0.00588327,-0.01019406,0.99993073,0.00005993,1
14.340000,0.17594863,-0.13339992,-0.47355333,-1.71086884,1.02711499,-0.51219636,0.53441328,-0.297963,0.056232,0.099708,-0.300000,0.192375,0.086752,0.019347,-0.008024,0.000000,0.00680206,-0.00960535,0.99993073,0.00006530,1
14.360000,0.19244491,-0.13639009,-0.47095174,-1.72609925,1.02336431,-0.49700314,0.52504128,-0.298220,0.062770,0.099282,-0.300000,0.191217,0.090222,0.020228,-0.005434,0.000000,0.00766240,-0.00893409,0.99993073,0.00006842,1
14.380000,0.20899881,-0.13596460,-0.46474811,-1.74131894,1.02521753,-0.48181111,0.51517779,-0.298485,0.069741,0.100038,-0.300000,0.190058,0.093692,0.020764,-0.002751,0.000000,0.00845689,-0.00818604,0.99993073,0.00006919,1
14.400000,0.22560993,-0.13257185,-0.45477489,-1.75652909,1.03325343,-0.46661854,0.50434208,-0.298683,0.077191,0.101893,-0.300000,0.188900,0.097162,0.020945,-0.000021,0.000000,0.00917869,-0.00736763,0.99993073,0.00006759,1
14.420000,0.24228412,-0.12705190,-0.44191086,-1.77173948,1.04695714,-0.45142478,0.49229991,-0.298715,0.085078,0.104494,-0.300000,0.187741,0.100633,0.020769,0.002710,0.000000,0.00982161,-0.00648591,0.99993073,0.00006366,1
14.440000,0.25903922,-0.12022740,-0.42878753,-1.78696120,1.06209695,-0.43622589,0.47922221,-0.298776,0.093184,0.107216,-0.300000,0.186583,0.104103,0.020239,0.005394,0.000000,0.01038011,-0.00554846,0.99993073,0.00005755,1
14.460000,0.27589288,-0.11298119,-0.41565263,-1.80217838,1.07730412,-0.42102486,0.46582231,-0.299074,0.101391,0.109829,-0.300000,0.185424,0.107573,0.019363,0.007986,0.000000,0.01084940,-0.00456332,0.99993073,0.00004947,1
14.480000,0.29285187,-0.10554452,-0.40251482,-1.81739664,1.09252656,-0.40582371,0.45238128,-0.299612,0.109641,0.112274,-0.300000,0.184266,0.111043,0.018157,0.010441,0.000000,0.01122542,-0.00353897,0.99993073,0.00003969,1
14.500000,0.30992132,-0.09787539,-0.38937861,-1.83261585,1.10776138,-0.39062220,0.43900546,-0.300362,0.117889,0.114547,-0.300000,0.183107,0.114513,0.016641,0.012719,0.000000,0.01150496,-0.00248421,0.99993073,0.00002854,1
14.520000,0.32608905,-0.08991670,-0.37624490,-1.84787142,1.12302732,-0.37541923,0.42575547,-0.301284,0.125993,0.116762,-0.300000,0.181949,0.117984,0.014841,0.014779,0.000000,0.01168561,-0.00140810,0.99993073,0.00001641,1
14.540000,0.33986413,-0.08184278,-0.36309364,-1.86316299,1.13833570,-0.36021349,0.41254273,-0.302354,0.133730,0.119072,-0.300000,0.180790,0.117065,0.012788,0.016588,0.000000,0.01176581,-0.00031989,0.99993073,0.00000372,1
14.560000,0.35066319,-0.07513304,-0.34979174,-1.87846351,1.15373290,-0.34500089,0.39918545,-0.303676,0.140877,0.121319,-0.300000,0.179632,0.113595,0.010517,0.018113,0.000000,0.01174487,0.00077107,0.99993073,-0.00000910,1
14.580000,0.35864794,-0.07140204,-0.33635968,-1.89246583,1.16920114,-0.32978541,0.38599044,-0.305339,0.147075,0.123190,-0.300000,0.178473,0.110124,0.008066,0.019329,0.000000,0.01162297,0.00185540,0.99993073,-0.00002161,1
14.600000,0.36404714,-0.07110876,-0.32288805,-1.90305126,1.18468952,-0.31457052,0.37288532,-0.307310,0.151925,0.124552,-0.300000,0.177315,0.106654,0.005478,0.020216,0.000000,0.01140116,0.00292378,0.99993073,-0.00003338,1
14.620000,0.36684406,-0.07399913,-0.30942920,-1.91051650,1.20017231,-0.29935315,0.35923579,-0.309561,0.155429,0.125492,-0.300000,0.176156,0.103184,0.002796,0.020758,0.000000,0.01108136,0.00396705,0.99993073,-0.00004401,1
14.640000,0.36725429,-0.07933369,-0.29847914,-1.91545212,1.21507490,-0.28413731,0.34504572,-0.311743,0.157532,0.125726,-0.300000,0.174998,0.099714,0.000067,0.020945,0.000000,0.01066630,0.00497622,0.99993073,-0.00005313,1
14.660000,0.36625540,-0.08664437,-0.29118571,-1.91964841,1.22704673,-0.26891935,0.33091921,-0.314063,0.158515,0.125112,-0.300000,0.173839,0.096244,-0.002664,0.020775,0.000000,0.01015956,0.00594264,0.99993073,-0.00006042,1
14.680000,0.36517638,-0.09516028,-0.28765693,-1.92419016,1.23442209,-0.25370440,0.31785771,-0.316698,0.158722,0.123653,-0.300000,0.172681,0.092774,-0.005349,0.020250,0.000000,0.00956551,0.00685798,0.99993073,-0.00006565,1
14.700000,0.36495072,-0.10377564,-0.28750086,-1.92929792,1.23694980,-0.23849465,0.30629310,-0.319591,0.158408,0.121504,-0.300000,0.171522,0.089303,-0.007943,0.019380,0.000000,0.00888923,0.00771439,0.99993073,-0.00006862,1
14.720000,0.36589411,-0.11161909,-0.29010239,-1.93485558,1.23571420,-0.22328919,0.29599342,-0.322510,0.157728,0.118879,-0.300000,0.170364,0.085833,-0.010401,0.018180,0.000000,0.00813656,0.00850450,0.99993073,-0.00006925,1
14.740000,0.36789650,-0.11834644,-0.29478845,-1.94072378,1.23205066,-0.20808572,0.28644267,-0.325241,0.156759,0.115965,-0.300000,0.169205,0.082363,-0.012682,0.016669,0.000000,0.00731397,0.00922152,0.99993073,-0.00006749,1
14.760000,0.37068862,-0.12401416,-0.30096021,-1.94679630,1.22696698,-0.19288263,0.27715302,-0.327666,0.155529,0.112887,-0.300000,0.168483,0.082681,-0.014747,0.014874,0.000000,0.00642851,0.00985928,0.99993073,-0.00006343,1
14.780000,0.37416741,-0.12797925,-0.30702457,-1.95354795,1.22148740,-0.17768379,0.26785335,-0.329781,0.154309,0.110068,-0.300000,0.168145,0.086323,-0.016560,0.012825,0.000000,0.00548781,0.01041231,0.99993073,-0.00005719,1
14.800000,0.37827548,-0.12914994,-0.31076062,-1.96076775,1.21778059,-0.16249201,0.25825700,-0.331449,0.153398,0.108095,-0.300000,0.167806,0.089966,-0.018090,0.010557,0.000000,0.00449987,0.01087587,0.99993073,-0.00004899,1
14.820000,0.38249663,-0.12742645,-0.31094596,-1.96742177,1.21836221,-0.14730304,0.24767976,-0.332373,0.152800,0.107237,-0.300000,0.167467,0.093609,-0.019312,0.008109,0.000000,0.00347343,0.01124588,0.99993073,-0.00003911,1
14.840000,0.38602158,-0.12360404,-0.30740526,-1.97289467,1.22424567,-0.13211207,0.23535427,-0.332429,0.152369,0.107477,-0.300000,0.167128,0.097252,-0.020204,0.005522,0.000000,0.00241697,0.01151928,0.99993073,-0.00002789,1
14.860000,0.38835257,-0.11874875,-0.30052999,-1.97709894,1.23486340,-0.11691646,0.22092514,-0.331705,0.151953,0.108623,-0.300000,0.166789,0.100894,-0.020751,0.002842,0.000000,0.00133982,0.01169363,0.99993073,-0.00001571,1
14.880000,0.38952625,-0.11384495,-0.29093355,-1.98031127,1.24872839,-0.10171975,0.20572166,-0.330423,0.151467,0.110401,-0.300000,0.166451,0.104537,-0.020945,0.000113,0.000000,0.00025116,0.01176747,0.99993073,-0.00000300,1
14.900000,0.38992432,-0.10952461,-0.27946079,-1.98298514,1.26391351,-0.08652046,0.19051819,-0.328836,0.150887,0.112514,-0.300000,0.166112,0.108180,-0.020781,-0.002618,0.000000,-0.00083965,0.01174016,0.99993073,0.00000981,1
14.920000,0.39005846,-0.10607936,-0.26679465,-1.98558199,1.27911174,-0.07131843,0.17531474,-0.327100,0.150276,0.114737,-0.300000,0.165773,0.111823,-0.020262,-0.005305,0.000000,-0.00192325,0.01161193,0.99993073,0.00002229,1
14.940000,0.39037484,-0.10355063,-0.25327256,-1.98842466,1.29428375,-0.05611708,0.16011132,-0.325195,0.149750,0.116954,-0.300000,0.165434,0.115465,-0.019398,-0.007901,0.000000,-0.00299033,0.01138389,0.99993073,0.00003400,1
14.960000,0.39111707,-0.10175803,-0.23963203,-1.99168944,1.30878854,-0.04091565,0.14490792,-0.323124,0.149360,0.119050,-0.300000,0.165096,0.119108,-0.018203,-0.010361,0.000000,-0.00403170,0.01105799,0.99993073,0.00004454,1
14.980000,0.39246443,-0.10059876,-0.22599784,-1.99554908,1.32203150,-0.02571385,0.12970449,-0.320986,0.149190,0.120996,-0.300000,0.164757,0.122751,-0.016697,-0.012646,0.000000,-0.00503844,0.01063705,0.99993073,0.00005355,1
15.000000,0.39448774,-0.09988716,-0.21237753,-1.99988949,1.33392262,-0.01051337,0.11450101,-0.318795,0.149290,0.122811,-0.300000,0.164418,0.126393,-0.014906,-0.014714,0.000000,-0.00600187,0.01012468,0.99993073,0.00006073,1
15.020000,0.39708880,-0.09942271,-0.19876763,-2.00449228,1.34465718,0.00468530,0.09929752,-0.316521,0.149675,0.124540,-0.300000,0.164079,0.130036,-0.012861,-0.016532,0.000000,-0.00691373,0.00952528,0.99993073,0.00006582,1
15.040000,0.40007582,-0.09906967,-0.18516365,-2.00912786,1.35448730,0.01988248,0.08409404,-0.314132,0.150338,0.126235,-0.300000,0.163740,0.133679,-0.010596,-0.018067,0.000000,-0.00776618,0.00884402,0.99993073,0.00006865,1
15.060000,0.40323791,-0.09876570,-0.17156304,-2.01358676,1.36361516,0.03507867,0.06889056,-0.311619,0.151254,0.127939,-0.300000,0.163402,0.137322,-0.008151,-0.019294,0.000000,-0.00855188,0.00808675,0.99993073,0.00006912,1
15.080000,0.40638012,-0.09850007,-0.15796544,-2.01769137,1.37217200,0.05027437,0.05368708,-0.308995,0.152397,0.129681,-0.300000,0.162660,0.139166,-0.005567,-0.020192,0.000000,-0.00926408,0.00725998,0.99993073,0.00006722,1
15.100000,0.40923566,-0.09873277,-0.14431265,-2.02095556,1.37998641,0.06547265,0.03848360,-0.306388,0.153631,0.131415,-0.300000,0.160801,0.136015,-0.002887,-0.020745,0.000000,-0.00989667,0.00637081,0.99993073,0.00006301,1
15.120000,0.41126925,-0.10106650,-0.13048159,-2.02234530,1.38622093,0.08067977,0.02328019,-0.304188,0.154586,0.132913,-0.300000,0.158942,0.132864,-0.000159,-0.020944,0.000000,-0.01044419,0.00542690,0.99993073,0.00005664,1
15.140000,0.41201046,-0.10644468,-0.11679380,-2.02189183,1.39039838,0.09588978,0.00807679,-0.302628,0.155097,0.134030,-0.300000,0.157083,0.129713,0.002573,-0.020786,0.000000,-0.01090193,0.00443635,0.99993073,0.00004832,1
15.160000,0.41136312,-0.11434026,-0.10597706,-2.01979995,1.39245772,0.11109775,-0.00712659,-0.301405,0.155030,0.134456,-0.300000,0.155224,0.126562,0.005260,-0.020274,0.000000,-0.01126598,0.00340768,0.99993073,0.00003835,1
15.180000,0.40981761,-0.12412333,-0.09893050,-2.01733065,1.39097023,0.12630755,-0.02232994,-0.300646,0.154625,0.134102,-0.300000,0.153365,0.123411,0.007858,-0.019415,0.000000,-0.01153318,0.00234973,0.99993073,0.00002706,1
15.200000,0.40806946,-0.13489178,-0.09548542,-2.01488829,1.38532710,0.14151491,-0.03753332,-0.300393,0.154117,0.133032,-0.300000,0.151506,0.120260,0.010321,-0.018225,0.000000,-0.01170125,0.00127159,0.99993073,0.00001484,1
15.220000,0.40639752,-0.14563178,-0.09506519,-2.01225543,1.37621212,0.15671653,-0.05273674,-0.300481,0.153628,0.131466,-0.300000,0.149647,0.117109,0.012609,-0.016724,0.000000,-0.01176874,0.00018252,0.99993073,0.00000210,1
15.240000,0.40460247,-0.15565014,-0.09707090,-2.00902891,1.36491454,0.17191297,-0.06794020,-0.300694,0.153163,0.129661,-0.300000,0.147788,0.113958,0.014681,-0.014938,0.000000,-0.01173506,-0.00090812,0.99993073,-0.00001070,1
15.260000,0.40228358,-0.16470645,-0.10108259,-2.00489521,1.35250521,0.18710667,-0.08314367,-0.300889,0.152657,0.127797,-0.300000,0.145929,0.110808,0.016503,-0.012897,0.000000,-0.01160051,-0.00199095,0.99993073,-0.00002314,1
15.280000,0.39909771,-0.17285733,-0.10686678,-1.99971461,1.33953989,0.20229986,-0.09834714,-0.301029,0.152038,0.125956,-0.300000,0.144070,0.107657,0.018044,-0.010636,0.000000,-0.01136625,-0.00305668,0.99993073,-0.00003479,1
15.300000,0.39486963,-0.18026352,-0.11430302,-1.99349070,1.32615471,0.21749370,-0.11355062,-0.301144,0.151254,0.124152,-0.300000,0.142211,0.104506,0.019276,-0.008193,0.000000,-0.01103429,-0.00409614,0.99993073,-0.00004524,1
15.320000,0.38957876,-0.18707182,-0.12331870,-1.98630798,1.31227994,0.23268850,-0.12875406,-0.301283,0.150280,0.122361,-0.300000,0.140352,0.101355,0.020179,-0.005611,0.000000,-0.01060748,-0.00510040,0.99993073,-0.00005415,1
15.340000,0.38329935,-0.19337684,-0.13384758,-1.97828734,1.29780436,0.24788421,-0.14395747,-0.301494,0.149108,0.120556,-0.300000,0.138493,0.098204,0.020739,-0.002933,0.000000,-0.01008945,-0.00606091,0.99993073,-0.00006120,1
15.360000,0.37614533,-0.19923209,-0.14580865,-1.96955121,1.28264141,0.26308069,-0.15916087,-0.301808,0.147741,0.118712,-0.300000,0.136634,0.095053,0.020944,-0.000204,0.000000,-0.00948474,-0.00696925,0.99993073,-0.00006615,1
15.380000,0.36823437,-0.20468187,-0.15910184,-1.96021283,1.26732230,0.27827668,-0.17436428,-0.302152,0.146193,0.116820,-0.300000,0.134775,0.091902,0.020792,0.002527,0.000000,-0.00879851,-0.00781771,0.99993073,-0.00006883,1
15.400000,0.35968158,-0.20979872,-0.17356466,-1.95046234,1.25201452,0.29347342,-0.18956770,-0.302523,0.144482,0.114875,-0.300000,0.132916,0.088751,0.020285,0.005216,0.000000,-0.00803666,-0.00859897,0.99993073,-0.00006916,1
15.420000,0.35060501,-0.21467052,-0.18903594,-1.94042361,1.23672807,0.30755240,-0.20477104,-0.302979,0.142618,0.112863,-0.300000,0.131057,0.085600,0.019432,0.007815,0.000000,-0.00720574,-0.00930633,0.99993073,-0.00006711,1
15.440000,0.34109870,-0.21931094,-0.20549971,-1.93036437,1.22146106,0.31868938,-0.21948324,-0.303575,0.140634,0.110769,-0.300000,0.129198,0.082449,0.018248,0.010282,0.000000,-0.00631290,-0.00993371,0.99993073,-0.00006276,1
15.460000,0.33129552,-0.22365585,-0.22268143,-1.92069077,1.20620418,0.32678348,-0.23156963,-0.304344,0.138595,0.108636,-0.300000,0.128190,0.082415,0.016752,0.012572,0.000000,-0.00536581,-0.01047571,0.99993073,-0.00005626,1
15.480000,0.32160339,-0.22688493,-0.24003471,-1.91189635,1.19092643,0.33274630,-0.24041004,-0.305282,0.136665,0.106679,-0.300000,0.128190,0.086074,0.014970,0.014649,0.000000,-0.00437260,-0.01092766,0.99993073,-0.00004783,1
15.500000,0.31254029,-0.22765793,-0.25644326,-1.90409458,1.17563546,0.33772588,-0.24649730,-0.306438,0.134996,0.105284,-0.300000,0.128190,0.089732,0.012933,0.016475,0.000000,-0.00334183,-0.01128569,0.99993073,-0.00003776,1
15.520000,0.30413687,-0.22551872,-0.27062330,-1.89627707,1.16038823,0.34178421,-0.25082383,-0.307954,0.133465,0.104706,-0.300000,0.128190,0.093391,0.010676,0.018020,0.000000,-0.00228233,-0.01154671,0.99993073,-0.00002640,1
15.540000,0.29588172,-0.22073023,-0.28251964,-1.88765240,1.14726257,0.34493455,-0.25405431,-0.309488,0.131880,0.104985,-0.300000,0.128190,0.097049,0.008236,0.019258,0.000000,-0.00120323,-0.01170848,0.99993073,-0.00001413,1
15.560000,0.28738615,-0.21391329,-0.29243243,-1.87849426,1.13869905,0.34680349,-0.25709569,-0.310632,0.130214,0.106045,-0.300000,0.128190,0.100708,0.005655,0.020167,0.000000,-0.00011378,-0.01176960,0.99993073,-0.00000138,1
15.580000,0.27868488,-0.20584378,-0.30043060,-1.86961234,1.13410842,0.34737188,-0.26030740,-0.311520,0.128495,0.107710,-0.300000,0.128190,0.104366,0.002978,0.020732,0.000000,0.00097664,-0.01172956,0.99993073,0.00001141,1
15.600000,0.27005777,-0.19717903,-0.30658957,-1.86126518,1.13253546,0.34749165,-0.26329744,-0.312279,0.126697,0.109783,-0.300000,0.128190,0.108025,0.000251,0.020944,0.000000,0.00205867,-0.01158869,0.99993073,0.00002382,1
15.620000,0.26177579,-0.18836592,-0.31109911,-1.85346901,1.13332915,0.34788594,-0.26624107,-0.312940,0.124786,0.112099,-0.300000,0.128190,0.111683,-0.002481,0.020798,0.000000,0.00312301,-0.01134820,0.99993073,0.00003540,1
15.640000,0.25402385,-0.17975686,-0.31411555,-1.84633458,1.13599157,0.34907764,-0.26950821,-0.313522,0.122753,0.114535,-0.300000,0.128190,0.115342,-0.005171,0.020297,0.000000,0.00416052,-0.01101017,0.99993073,0.00004577,1
15.660000,0.24694575,-0.17163177,-0.31571618,-1.84000802,1.14012468,0.35152519,-0.27337921,-0.314037,0.120617,0.117008,-0.300000,0.128190,0.119000,-0.007773,0.019449,0.000000,0.00516227,-0.01057750,0.99993073,0.00005456,1
15.680000,0.24066627,-0.16416530,-0.31591791,-1.83459151,1.14545155,0.35561675,-0.27809545,-0.314487,0.118403,0.119471,-0.300000,0.128190,0.122658,-0.010241,0.018270,0.000000,0.00611966,-0.01005392,0.99993073,0.00006149,1
15.700000,0.23527588,-0.15743460,-0.31470075,-1.83011377,1.15180266,0.36162254,-0.28391320,-0.314857,0.116141,0.121904,-0.300000,0.128190,0.126317,-0.012535,0.016780,0.000000,0.00702446,-0.00944392,0.99993073,0.00006630,1
15.720000,0.23082109,-0.15145631,-0.31202781,-1.82656944,1.15909314,0.36971313,-0.29107025,-0.315123,0.113861,0.124308,-0.300000,0.128190,0.129975,-0.014616,0.015003,0.000000,0.00786890,-0.00875275,0.99993073,0.00006884,1
15.740000,0.22731431,-0.14621884,-0.30785829,-1.82394183,1.16728139,0.37998658,-0.29976502,-0.315257,0.111595,0.126693,-0.300000,0.128190,0.133634,-0.016446,0.012969,0.000000,0.00864571,-0.00798636,0.99993073,0.00006901,1
15.760000,0.22474645,-0.14169948,-0.30215737,-1.82220471,1.17634153,0.39248952,-0.31015006,-0.315232,0.109376,0.129069,-0.300000,0.128190,0.137292,-0.017997,0.010715,0.000000,0.00934821,-0.00715133,0.99993073,0.00006681,1
15.780000,0.22309285,-0.13787530,-0.29490280,-1.82132232,1.18624592,0.40722808,-0.32233736,-0.315023,0.107237,0.131448,-0.300000,0.127688,0.139192,-0.019240,0.008278,0.000000,0.00997037,-0.00625485,0.99993073,0.00006232,1
15.800000,0.22219917,-0.13515460,-0.28666592,-1.82083070,1.19668519,0.42244044,-0.33646178,-0.314647,0.105105,0.133654,-0.300000,0.125758,0.136084,-0.020155,0.005700,0.000000,0.01050683,-0.00530461,0.99993073,0.00005569,1
15.820000,0.22162674,-0.13497807,-0.27971658,-1.82019460,1.20614111,0.43765274,-0.35145733,-0.314104,0.102733,0.135061,-0.300000,0.123828,0.132976,-0.020726,0.003024,0.000000,0.01095299,-0.00430878,0.99993073,0.00004715,1
15.840000,0.22150941,-0.13829201,-0.27564293,-1.82087529,1.21235371,0.45286807,-0.36615297,-0.313653,0.100287,0.135245,-0.300000,0.121898,0.129868,-0.020943,0.000296,0.000000,0.01130502,-0.00327585,0.99993073,0.00003699,1
15.860000,0.22262008,-0.14462678,-0.27465993,-1.82370150,1.21372008,0.46808144,-0.37911513,-0.313513,0.098029,0.134181,-0.300000,0.119968,0.126761,-0.020803,-0.002436,0.000000,0.01155985,-0.00221485,0.99993073,0.00002556,1
15.880000,0.22550903,-0.15266152,-0.27627787,-1.82849860,1.21019387,0.48328888,-0.38964966,-0.313647,0.096099,0.132117,-0.300000,0.118038,0.123653,-0.020308,-0.005127,0.000000,0.01171531,-0.00113482,0.99993073,0.00001325,1
15.900000,0.23014553,-0.16101894,-0.27974284,-1.83458722,1.20286465,0.49849051,-0.39806020,-0.313854,0.094504,0.129415,-0.300000,0.116108,0.120545,-0.019466,-0.007730,0.000000,0.01177007,-0.00004504,0.99993073,0.00000049,1
15.920000,0.23603198,-0.16876103,-0.28427452,-1.84118509,1.19322145,0.51368821,-0.40520063,-0.313918,0.093169,0.126419,-0.300000,0.114178,0.117437,-0.018293,-0.010201,0.000000,0.01172365,0.00104513,0.99993073,-0.00001230,1
15.940000,0.24244860,-0.17549486,-0.28925058,-1.84761858,1.18258011,0.52888352,-0.41201425,-0.313685,0.091994,0.123380,-0.300000,0.112248,0.114329,-0.016807,-0.012499,0.000000,0.01157646,0.00212632,0.99993073,-0.00002466,1
15.960000,0.24869569,-0.18126167,-0.29428542,-1.85340440,1.17178750,0.54383516,-0.41927695,-0.313100,0.090889,0.120434,-0.300000,0.110318,0.111221,-0.015035,-0.014583,0.000000,0.01132976,0.00318924,0.99993073,-0.00003618,1
15.980000,0.25424817,-0.18633191,-0.29922771,-1.85830712,1.16118002,0.55716002,-0.42730510,-0.312219,0.089819,0.117615,-0.300000,0.108388,0.108113,-0.013006,-0.016418,0.000000,0.01098568,0.00422475,0.99993073,-0.00004646,1
16.000000,0.25878388,-0.19091748,-0.30419394,-1.86243939,1.15067613,0.56850708,-0.43526289,-0.311097,0.088796,0.114911,-0.300000,0.106458,0.105005,-0.010754,-0.017973,0.000000,0.01054717,0.00522396,0.99993073,-0.00005515,1
16.020000,0.26227394,-0.19513473,-0.30938214,-1.86583531,1.14003718,0.57781613,-0.44257915,-0.309790,0.087840,0.112276,-0.300000,0.104528,0.101897,-0.008320,-0.019222,0.000000,0.01001804,0.00617820,0.99993073,-0.00006194,1
16.040000,0.26484245,-0.19906390,-0.31495133,-1.86854577,1.12897956,0.58509338,-0.44893146,-0.308360,0.086985,0.109662,-0.300000,0.102598,0.098789,-0.005744,-0.020142,0.000000,0.00940273,0.00707951,0.99993073,-0.00006661,1
16.060000,0.26660407,-0.20276147,-0.32100794,-1.87057674,1.11729920,0.59035099,-0.45408750,-0.306866,0.086251,0.107031,-0.300000,0.100668,0.095681,-0.003069,-0.020719,0.000000,0.00870664,0.00791989,0.99993073,-0.00006900,1
16.080000,0.26761973,-0.20625001,-0.32762849,-1.87189138,1.10489893,0.59355354,-0.45788103,-0.305353,0.085648,0.104366,-0.300000,0.098738,0.092573,-0.000342,-0.020942,0.000000,0.00793572,0.00869221,0.99993073,-0.00006903,1
16.100000,0.26790354,-0.20951456,-0.33487043,-1.87244189,1.09176612,0.59461462,-0.46016496,-0.303852,0.085178,0.101665,-0.300000,0.096808,0.089465,0.002390,-0.020808,0.000000,0.00709661,0.00938982,0.99993073,-0.00006668,1
16.120000,0.26744482,-0.21250688,-0.34277770,-1.87218213,1.07793951,0.59340787,-0.46078199,-0.302388,0.084838,0.098939,-0.300000,0.094878,0.086357,0.005082,-0.020319,0.000000,0.00619650,0.01000674,0.99993073,-0.00006205,1
16.140000,0.26622501,-0.21515515,-0.35138887,-1.87106764,1.06349421,0.58978534,-0.45956105,-0.300982,0.084625,0.096206,-0.300000,0.092947,0.083249,0.007687,-0.019483,0.000000,0.00524315,0.01053764,0.99993073,-0.00005530,1
16.160000,0.26422983,-0.21737742,-0.36074108,-1.86906481,1.04852533,0.58359754,-0.45633259,-0.299649,0.084531,0.093484,-0.300000,0.091390,0.081446,0.010161,-0.018315,0.000000,0.00424465,0.01097800,0.99993073,-0.00004664,1
16.180000,0.26152566,-0.21878284,-0.37048072,-1.86638737,1.03331685,0.57512254,-0.45092964,-0.298427,0.084623,0.090916,-0.300000,0.091390,0.085105,0.012462,-0.016835,0.000000,0.00320985,0.01132394,0.99993073,-0.00003639,1
16.200000,0.25842705,-0.21767402,-0.37866580,-1.86357999,1.01920021,0.56598192,-0.44341159,-0.297404,0.085186,0.089145,-0.300000,0.091390,0.088763,0.014550,-0.015067,0.000000,0.00214738,0.01157257,0.99993073,-0.00002490,1
16.220000,0.25481197,-0.21273091,-0.38376385,-1.85881066,1.00856030,0.55586958,-0.43523857,-0.296414,0.086118,0.088700,-0.300000,0.091390,0.092422,0.016389,-0.013042,0.000000,0.00106646,0.01172173,0.99993073,-0.00001255,1
16.240000,0.24987414,-0.20413043,-0.38559574,-1.85136557,1.00298095,0.54379630,-0.42780223,-0.295287,0.087255,0.089677,-0.300000,0.091390,0.096080,0.017949,-0.010794,0.000000,-0.00002371,0.01177013,0.99993073,0.00000024,1
16.260000,0.24308066,-0.19357635,-0.38472271,-1.84182644,1.00243771,0.52945501,-0.42138425,-0.294058,0.088447,0.091710,-0.300000,0.091390,0.099738,0.019203,-0.008362,0.000000,-0.00111350,0.01171736,0.99993073,0.00001300,1
16.280000,0.23454751,-0.18243979,-0.38216588,-1.83122814,1.00552130,0.51424682,-0.41548595,-0.292838,0.089602,0.094342,-0.300000,0.091390,0.103397,0.020129,-0.005788,0.000000,-0.00219381,0.01156386,0.99993073,0.00002533,1
16.300000,0.22480229,-0.17159358,-0.37850323,-1.81995845,1.01088941,0.49904087,-0.41005725,-0.291780,0.090633,0.097237,-0.300000,0.091390,0.107055,0.020712,-0.003115,0.000000,-0.00325527,0.01131097,0.99993073,0.00003678,1
16.320000,0.21428910,-0.16175780,-0.37413806,-1.80825210,1.01757193,0.48383862,-0.40503389,-0.291023,0.091478,0.100131,-0.300000,0.091390,0.110714,0.020941,-0.000388,0.000000,-0.00428885,0.01096081,0.99993073,0.00004697,1
16.340000,0.20328428,-0.15322280,-0.36948788,-1.79644370,1.02489138,0.46863768,-0.39998454,-0.290634,0.092115,0.102871,-0.300000,0.091390,0.114372,0.020813,0.002344,0.000000,-0.00528540,0.01051651,0.99993073,0.00005554,1
16.360000,0.19206326,-0.14584985,-0.36482373,-1.78477967,1.03249145,0.45343727,-0.39450303,-0.290623,0.092557,0.105417,-0.300000,0.091390,0.118031,0.020330,0.005037,0.000000,-0.00623661,0.00998178,0.99993073,0.00006221,1
16.380000,0.18089083,-0.13928545,-0.36025634,-1.77340925,1.04028141,0.43823671,-0.38834378,-0.290962,0.092824,0.107803,-0.300000,0.091390,0.121689,0.019500,0.007644,0.000000,-0.00713431,0.00936121,0.99993073,0.00006675,1
16.400000,0.16996057,-0.13314846,-0.35578477,-1.76241362,1.04836154,0.42303634,-0.38143039,-0.291596,0.092930,0.110094,-0.300000,0.091390,0.119097,0.018337,0.010121,0.000000,-0.00797061,0.00866023,0.99993073,0.00006899,1
16.420000,0.15928546,-0.12876704,-0.35327625,-1.75129950,1.05601311,0.40783739,-0.37421575,-0.292351,0.092654,0.111697,-0.300000,0.091390,0.115438,0.016862,0.012425,0.000000,-0.00873842,0.00788481,0.99993073,0.00006886,1
16.440000,0.14908536,-0.12794697,-0.35452512,-1.74175727,1.06071603,0.39264736,-0.36654201,-0.293451,0.092126,0.111958,-0.300000,0.090474,0.114588,0.015099,0.014516,0.000000,-0.00943106,0.00704171,0.99993073,0.00006637,1
16.460000,0.13997510,-0.13023987,-0.35912740,-1.73474562,1.06053686,0.37745744,-0.35675061,-0.295246,0.091587,0.111004,-0.300000,0.088318,0.117544,0.013078,0.016361,0.000000,-0.01004276,0.00613795,0.99993073,0.00006160,1
16.480000,0.13221331,-0.13248429,-0.36491448,-1.72899210,1.05689204,0.36225522,-0.34355783,-0.297623,0.091051,0.109792,-0.300000,0.086162,0.120500,0.010833,0.017926,0.000000,-0.01056809,0.00518151,0.99993073,0.00005472,1
16.500000,0.12544194,-0.13163932,-0.37020719,-1.72242451,1.05373704,0.34704363,-0.32835454,-0.299967,0.090310,0.109230,-0.300000,0.083982,0.123407,0.008404,0.019185,0.000000,-0.01100258,0.00418055,0.99993073,0.00004596,1
16.520000,0.11893564,-0.12680191,-0.37400937,-1.71448541,1.05380642,0.33183378,-0.31315121,-0.301915,0.089236,0.109735,-0.300000,0.080323,0.123407,0.005832,0.020117,0.000000,-0.01134247,0.00314374,0.99993073,0.00003562,1
16.540000,0.11181977,-0.11956897,-0.37667811,-1.70461249,1.05744183,0.31662625,-0.29849088,-0.303380,0.087552,0.110967,-0.300000,0.076665,0.123407,0.003160,0.020705,0.000000,-0.01158492,0.00207976,0.99993073,0.00002405,1
16.560000,0.10370559,-0.11217254,-0.37917346,-1.69391716,1.06338167,0.30142957,-0.28554904,-0.304500,0.085265,0.112353,-0.300000,0.073006,0.123407,0.000434,0.020941,0.000000,-0.01172776,0.00099798,0.99993073,0.00001166,1
16.580000,0.09483771,-0.10607664,-0.38200828,-1.68339849,1.06957436,0.28623855,-0.27373973,-0.305584,0.082486,0.113501,-0.300000,0.070302,0.121798,-0.002299,0.020818,0.000000,-0.01176979,-0.00009236,0.99993073,-0.00000113,1
16.600000,0.08582428,-0.10212082,-0.38606226,-1.67358720,1.07455277,0.27104795,-0.26221341,-0.306725,0.079345,0.114065,-0.300000,0.068546,0.118589,-0.004993,0.020341,0.000000,-0.01171065,-0.00118192,0.99993073,-0.00001389,1
16.620000,0.07739956,-0.10087854,-0.39241678,-1.66530764,1.07680380,0.25585842,-0.25036922,-0.307972,0.076059,0.113727,-0.300000,0.066790,0.115379,-0.007601,0.019517,0.000000,-0.01155085,-0.00226132,0.99993073,-0.00002617,1
16.640000,0.07021305,-0.10225318,-0.40142062,-1.65916204,1.07492602,0.24066871,-0.23740894,-0.309438,0.072833,0.112430,-0.300000,0.065671,0.112007,-0.010081,0.018360,0.000000,-0.01129176,-0.00332128,0.99993073,-0.00003755,1
16.660000,0.06482320,-0.10546703,-0.41288221,-1.65518868,1.06878161,0.22547576,-0.22279352,-0.311074,0.069794,0.110338,-0.300000,0.065671,0.108348,-0.012388,0.016889,0.000000,-0.01093557,-0.00435279,0.99993073,-0.00004765,1
16.680000,0.06162933,-0.10966184,-0.42635423,-1.65338039,1.05902040,0.21028365,-0.20759004,-0.312746,0.067033,0.107686,-0.300000,0.065671,0.104690,-0.014483,0.015130,0.000000,-0.01048546,-0.00534673,0.99993073,-0.00005611,1
16.700000,0.06054867,-0.11417617,-0.44105375,-1.65334213,1.04637301,0.19509080,-0.19238655,-0.314396,0.064511,0.104733,-0.300000,0.065671,0.101031,-0.016332,0.013113,0.000000,-0.00994518,-0.00629481,0.99993073,-0.00006265,1
16.720000,0.06116836,-0.11851246,-0.45635894,-1.65446877,1.03200936,0.17989370,-0.17718308,-0.315879,0.062124,0.101695,-0.300000,0.065671,0.097373,-0.017902,0.010873,0.000000,-0.00931943,-0.00718879,0.99993073,-0.00006704,1
16.740000,0.06305658,-0.12237924,-0.47188494,-1.65641665,1.01695907,0.16469327,-0.16197960,-0.317056,0.059804,0.098713,-0.300000,0.065671,0.093714,-0.019166,0.008446,0.000000,-0.00861352,-0.00802106,0.99993073,-0.00006914,1
16.760000,0.06588967,-0.12571259,-0.48736650,-1.65903950,1.00182641,0.14949101,-0.14677612,-0.317861,0.057531,0.095857,-0.300000,0.065671,0.090056,-0.020104,0.005876,0.000000,-0.00783370,-0.00878426,0.99993073,-0.00006886,1
16.780000,0.06946094,-0.12860015,-0.50261909,-1.66226304,0.98686320,0.13428780,-0.13157265,-0.318287,0.055307,0.093147,-0.300000,0.065671,0.086398,-0.020698,0.003206,0.000000,-0.00698650,-0.00947204,0.99993073,-0.00006622,1
16.800000,0.07364292,-0.13119414,-0.51752466,-1.66602981,0.97211546,0.11908404,-0.11636920,-0.318353,0.053148,0.090570,-0.300000,0.065671,0.082739,-0.020940,0.000480,0.000000,-0.00607926,-0.01007840,0.99993073,-0.00006132,1
16.820000,0.07835351,-0.13365468,-0.53201640,-1.67028570,0.95752275,0.10387981,-0.10116579,-0.318092,0.051075,0.088100,-0.300000,0.064011,0.080741,-0.020824,-0.002253,0.000000,-0.00511970,-0.01059818,0.99993073,-0.00005431,1
16.840000,0.08322529,-0.13547112,-0.54549342,-1.67444682,0.94308347,0.08867397,-0.08596241,-0.317615,0.049030,0.085925,-0.300000,0.060353,0.080741,-0.020352,-0.004948,0.000000,-0.00411630,-0.01102678,0.99993073,-0.00004544,1
16.860000,0.08751660,-0.13542321,-0.55698162,-1.67708123,0.92994124,0.07346211,-0.07075908,-0.316890,0.046840,0.084438,-0.300000,0.056694,0.080741,-0.019534,-0.007559,0.000000,-0.00307744,-0.01136064,0.99993073,-0.00003501,1
16.880000,0.09055720,-0.13296248,-0.56618005,-1.67718124,0.91990155,0.05824368,-0.05555575,-0.315669,0.044413,0.083815,-0.300000,0.053036,0.080741,-0.018382,-0.010040,0.000000,-0.00201206,-0.01159687,0.99993073,-0.00002338,1
16.900000,0.09193728,-0.12865752,-0.57328397,-1.67488754,0.91335732,0.04302514,-0.04035242,-0.313889,0.041790,0.083939,-0.300000,0.049377,0.080741,-0.016916,-0.012351,0.000000,-0.00092947,-0.01173339,0.99993073,-0.00001095,1
16.920000,0.09163640,-0.12364975,-0.57866979,-1.67077267,0.90959662,0.02780994,-0.02514905,-0.311660,0.039067,0.084530,-0.300000,0.045719,0.080741,-0.015162,-0.014450,0.000000,0.00016111,-0.01176905,0.99993073,0.00000185,1
16.940000,0.08993664,-0.11900571,-0.58276945,-1.66549170,0.90739602,0.01259885,-0.00994566,-0.309169,0.036360,0.085298,-0.300000,0.042060,0.080741,-0.013149,-0.016303,0.000000,0.00125021,-0.01170356,0.99993073,0.00001459,1
16.960000,0.08719992,-0.11536482,-0.58596051,-1.65952420,0.90558726,-0.00260921,0.00525775,-0.306595,0.033767,0.086040,-0.300000,0.038402,0.080741,-0.010912,-0.017878,0.000000,0.00232874,-0.01153744,0.99993073,0.00002683,1
16.980000,0.08372594,-0.11289869,-0.58851320,-1.65309429,0.90339625,-0.01781598,0.02046118,-0.304061,0.031359,0.086661,-0.300000,0.034743,0.080741,-0.008489,-0.019148,0.000000,0.00338718,-0.01127216,0.99993073,0.00003814,1
17.000000,0.07970427,-0.11144323,-0.59058553,-1.64623344,0.90051204,-0.03302290,0.03566460,-0.301624,0.029177,0.087154,-0.300000,0.031085,0.080741,-0.005920,-0.020091,0.000000,0.00441651,-0.01090999,0.99993073,0.00004814,1
17.020000,0.07521728,-0.11068253,-0.59224731,-1.63886714,0.89698446,-0.04823070,0.05086799,-0.299298,0.027241,0.087560,-0.300000,0.027426,0.080741,-0.003251,-0.020691,0.000000,0.00540781,-0.01045409,0.99993073,0.00005649,1
17.040000,0.07026673,-0.11029542,-0.59351659,-1.63089633,0.89305800,-0.06343956,0.06607139,-0.297074,0.025556,0.087933,-0.300000,0.023768,0.080741,-0.000526,-0.020938,0.000000,0.00635279,-0.00990824,0.99993073,0.00006291,1
17.060000,0.06481355,-0.11003313,-0.59439331,-1.62224710,0.88902736,-0.07864915,0.08127486,-0.294944,0.024117,0.088317,-0.300000,0.020110,0.080741,0.002207,-0.020828,0.000000,0.00724311,-0.00927728,0.99993073,0.00006716,1
17.080000,0.05881342,-0.10973906,-0.59487849,-1.61289382,0.88514709,-0.09385915,0.09647832,-0.292911,0.022920,0.088739,-0.300000,0.016451,0.080741,0.004903,-0.020363,0.000000,0.00807117,-0.00856658,0.99993073,0.00006910,1
17.100000,0.05223839,-0.10933267,-0.59498310,-1.60285497,0.88159990,-0.10906908,0.11168178,-0.290988,0.021956,0.089210,-0.300000,0.012793,0.080741,0.007516,-0.019550,0.000000,0.00882987,-0.00778226,0.99993073,0.00006868,1
17.120000,0.04508726,-0.10877971,-0.59473175,-1.59218657,0.87849712,-0.12427858,0.12688524,-0.289200,0.021217,0.089729,-0.300000,0.012338,0.083944,0.010000,-0.018404,0.000000,0.00951269,-0.00693106,0.99993073,0.00006589,1
17.140000,0.03800235,-0.10750765,-0.59338659,-1.58232236,0.87643844,-0.13948345,0.14208867,-0.287675,0.020922,0.090540,-0.300000,0.012338,0.087603,0.012313,-0.016943,0.000000,0.01011374,-0.00602029,0.99993073,0.00006085,1
17.160000,0.03146051,-0.10499926,-0.59017235,-1.57305539,0.87611240,-0.15468767,0.15729210,-0.286489,0.021054,0.091856,-0.300000,0.012338,0.091261,0.014417,-0.015194,0.000000,0.01062786,-0.00505779,0.99993073,0.00005371,1
17.180000,0.02528839,-0.10122272,-0.58504736,-1.56402767,0.87832344,-0.16989358,0.17249551,-0.285532,0.021511,0.093682,-0.300000,0.012338,0.094920,0.016274,-0.013185,0.000000,0.01105064,-0.00405182,0.99993073,0.00004473,1
17.200000,0.01921985,-0.09649173,-0.57838815,-1.55534112,0.88328183,-0.18509789,0.18714713,-0.284718,0.022230,0.095901,-0.300000,0.012338,0.098578,0.017854,-0.010951,0.000000,0.01137843,-0.00301104,0.99993073,0.00003422,1
17.220000,0.01313423,-0.09124379,-0.57053101,-1.54716861,0.89055735,-0.20029968,0.20095669,-0.284077,0.023173,0.098373,-0.300000,0.012338,0.102237,0.019129,-0.008531,0.000000,0.01160841,-0.00194438,0.99993073,0.00002253,1
17.240000,0.00700065,-0.08583431,-0.56173337,-1.53953803,0.89964181,-0.21550053,0.21409458,-0.283663,0.024288,0.100985,-0.300000,0.012338,0.105895,0.020078,-0.005964,0.000000,0.01173862,-0.00086092,0.99993073,0.00001006,1
17.260000,0.00084470,-0.08044345,-0.55222327,-1.53245628,0.91018796,-0.23070113,0.22675963,-0.283501,0.025529,0.103662,-0.300000,0.012338,0.109554,0.020684,-0.003297,0.000000,0.01176791,0.00022975,0.99993073,-0.00000275,1
17.280000,-0.00527661,-0.07511514,-0.54217190,-1.52594066,0.92197156,-0.24590132,0.23910436,-0.283602,0.026856,0.106361,-0.300000,0.012338,0.113212,0.020937,-0.000572,0.000000,0.01169605,0.00131854,0.99993073,-0.00001547,1
17.300000,-0.01131100,-0.06982739,-0.53170133,-1.51998496,0.93486410,-0.26110125,0.25124469,-0.283960,0.028223,0.109065,-0.300000,0.012338,0.116871,0.020833,0.002162,0.000000,0.01152366,0.00239600,0.99993073,-0.00002766,1
17.320000,-0.01722219,-0.06454029,-0.52089930,-1.51457858,0.94880235,-0.27630073,0.26325113,-0.284562,0.029586,0.111763,-0.300000,0.012338,0.120529,0.020374,0.004859,0.000000,0.01125218,0.00345296,0.99993073,-0.00003890,1
17.340000,-0.02298484,-0.05922111,-0.50982958,-1.50971830,0.96374768,-0.29149991,0.27516225,-0.285388,0.030899,0.114452,-0.300000,0.012338,0.124187,0.019567,0.007473,0.000000,0.01088404,0.00448007,0.99993073,-0.00004881,1
17.360000,-0.02858058,-0.05384474,-0.49855256,-1.50539732,0.97903723,-0.30669734,0.28700072,-0.286520,0.032124,0.117137,-0.300000,0.012338,0.127846,0.018426,0.009959,0.000000,0.01042232,0.00546878,0.99993073,-0.00005704,1
17.380000,-0.03397797,-0.04837978,-0.48713768,-1.50147545,0.99434346,-0.32189456,0.29889297,-0.287972,0.033205,0.119818,-0.300000,0.012338,0.131504,0.016970,0.012276,0.000000,0.00987101,0.00641048,0.99993073,-0.00006333,1
17.400000,-0.03913508,-0.04276572,-0.47569835,-1.49791932,1.00965345,-0.33709171,0.31084520,-0.289693,0.034103,0.122486,-0.300000,0.012338,0.135163,0.015225,0.014383,0.000000,0.00923481,0.00729717,0.99993073,-0.00006744,1
17.420000,-0.04400858,-0.03695479,-0.46431983,-1.49477422,1.02496862,-0.35228851,0.32281935,-0.291632,0.034795,0.125137,-0.300000,0.012338,0.138821,0.013221,0.016245,0.000000,0.00851929,0.00812107,0.99993073,-0.00006923,1
17.440000,-0.04856043,-0.03093507,-0.45304179,-1.49207950,1.04029107,-0.36748493,0.33479565,-0.293745,0.035261,0.127771,-0.300000,0.012338,0.137520,0.010990,0.017830,0.000000,0.00773062,0.00887512,0.99993073,-0.00006866,1
17.460000,-0.05293522,-0.02581436,-0.44311783,-1.48916221,1.05561101,-0.38268295,0.34628853,-0.295824,0.035377,0.129905,-0.300000,0.012338,0.133862,0.008573,0.019110,0.000000,0.00687538,0.00955301,0.99993073,-0.00006573,1
17.480000,-0.05746047,-0.02316737,-0.43595135,-1.48651910,1.07092798,-0.39788112,0.35702178,-0.297694,0.035176,0.130970,-0.300000,0.012338,0.130203,0.006008,0.020065,0.000000,0.00596111,0.01014873,0.99993073,-0.00006055,1
17.500000,-0.06219013,-0.02379930,-0.43194377,-1.48525953,1.08624887,-0.41307926,0.36730945,-0.299315,0.034811,0.130769,-0.300000,0.012338,0.126545,0.003342,0.020677,0.000000,0.00499562,0.01065723,0.99993073,-0.00005329,1
17.520000,-0.06689314,-0.02747130,-0.43074739,-1.48585355,1.09774935,-0.42827085,0.37771329,-0.301331,0.034406,0.129530,-0.300000,0.012338,0.122886,0.000618,0.020936,0.000000,0.00398729,0.01107409,0.99993073,-0.00004420,1
17.540000,-0.07117666,-0.03285963,-0.43218338,-1.48720431,1.10350943,-0.44346580,0.38933796,-0.303943,0.033860,0.127555,-0.300000,0.012338,0.119228,-0.002116,0.020838,0.000000,0.00294453,0.01139582,0.99993073,-0.00003360,1
17.560000,-0.07447962,-0.03792230,-0.43641508,-1.48853457,1.10390890,-0.45866618,0.40223825,-0.306858,0.033115,0.125177,-0.300000,0.012936,0.116710,-0.004814,0.020384,0.000000,0.00187654,0.01161957,0.99993073,-0.00002185,1
17.580000,-0.07626715,-0.04104398,-0.44286916,-1.48991549,1.10047841,-0.47380877,0.41602230,-0.309774,0.032221,0.122793,-0.300000,0.015945,0.118790,-0.007430,0.019583,0.000000,0.00079244,0.01174344,0.99993073,-0.00000935,1
17.600000,-0.07600351,-0.04114317,-0.44952327,-1.49266660,1.09583735,-0.48679885,0.43062600,-0.312477,0.031419,0.120995,-0.300000,0.018955,0.120870,-0.009919,0.018448,0.000000,-0.00029839,0.01176637,0.99993073,0.00000347,1
17.620000,-0.07355250,-0.03860979,-0.45490277,-1.49609566,1.09295869,-0.49706462,0.44520009,-0.314723,0.030621,0.119925,-0.300000,0.021964,0.122950,-0.012239,0.016997,0.000000,-0.00138683,0.01168815,0.99993073,0.00001617,1
17.640000,-0.06955091,-0.03467530,-0.45859835,-1.50037825,1.09341085,-0.50444299,0.45843402,-0.316359,0.029808,0.119411,-0.300000,0.024973,0.125031,-0.014350,0.015257,0.000000,-0.00246327,0.01150947,0.99993073,0.00002831,1
17.660000,-0.06469975,-0.03050354,-0.46032393,-1.50573993,1.09718633,-0.50832313,0.46944976,-0.317456,0.028986,0.119295,-0.300000,0.027833,0.123059,-0.016216,0.013256,0.000000,-0.00351853,0.01123185,0.99993073,0.00003948,1
17.680000,-0.05943470,-0.02814707,-0.46112803,-1.51128149,1.10304201,-0.50897837,0.47706565,-0.318100,0.028047,0.118987,-0.300000,0.030681,0.120763,-0.017806,0.011030,0.000000,-0.00454357,0.01085768,0.99993073,0.00004929,1
17.700000,-0.05395751,-0.02864525,-0.46206781,-1.51769018,1.10737681,-0.50595468,0.48076889,-0.318715,0.027141,0.118165,-0.300000,0.033529,0.118466,-0.019091,0.008615,0.000000,-0.00552956,0.01039019,0.99993073,0.00005741,1
17.720000,-0.04777590,-0.03139051,-0.46328327,-1.52478790,1.10788369,-0.49866831,0.48087853,-0.319581,0.026349,0.116936,-0.300000,0.036240,0.116095,-0.020051,0.006052,0.000000,-0.00646803,0.00983340,0.99993073,0.00006356,1
17.740000,-0.04030273,-0.03522855,-0.46466324,-1.53214288,1.10480750,-0.48738104,0.47732154,-0.320598,0.025700,0.115512,-0.300000,0.036616,0.112456,-0.020669,0.003387,0.000000,-0.00735099,0.00919203,0.99993073,0.00006753,1
17.760000,-0.03203398,-0.03973589,-0.46638018,-1.53846288,1.09939325,-0.47411114,0.47008130,-0.321529,0.024943,0.113897,-0.300000,0.036992,0.108817,-0.020935,0.000664,0.000000,-0.00817063,0.00847177,0.99993073,0.00006918,1
17.780000,-0.02392490,-0.04492429,-0.46899489,-1.54406452,1.09287047,-0.46077371,0.46003732,-0.322108,0.024018,0.112007,-0.300000,0.037368,0.105178,-0.020843,-0.002070,0.000000,-0.00892013,0.00767865,0.99993073,0.00006846,1
17.800000,-0.01626993,-0.05069419,-0.47288969,-1.54977417,1.08524108,-0.44820458,0.44892421,-0.322286,0.023038,0.109824,-0.300000,0.037744,0.101539,-0.020395,-0.004769,0.000000,-0.00959296,0.00681953,0.99993073,0.00006538,1
17.820000,-0.00869253,-0.05675498,-0.47818953,-1.55611384,1.07597625,-0.43633327,0.43814707,-0.322117,0.022166,0.107396,-0.300000,0.037907,0.097915,-0.019599,-0.007387,0.000000,-0.01018338,0.00590173,0.99993073,0.00006006,1
17.840000,-0.00075504,-0.06278469,-0.48482019,-1.56304896,1.06468141,-0.42493170,0.42828062,-0.321667,0.021489,0.104792,-0.300000,0.037026,0.094364,-0.018469,-0.009878,0.000000,-0.01068619,0.00493337,0.99993073,0.00005268,1
17.860000,0.00743992,-0.06853454,-0.49262401,-1.56982052,1.05135608,-0.41436264,0.41936490,-0.320968,0.020918,0.102073,-0.300000,0.036145,0.090813,-0.017024,-0.012201,0.000000,-0.01109719,0.00392254,0.99993073,0.00004349,1
17.880000,0.01548641,-0.07395133,-0.50161713,-1.57604992,1.03654206,-0.40531534,0.41132390,-0.319959,0.020383,0.099249,-0.300000,0.035265,0.087262,-0.015288,-0.014316,0.000000,-0.01141281,0.00287800,0.99993073,0.00003280,1
17.900000,0.02305643,-0.07909237,-0.51177478,-1.58178508,1.02124286,-0.39832482,0.40445289,-0.318519,0.019888,0.096330,-0.300000,0.034384,0.083711,-0.013292,-0.016187,0.000000,-0.01163034,0.00180865,0.99993073,0.00002099,1
17.920000,0.02999979,-0.08404569,-0.52289569,-1.58722711,1.00593436,-0.39370337,0.39917248,-0.316658,0.019478,0.093349,-0.300000,0.030857,0.082756,-0.011069,-0.017782,0.000000,-0.01174787,0.00072383,0.99993073,0.00000846,1
17.940000,0.03569709,-0.08794156,-0.53382510,-1.59146917,0.99064821,-0.39181954,0.39627767,-0.314619,0.019015,0.090685,-0.300000,0.027324,0.081806,-0.008657,-0.019072,0.000000,-0.01176443,-0.00036711,0.99993073,-0.00000436,1
17.960000,0.03953300,-0.09030929,-0.54406738,-1.59330392,0.97538698,-0.39402997,0.39602378,-0.312563,0.018310,0.088516,-0.300000,0.023791,0.080857,-0.006097,-0.020038,0.000000,-0.01167985,-0.00145507,0.99993073,-0.00001704,1
17.980000,0.04116761,-0.09117815,-0.55397063,-1.59269488,0.96012092,-0.40133578,0.39916611,-0.310507,0.017353,0.086791,-0.300000,0.020661,0.082482,-0.003433,-0.020662,0.000000,-0.01149488,-0.00253045,0.99993073,-0.00002913,1
18.000000,0.04097660,-0.08985790,-0.56310892,-1.59074485,0.94668460,-0.41307470,0.40654153,-0.308276,0.016374,0.085734,-0.300000,0.017586,0.084466,-0.000710,-0.020933,0.000000,-0.01121110,-0.00358408,0.99993073,-0.00004023,1
18.020000,0.03962748,-0.08624746,-0.57054418,-1.58764505,0.93695050,-0.42828918,0.41773978,-0.305791,0.015491,0.085491,-0.300000,0.014512,0.086449,0.002024,-0.020847,0.000000,-0.01083099,-0.00460683,0.99993073,-0.00004994,1
18.040000,0.03727759,-0.08118186,-0.57565284,-1.58361232,0.93168396,-0.44350982,0.43148640,-0.303030,0.014791,0.085990,-0.300000,0.011667,0.088687,0.004724,-0.020405,0.000000,-0.01035772,-0.00559015,0.99993073,-0.00005795,1
18.060000,0.03384025,-0.07562724,-0.57793397,-1.57820010,0.93035251,-0.45871860,0.44487515,-0.300255,0.014187,0.087107,-0.300000,0.009376,0.091539,0.007344,-0.019615,0.000000,-0.00979545,-0.00652536,0.99993073,-0.00006397,1
18.080000,0.02907093,-0.07015644,-0.57713228,-1.57153177,0.93241143,-0.47392240,0.45725960,-0.297674,0.013643,0.088777,-0.300000,0.007084,0.094391,0.009838,-0.018491,0.000000,-0.00914899,-0.00740448,0.99993073,-0.00006779,1
18.100000,0.02289751,-0.06508168,-0.57359385,-1.56362140,0.93744087,-0.48912573,0.46867585,-0.295328,0.013113,0.090872,-0.300000,0.004793,0.097243,0.012164,-0.017051,0.000000,-0.00842396,-0.00821991,0.99993073,-0.00006929,1
18.120000,0.01553649,-0.06053323,-0.56799310,-1.55490637,0.94475317,-0.50432831,0.47918251,-0.293230,0.012629,0.093247,-0.300000,0.002501,0.100095,0.014283,-0.015320,0.000000,-0.00762641,-0.00896483,0.99993073,-0.00006842,1
18.140000,0.00738290,-0.05650781,-0.56090647,-1.54584873,0.95357788,-0.51953036,0.48905796,-0.291424,0.012242,0.095796,-0.300000,0.000210,0.102946,0.016158,-0.013327,0.000000,-0.00676338,-0.00963263,0.99993073,-0.00006520,1
18.160000,-0.00117262,-0.05288778,-0.55276811,-1.53675365,0.96337086,-0.53473312,0.49867612,-0.289937,0.011990,0.098462,-0.300000,-0.002081,0.105798,0.017757,-0.011107,0.000000,-0.00584223,-0.01021764,0.99993073,-0.00005974,1
18.180000,-0.00982789,-0.04949622,-0.54389477,-1.52782393,0.97388166,-0.54993618,0.50829870,-0.288766,0.011888,0.101218,-0.300000,-0.004373,0.108650,0.019053,-0.008698,0.000000,-0.00487087,-0.01071483,0.99993073,-0.00005224,1
18.200000,-0.01837674,-0.04616659,-0.53450823,-1.51920009,0.98503006,-0.56513953,0.51806003,-0.287891,0.011934,0.104052,-0.300000,-0.006664,0.111502,0.020025,-0.006141,0.000000,-0.00385766,-0.01111992,0.99993073,-0.00004294,1
18.220000,-0.02670738,-0.04277796,-0.52476823,-1.51095402,0.99680531,-0.58034265,0.52801353,-0.287290,0.012107,0.106955,-0.300000,-0.008956,0.114354,0.020654,-0.003478,0.000000,-0.00281130,-0.01142943,0.99993073,-0.00003218,1
18.240000,-0.03477129,-0.03925990,-0.51479107,-1.50312698,1.00921142,-0.59554547,0.53816754,-0.286945,0.012373,0.109914,-0.300000,-0.011247,0.117206,0.020931,-0.000756,0.000000,-0.00174069,-0.01164070,0.99993073,-0.00002031,1
18.260000,-0.04255126,-0.03558187,-0.50465959,-1.49574566,1.02223229,-0.61074799,0.54851383,-0.286842,0.012696,0.112918,-0.300000,-0.013538,0.120058,0.020851,0.001978,0.000000,-0.00065530,-0.01175190,0.99993073,-0.00000775,1
18.280000,-0.05004570,-0.03173722,-0.49443460,-1.48882270,1.03583872,-0.62594992,0.55904490,-0.286969,0.013035,0.115951,-0.300000,-0.015572,0.121390,0.020416,0.004680,0.000000,0.00043581,-0.01176208,0.99993073,0.00000508,1
18.300000,-0.05731632,-0.02805869,-0.48454425,-1.48217535,1.04981887,-0.64115185,0.56965500,-0.287288,0.013328,0.118860,-0.300000,-0.016794,0.117942,0.019631,0.007301,0.000000,0.00152318,-0.01167116,0.99993073,0.00001773,1
18.320000,-0.06462905,-0.02578418,-0.47647116,-1.47538304,1.06307769,-0.65635365,0.58002728,-0.287753,0.013504,0.121112,-0.300000,-0.018015,0.114493,0.018512,0.009797,0.000000,0.00259754,-0.01147990,0.99993073,0.00002978,1
18.340000,-0.07224645,-0.02548534,-0.47104526,-1.46892118,1.07364523,-0.67155272,0.59020108,-0.288574,0.013610,0.122486,-0.300000,-0.019237,0.111045,0.017078,0.012127,0.000000,0.00364941,-0.01119000,0.99993073,0.00004080,1
18.360000,-0.08001653,-0.02650827,-0.46841824,-1.46266842,1.08038914,-0.68675244,0.60065919,-0.289871,0.013630,0.123103,-0.300000,-0.020459,0.107597,0.015351,0.014249,0.000000,0.00467001,-0.01080390,0.99993073,0.00005041,1
18.380000,-0.08750249,-0.02764784,-0.46853453,-1.45640826,1.08314192,-0.70195401,0.61169690,-0.291589,0.013546,0.123213,-0.300000,-0.021680,0.104148,0.013363,0.016129,0.000000,0.00565048,-0.01032493,0.99993073,0.00005830,1
18.400000,-0.09431778,-0.02801727,-0.47129902,-1.44999659,1.08251417,-0.71715748,0.62335241,-0.293562,0.013337,0.122994,-0.300000,-0.022902,0.100700,0.011147,0.017733,0.000000,0.00658246,-0.00975716,0.99993073,0.00006419,1
18.420000,-0.10038313,-0.02743995,-0.47658664,-1.44346201,1.07929873,-0.73236114,0.63542747,-0.295635,0.012985,0.122491,-0.300000,-0.024124,0.097251,0.008740,0.019034,0.000000,0.00745780,-0.00910558,0.99993073,0.00006787,1
18.440000,-0.10588379,-0.02617173,-0.48419356,-1.43683779,1.07405221,-0.74756396,0.64769995,-0.297724,0.012449,0.121679,-0.300000,-0.025346,0.093803,0.006185,0.020011,0.000000,0.00826898,-0.00837581,0.99993073,0.00006922,1
18.460000,-0.11106919,-0.02451539,-0.49394688,-1.43009579,1.06709588,-0.76276624,0.66006064,-0.299780,0.011685,0.120521,-0.300000,-0.026567,0.090354,0.003523,0.020647,0.000000,0.00900922,-0.00757392,0.99993073,0.00006820,1
18.480000,-0.11613940,-0.02267368,-0.50578338,-1.42314374,1.05856669,-0.77796859,0.67248756,-0.301753,0.010653,0.118981,-0.300000,-0.027789,0.086906,0.000802,0.020930,0.000000,0.00967197,-0.00670700,0.99993073,0.00006483,1
18.500000,-0.12125894,-0.02076233,-0.51982605,-1.41579247,1.04842520,-0.79317153,0.68502235,-0.303576,0.009317,0.117007,-0.300000,-0.029011,0.083457,-0.001933,0.020856,0.000000,0.01025159,-0.00578245,0.99993073,0.00005924,1
18.520000,-0.12660092,-0.01883616,-0.53639770,-1.40775752,1.03642428,-0.80837554,0.69772339,-0.305169,0.007644,0.114522,-0.300000,-0.030233,0.081472,-0.004635,0.020426,0.000000,0.01074306,-0.00480829,0.99993073,0.00005162,1
18.540000,-0.13224214,-0.01670061,-0.55374497,-1.39899898,1.02240431,-0.82357430,0.71050966,-0.306843,0.005590,0.111916,-0.300000,-0.031454,0.084921,-0.007258,0.019647,0.000000,0.01114226,-0.00379264,0.99993073,0.00004222,1
18.560000,-0.13778695,-0.01324243,-0.57115185,-1.39005280,1.00850868,-0.83877581,0.72352159,-0.308288,0.003203,0.109503,-0.300000,-0.032676,0.088369,-0.009757,0.018534,0.000000,0.01144565,-0.00274449,0.99993073,0.00003137,1
18.580000,-0.14263485,-0.00830622,-0.58847207,-1.38165653,0.99632674,-0.85397834,0.73636538,-0.309228,0.000617,0.107318,-0.300000,-0.033898,0.091818,-0.012089,0.017104,0.000000,0.01165066,-0.00167276,0.99993073,0.00001945,1
18.600000,-0.14661032,-0.00246546,-0.60415316,-1.37443936,0.98594570,-0.86917466,0.74874091,-0.309963,-0.002095,0.105560,-0.300000,-0.035119,0.095266,-0.014215,0.015382,0.000000,0.01175552,-0.00058674,0.99993073,0.00000685,1
18.620000,-0.14959382,0.00384760,-0.61694080,-1.36884558,0.97840369,-0.88436943,0.76094657,-0.310572,-0.004897,0.104366,-0.300000,-0.036341,0.098715,-0.016099,0.013398,0.000000,0.01175934,0.00050450,0.99993073,-0.00000598,1
18.640000,-0.15134218,0.01026817,-0.62586266,-1.36567283,0.97472161,-0.89956284,0.77298021,-0.311079,-0.007690,0.103843,-0.300000,-0.037563,0.102163,-0.017708,0.011185,0.000000,0.01166207,0.00159132,0.99993073,-0.00001860,1
18.660000,-0.15161481,0.01646020,-0.63009560,-1.36583400,0.97561777,-0.91475505,0.78497845,-0.311522,-0.010340,0.104082,-0.300000,-0.038785,0.105611,-0.019015,0.008782,0.000000,0.01146455,0.00266446,0.99993073,-0.00003059,1
18.680000,-0.15021704,0.02221570,-0.62911439,-1.37028277,0.98154378,-0.92764521,0.79742920,-0.311857,-0.012624,0.105154,-0.300000,-0.040006,0.109060,-0.019998,0.006228,0.000000,0.01116849,0.00371471,0.99993073,-0.00004153,1
18.700000,-0.14719050,0.02738905,-0.62315452,-1.37837088,0.99207139,-0.93409282,0.80998492,-0.311987,-0.014430,0.106986,-0.300000,-0.041228,0.112508,-0.020639,0.003569,0.000000,0.01077643,0.00473303,0.99993073,-0.00005105,1
18.720000,-0.14325149,0.03146782,-0.61350757,-1.38715577,1.00567281,-0.93355751,0.82041281,-0.311890,-0.016024,0.109221,-0.300000,-0.042450,0.115957,-0.020928,0.000848,0.000000,0.01029174,0.00571069,0.99993073,-0.00005882,1
18.740000,-0.13961975,0.03388652,-0.60137415,-1.39437425,1.02044857,-0.92793870,0.82665849,-0.311696,-0.017728,0.111522,-0.300000,-0.043672,0.119405,-0.020860,-0.001887,0.000000,0.00971860,0.00663926,0.99993073,-0.00006457,1
18.760000,-0.13720052,0.03471154,-0.58804685,-1.39936137,1.03538108,-0.91966158,0.82844812,-0.311363,-0.019706,0.113659,-0.300000,-0.044446,0.121591,-0.020436,-0.004590,0.000000,0.00906192,0.00751079,0.99993073,-0.00006811,1
18.780000,-0.13614491,0.03419685,-0.57461524,-1.40253663,1.04991150,-0.91065091,0.82658786,-0.310809,-0.021919,0.115487,-0.300000,-0.043224,0.118142,-0.019663,-0.007214,0.000000,0.00832736,0.00831776,0.99993073,-0.00006931,1
18.800000,-0.13597497,0.03148055,-0.56112504,-1.40453947,1.06309915,-0.90209675,0.82198954,-0.310275,-0.024201,0.116883,-0.300000,-0.042002,0.114694,-0.018555,-0.009716,0.000000,0.00752123,0.00905325,0.99993073,-0.00006814,1
18.820000,-0.13629954,0.02647070,-0.54837823,-1.40613902,1.07411492,-0.89375788,0.81594318,-0.309769,-0.026339,0.117706,-0.300000,-0.040781,0.111246,-0.017130,-0.012052,0.000000,0.00665040,0.00971098,0.99993073,-0.00006463,1
18.840000,-0.13661131,0.01979192,-0.53718227,-1.40763855,1.08229709,-0.88528353,0.80889934,-0.309237,-0.028179,0.117937,-0.300000,-0.039559,0.107797,-0.015414,-0.014182,0.000000,0.00572255,0.01028515,0.99993073,-0.00005891,1
18.860000,-0.13640213,0.01209605,-0.52790368,-1.40925026,1.08695650,-0.87652659,0.80095112,-0.308715,-0.029595,0.117650,-0.300000,-0.038337,0.104349,-0.013433,-0.016070,0.000000,0.00474546,0.01077096,0.99993073,-0.00005116,1
18.880000,-0.13544379,0.00394739,-0.52084500,-1.41088843,1.08781934,-0.86757159,0.79233289,-0.308194,-0.030551,0.116897,-0.300000,-0.037116,0.100900,-0.011224,-0.017684,0.000000,0.00372759,0.01116420,0.99993073,-0.00004166,1
18.900000,-0.13371874,-0.00416186,-0.51641339,-1.41249716,1.08488452,-0.85881263,0.78333282,-0.307610,-0.031039,0.115691,-0.300000,-0.035894,0.097452,-0.008823,-0.018996,0.000000,0.00267759,0.01146149,0.99993073,-0.00003074,1
18.920000,-0.13127550,-0.01181724,-0.51501936,-1.41412377,1.07812929,-0.85076779,0.77441365,-0.306907,-0.031057,0.114037,-0.300000,-0.034672,0.094003,-0.006272,-0.019984,0.000000,0.00160477,0.01166022,0.99993073,-0.00001876,1
18.940000,-0.12818944,-0.01865971,-0.51685774,-1.41580069,1.06760907,-0.84393060,0.76611120,-0.306064,-0.030613,0.111973,-0.300000,-0.033450,0.090555,-0.003614,-0.020631,0.000000,0.00051807,0.01175875,0.99993073,-0.00000614,1
18.960000,-0.12459026,-0.02443963,-0.52193487,-1.41745937,1.05362725,-0.83882654,0.75891346,-0.305059,-0.029749,0.109550,-0.300000,-0.032229,0.087107,-0.000894,-0.020926,0.000000,-0.00057309,0.01175619,0.99993073,0.00000669,1
18.980000,-0.12071271,-0.02912308,-0.53005582,-1.41898549,1.03830791,-0.83600897,0.75324142,-0.303617,-0.028550,0.106776,-0.300000,-0.031007,0.083658,0.001841,-0.020864,0.000000,-0.00165941,0.01165257,0.99993073,0.00001929,1
19.000000,-0.11687022,-0.03300548,-0.54058450,-1.42058802,1.02299356,-0.83593792,0.74922484,-0.301701,-0.027065,0.103702,-0.300000,-0.029785,0.080210,0.004545,-0.020446,0.000000,-0.00273138,0.01144879,0.99993073,0.00003123,1
19.020000,-0.11334759,-0.03650415,-0.55264330,-1.42228889,1.00771761,-0.83856452,0.74718517,-0.299536,-0.025334,0.100424,-0.300000,-0.028563,0.076761,0.007171,-0.019679,0.000000,-0.00377979,0.01114663,0.99993073,0.00004209,1
19.040000,-0.11032065,-0.03984983,-0.56549412,-1.42383277,0.99247009,-0.84360278,0.74731106,-0.297313,-0.023422,0.097041,-0.300000,-0.027342,0.073313,0.009675,-0.018576,0.000000,-0.00479589,0.01074860,0.99993073,0.00005151,1
19.060000,-0.10786986,-0.04306660,-0.57860976,-1.42499268,0.97724253,-0.85089087,0.74951464,-0.295182,-0.021382,0.093656,-0.300000,-0.026120,0.069864,0.012014,-0.017157,0.000000,-0.00577070,0.01025821,0.99993073,0.00005916,1
19.080000,-0.10603335,-0.04609400,-0.59164232,-1.42562294,0.96202952,-0.86038071,0.75372380,-0.293251,-0.019259,0.090351,-0.300000,-0.024898,0.066416,0.014148,-0.015445,0.000000,-0.00669592,0.00967965,0.99993073,0.00006477,1
19.100000,-0.10482522,-0.04886568,-0.60443473,-1.42564511,0.94682628,-0.87203956,0.75987345,-0.291593,-0.017086,0.087174,-0.300000,-0.023677,0.062967,0.016040,-0.013469,0.000000,-0.00756352,0.00901795,0.99993073,0.00006817,1
19.120000,-0.10424046,-0.05133780,-0.61701334,-1.42502284,0.93162787,-0.88578206,0.76782900,-0.290233,-0.014889,0.084135,-0.300000,-0.023109,0.060161,0.017659,-0.011263,0.000000,-0.00836626,0.00827864,0.99993073,0.00006922,1
19.140000,-0.10439774,-0.05323997,-0.62937844,-1.42350888,0.91643262,-0.90098768,0.77752876,-0.289181,-0.012726,0.081288,-0.300000,-0.026582,0.061313,0.018976,-0.008865,0.000000,-0.00909703,0.00746823,0.99993073,0.00006790,1
19.160000,-0.10601560,-0.05300939,-0.64076591,-1.41968536,0.90125686,-0.91619599,0.78917515,-0.288572,-0.010858,0.079071,-0.300000,-0.030054,0.062465,0.019970,-0.006316,0.000000,-0.00974962,0.00659364,0.99993073,0.00006425,1
19.180000,-0.10900566,-0.05013948,-0.65095443,-1.41305387,0.88609844,-0.93140167,0.80171835,-0.288486,-0.009373,0.077624,-0.300000,-0.033527,0.063617,0.020623,-0.003659,0.000000,-0.01031840,0.00566238,0.99993073,0.00005839,1
19.200000,-0.11298658,-0.04527545,-0.66030777,-1.40452528,0.87125450,-0.94660538,0.81452328,-0.288831,-0.008155,0.076764,-0.300000,-0.036999,0.064769,0.020924,-0.000940,0.000000,-0.01079850,0.00468247,0.99993073,0.00005052,1
19.220000,-0.11775747,-0.03926127,-0.66913205,-1.39491808,0.85978860,-0.96181178,0.82736540,-0.289050,-0.007175,0.076199,-0.300000,-0.040471,0.065921,0.020868,0.001795,0.000000,-0.01118578,0.00366232,0.99993073,0.00004092,1
19.240000,-0.12315818,-0.03282968,-0.67714608,-1.38538599,0.85159791,-0.97701281,0.83957404,-0.289245,-0.006338,0.075836,-0.300000,-0.043944,0.067072,0.020456,0.004500,0.000000,-0.01147692,0.00261069,0.99993073,0.00002992,1
19.260000,-0.12902491,-0.02642720,-0.68400264,-1.37623417,0.84612435,-0.99221182,0.85140085,-0.289592,-0.005645,0.075659,-0.300000,-0.047416,0.068224,0.019695,0.007128,0.000000,-0.01166940,0.00153664,0.99993073,0.00001789,1
19.280000,-0.13519956,-0.02016941,-0.68978316,-1.36757886,0.84286654,-1.00741017,0.86312795,-0.290144,-0.005109,0.075639,-0.300000,-0.050888,0.069376,0.018598,0.009634,0.000000,-0.01176157,0.00044938,0.99993073,0.00000524,1
19.300000,-0.14154987,-0.01400590,-0.69482350,-1.35938013,0.84128499,-1.02260911,0.87492907,-0.290895,-0.004756,0.075734,-0.300000,-0.054361,0.070528,0.017183,0.011976,0.000000,-0.01175264,-0.00064174,0.99993073,-0.00000759,1
19.320000,-0.14800909,-0.00784014,-0.69952029,-1.35147965,0.84087449,-1.03780794,0.88690484,-0.291810,-0.004622,0.075900,-0.300000,-0.057833,0.071680,0.015476,0.014114,0.000000,-0.01164268,-0.00172744,0.99993073,-0.00002016,1
19.340000,-0.15456572,-0.00157361,-0.70423162,-1.34368408,0.84120995,-1.05300736,0.89910048,-0.292844,-0.004748,0.076094,-0.300000,-0.061305,0.072832,0.013504,0.016011,0.000000,-0.01143266,-0.00279811,0.99993073,-0.00003204,1
19.360000,-0.16122992,0.00487495,-0.70923406,-1.33582413,0.84196818,-1.06820703,0.91152400,-0.293955,-0.005170,0.076284,-0.300000,-0.064778,0.073984,0.011302,0.017634,0.000000,-0.01112436,-0.00384483,0.99993073,-0.00004282,1
19.380000,-0.16801275,0.01155832,-0.71471220,-1.32777917,0.84293109,-1.08340704,0.92415708,-0.295097,-0.005915,0.076445,-0.300000,-0.068250,0.075136,0.008907,0.018957,0.000000,-0.01072044,-0.00485851,0.99993073,-0.00005213,1
19.400000,-0.17491706,0.01850012,-0.72076905,-1.31948006,0.84396243,-1.09860671,0.93696135,-0.296232,-0.007006,0.076563,-0.300000,-0.071723,0.076288,0.006360,0.019956,0.000000,-0.01022433,-0.00583052,0.99993073,-0.00005966,1
19.420000,-0.18193501,0.02570023,-0.72744143,-1.31089890,0.84498787,-1.11380613,0.94989008,-0.297319,-0.008453,0.076626,-0.300000,-0.075195,0.077440,0.003705,0.020615,0.000000,-0.00964042,-0.00675227,0.99993073,-0.00006514,1
19.440000,-0.18905009,0.03314167,-0.73471612,-1.30204117,0.84597689,-1.12900531,0.96289229,-0.298326,-0.010262,0.076632,-0.300000,-0.078667,0.078592,0.000986,0.020922,0.000000,-0.00897362,-0.00761607,0.99993073,-0.00006839,1
19.460000,-0.19624084,0.04079708,-0.74253708,-1.29293835,0.84692878,-1.14420426,0.97591662,-0.299221,-0.012428,0.076582,-0.300000,-0.082140,0.079744,-0.001750,0.020872,0.000000,-0.00822969,-0.00841441,0.99993073,-0.00006930,1
19.480000,-0.20347907,0.04863190,-0.75082105,-1.28363883,0.84786516,-1.15940273,0.98891771,-0.299976,-0.014943,0.076481,-0.300000,-0.085144,0.081234,-0.004455,0.020466,0.000000,-0.00741496,-0.00914050,0.99993073,-0.00006782,1
19.500000,-0.21067977,0.05663399,-0.75940776,-1.27427649,0.84888637,-1.17460096,1.00178039,-0.300565,-0.017786,0.076355,-0.300000,-0.085144,0.084893,-0.007085,0.019710,0.000000,-0.00653657,-0.00978797,0.99993073,-0.00006403,1
19.520000,-0.21743026,0.06493029,-0.76773965,-1.26544201,0.85050601,-1.18979681,1.01399052,-0.300980,-0.020897,0.076334,-0.300000,-0.085144,0.088551,-0.009593,0.018619,0.000000,-0.00560209,-0.01035126,0.99993073,-0.00005804,1
19.540000,-0.22340554,0.07342314,-0.77534735,-1.25752223,0.85301930,-1.20499158,1.02554321,-0.301234,-0.024222,0.076494,-0.300000,-0.085144,0.092209,-0.011938,0.017210,0.000000,-0.00461931,-0.01082567,0.99993073,-0.00005005,1
19.560000,-0.22849186,0.08189638,-0.78195882,-1.25079119,0.85653925,-1.22018611,1.03652537,-0.301328,-0.027713,0.076852,-0.300000,-0.085144,0.095868,-0.014080,0.015507,0.000000,-0.00359692,-0.01120699,0.99993073,-0.00004036,1
19.580000,-0.23264070,0.09019392,-0.78742325,-1.24541390,0.86105615,-1.23538136,1.04704988,-0.301259,-0.031324,0.077412,-0.300000,-0.085144,0.099526,-0.015981,0.013539,0.000000,-0.00254362,-0.01149197,0.99993073,-0.00002928,1
19.600000,-0.23582961,0.09821800,-0.79165667,-1.24149120,0.86650813,-1.25057709,1.05723798,-0.301020,-0.035010,0.078180,-0.300000,-0.085144,0.103185,-0.017609,0.011341,0.000000,-0.00146854,-0.01167816,0.99993073,-0.00001719,1
19.620000,-0.23805130,0.10590541,-0.79460138,-1.23909914,0.87281293,-1.26577330,1.06721461,-0.300604,-0.038722,0.079162,-0.300000,-0.085144,0.106843,-0.018937,0.008949,0.000000,-0.00038068,-0.01176400,0.99993073,-0.00000452,1
19.640000,-0.23930071,0.11320833,-0.79619825,-1.23831713,0.87988734,-1.28097022,1.07712138,-0.300010,-0.042406,0.080364,-0.300000,-0.085144,0.110502,-0.019942,0.006404,0.000000,0.00071037,-0.01174869,0.99993073,0.00000830,1
19.660000,-0.23956060,0.12008916,-0.79637134,-1.23925960,0.88766831,-1.29616749,1.08712351,-0.299242,-0.046000,0.081803,-0.300000,-0.085144,0.114160,-0.020607,0.003750,0.000000,0.00179532,-0.01163240,0.99993073,0.00002084,1
19.680000,-0.23879389,0.12652163,-0.79501277,-1.24208224,0.89611393,-1.30910647,1.09744704,-0.298276,-0.049364,0.083499,-0.300000,-0.085144,0.117819,-0.020920,0.001032,0.000000,0.00286475,-0.01141614,0.99993073,0.00003266,1
19.700000,-0.23689272,0.13246174,-0.79199350,-1.24663591,0.90499341,-1.31780005,1.10749018,-0.297143,-0.052381,0.085483,-0.300000,-0.085144,0.121477,-0.020876,-0.001704,0.000000,0.00390974,-0.01110171,0.99993073,0.00004336,1
19.720000,-0.23388328,0.13772891,-0.78720289,-1.25250423,0.91394562,-1.32189596,1.11638033,-0.295934,-0.055013,0.087759,-0.300000,-0.085144,0.125136,-0.020475,-0.004410,0.000000,0.00492104,-0.01069187,0.99993073,0.00005258,1
19.740000,-0.22999668,0.14209101,-0.78055847,-1.25932944,0.92272657,-1.32170653,1.12353063,-0.294730,-0.057257,0.090300,-0.300000,-0.085144,0.128794,-0.019726,-0.007042,0.000000,0.00589006,-0.01019014,0.99993073,0.00005998,1
19.760000,-0.22547774,0.14538491,-0.77194667,-1.26691115,0.93129146,-1.31765354,1.12857091,-0.293590,-0.059111,0.093093,-0.300000,-0.085144,0.132453,-0.018640,-0.009553,0.000000,0.00680846,-0.00960081,0.99993073,0.00006533,1
19.780000,-0.22048350,0.14747886,-0.76120698,-1.27515793,0.93972898,-1.31000519,1.13125432,-0.292558,-0.060562,0.096136,-0.300000,-0.085144,0.136111,-0.017236,-0.011901,0.000000,0.00766835,-0.00892898,0.99993073,0.00006843,1
19.800000,-0.21511953,0.14822270,-0.74811101,-1.28399467,0.94817871,-1.29883683,1.13134074,-0.291689,-0.061591,0.099441,-0.300000,-0.085144,0.139769,-0.015537,-0.014046,0.000000,0.00846234,-0.00818040,0.99993073,0.00006919,1
19.820000,-0.20951062,0.14759855,-0.73467124,-1.29327035,0.95676810,-1.28442097,1.12872112,-0.290585,-0.062098,0.102569,-0.300000,-0.088337,0.138753,-0.013574,-0.015951,0.000000,0.00918366,-0.00736145,0.99993073,0.00006757,1
19.840000,-0.20455092,0.14535259,-0.72127086,-1.30108500,0.96415627,-1.26957846,1.12329674,-0.289510,-0.062395,0.105391,-0.300000,-0.091744,0.137422,-0.011379,-0.017584,0.000000,0.00982593,-0.00647937,0.99993073,0.00006363,1
19.860000,-0.20124796,0.14178506,-0.70790642,-1.30673182,0.97051269,-1.25681210,1.11644423,-0.288516,-0.062754,0.107895,-0.300000,-0.095152,0.136091,-0.008990,-0.018918,0.000000,0.01038381,-0.00554154,0.99993073,0.00005750,1
19.880000,-0.19989686,0.13753223,-0.69457167,-1.31043816,0.97644329,-1.24757433,1.10994709,-0.287542,-0.063261,0.110152,-0.300000,-0.098560,0.134759,-0.006447,-0.019928,0.000000,0.01085244,-0.00455609,0.99993073,0.00004940,1
19.900000,-0.20014603,0.13315280,-0.68126220,-1.31286335,0.98244685,-1.24225128,1.10526872,-0.286526,-0.063844,0.112256,-0.300000,-0.101967,0.133428,-0.003795,-0.020598,0.000000,0.01122781,-0.00353140,0.99993073,0.00003961,1
19.920000,-0.20133807,0.12899247,-0.66817653,-1.31468010,0.98878002,-1.24039292,1.10306001,-0.285403,-0.064348,0.114244,-0.300000,-0.105375,0.132097,-0.001078,-0.020917,0.000000,0.01150662,-0.00247654,0.99993073,0.00002845,1
19.940000,-0.20292819,0.12523411,-0.65658027,-1.31617606,0.99528426,-1.24137139,1.10322547,-0.283983,-0.064609,0.115906,-0.300000,-0.108783,0.130766,0.001658,-0.020879,0.000000,0.01168654,-0.00140031,0.99993073,0.00001632,1
19.960000,-0.20485717,0.12198713,-0.64717549,-1.31692886,1.00107229,-1.24506187,1.10534620,-0.282326,-0.064627,0.117147,-0.300000,-0.112191,0.129435,0.004365,-0.020485,0.000000,0.01176602,-0.00031205,0.99993073,0.00000363,1
19.980000,-0.20737226,0.11940258,-0.64028096,-1.31637192,1.00562096,-1.25175774,1.10934591,-0.280511,-0.064503,0.117933,-0.300000,-0.115598,0.128104,0.006998,-0.019741,0.000000,0.01174434,0.00077898,0.99993073,-0.00000919,1
20.000000,-0.21067689,0.11768115,-0.63607734,-1.31425154,1.00877273,-1.26178622,1.11540139,-0.278572,-0.064317,0.118256,-0.300000,-0.119006,0.126773,0.009512,-0.018661,0.000000,0.01162172,0.00186323,0.99993073,-0.00002170,1
20.020000,-0.21480004,0.11701092,-0.63459742,-1.31055307,1.01052976,-1.27521157,1.12365305,-0.276538,-0.064105,0.118142,-0.300000,-0.122414,0.125441,0.011863,-0.017262,0.000000,0.01139921,0.00293138,0.99993073,-0.00003346,1
20.040000,-0.21970206,0.11746003,-0.63573468,-1.30532146,1.01093245,-1.29041886,1.13402903,-0.274434,-0.063837,0.117625,-0.300000,-0.125821,0.124110,0.014012,-0.015568,0.000000,0.01107868,0.00397452,0.99993073,-0.00004408,1
20.060000,-0.22539230,0.11897971,-0.63923508,-1.29836607,1.00985980,-1.30562901,1.14580095,-0.272342,-0.063514,0.116754,-0.300000,-0.129229,0.122779,0.015921,-0.013609,0.000000,0.01066294,0.00498341,0.99993073,-0.00005319,1
20.080000,-0.23197763,0.12151153,-0.64481902,-1.28948569,1.00721455,-1.32083559,1.15818286,-0.270372,-0.063204,0.115576,-0.300000,-0.132637,0.121448,0.017559,-0.011418,0.000000,0.01015556,0.00594948,0.99993073,-0.00006047,1
20.100000,-0.23958492,0.12499613,-0.65227020,-1.27877474,1.00321496,-1.33604097,1.17100108,-0.268560,-0.062950,0.114111,-0.300000,-0.136044,0.120117,0.018898,-0.009032,0.000000,0.00956093,0.00686435,0.99993073,-0.00006568,1
20.120000,-0.24822003,0.12937395,-0.66139716,-1.26642525,0.99814355,-1.35124588,1.18409860,-0.266920,-0.062768,0.112377,-0.300000,-0.139452,0.118786,0.019914,-0.006491,0.000000,0.00888403,0.00772038,0.99993073,-0.00006864,1
20.140000,-0.25781178,0.13457842,-0.67200202,-1.25264788,0.99226505,-1.36644959,1.19731855,-0.265466,-0.062667,0.110394,-0.300000,-0.142860,0.117455,0.020590,-0.003840,0.000000,0.00813083,0.00850998,0.99993073,-0.00006924,1
20.160000,-0.26828125,0.14053343,-0.68389028,-1.23763740,0.98582798,-1.38165271,1.21052682,-0.264207,-0.062660,0.108183,-0.300000,-0.145426,0.116554,0.020915,-0.001124,0.000000,0.00730775,0.00922645,0.99993073,-0.00006747,1
20.180000,-0.27948898,0.14718039,-0.69678897,-1.22241950,0.97914040,-1.39685440,1.22348058,-0.263135,-0.062661,0.105784,-0.300000,-0.142352,0.118537,0.020883,0.001612,0.000000,0.00642194,0.00986356,0.99993073,-0.00006339,1
20.200000,-0.29070860,0.15450507,-0.70983368,-1.20717561,0.97301203,-1.41205251,1.23530591,-0.262282,-0.062689,0.103385,-0.300000,-0.139278,0.120520,0.020495,0.004320,0.000000,0.00548079,0.01041600,0.99993073,-0.00005714,1
20.220000,-0.30150291,0.16228718,-0.72242332,-1.19193113,0.96789575,-1.42724907,1.24585402,-0.261694,-0.062789,0.101085,-0.300000,-0.136204,0.122504,0.019757,0.006955,0.000000,0.00449262,0.01087886,0.99993073,-0.00004892,1
20.240000,-0.31183779,0.17023963,-0.73433316,-1.17717457,0.96398699,-1.44244504,1.25519586,-0.261376,-0.062964,0.098879,-0.300000,-0.133333,0.122064,0.018682,0.009471,0.000000,0.00346585,0.01124822,0.99993073,-0.00003903,1
20.260000,-0.32177454,0.17790389,-0.74579054,-1.16318011,0.96106941,-1.45764256,1.26358604,-0.261315,-0.063196,0.096652,-0.300000,-0.130632,0.119596,0.017288,0.011825,0.000000,0.00240929,0.01152089,0.99993073,-0.00002780,1
20.280000,-0.33149409,0.18490914,-0.75722861,-1.14972627,0.95865494,-1.47284138,1.27120996,-0.261501,-0.063509,0.094268,-0.300000,-0.127932,0.117127,0.015599,0.013977,0.000000,0.00133203,0.01169452,0.99993073,-0.00001562,1
20.300000,-0.34117752,0.19129919,-0.76891613,-1.13656485,0.95642209,-1.48804045,1.27812362,-0.261903,-0.063958,0.091688,-0.300000,-0.125231,0.114659,0.013644,0.015891,0.000000,0.00024332,0.01176764,0.99993073,-0.00000291,1
20.320000,-0.35087976,0.19724974,-0.78097320,-1.12352395,0.95427465,-1.50323987,1.28439069,-0.262471,-0.064593,0.088925,-0.300000,-0.123781,0.111640,0.011456,0.017534,0.000000,-0.00084756,0.01173959,0.99993073,0.00000991,1
20.340000,-0.36069199,0.20287885,-0.79354799,-1.11039054,0.95207065,-1.51843989,1.29024506,-0.263155,-0.065458,0.085976,-0.300000,-0.123781,0.107982,0.009073,0.018878,0.000000,-0.00193099,0.01161065,0.99993073,0.00002238,1
20.360000,-0.37077713,0.20828672,-0.80685008,-1.09689426,0.94964081,-1.53364110,1.29595447,-0.263900,-0.066598,0.082816,-0.300000,-0.123781,0.104323,0.006535,0.019899,0.000000,-0.00299791,0.01138189,0.99993073,0.00003408,1
20.380000,-0.38118911,0.21360157,-0.82097828,-1.08292663,0.94694453,-1.54884231,1.30149841,-0.264643,-0.068031,0.079450,-0.300000,-0.123781,0.100665,0.003885,0.020582,0.000000,-0.00403907,0.01105531,0.99993073,0.00004461,1
20.400000,-0.39189392,0.21891595,-0.83592170,-1.06847501,0.94399524,-1.56404340,1.30681026,-0.265332,-0.069764,0.075905,-0.300000,-0.123781,0.097006,0.001169,0.020912,0.000000,-0.00504561,0.01063365,0.99993073,0.00005361,1
20.420000,-0.40283909,0.22426143,-0.85161209,-1.05358529,0.94083518,-1.57924426,1.31183708,-0.265923,-0.071789,0.072210,-0.300000,-0.123781,0.093348,-0.001566,0.020886,0.000000,-0.00600862,0.01012068,0.99993073,0.00006077,1
20.440000,-0.41396442,0.22963251,-0.86795485,-1.03838062,0.93751109,-1.59444535,1.31653416,-0.266376,-0.074086,0.068393,-0.300000,-0.125867,0.090574,-0.004275,0.020504,0.000000,-0.00692008,0.00952067,0.99993073,0.00006584,1
20.460000,-0.42532384,0.23522815,-0.88482356,-1.02318263,0.93403250,-1.60964596,1.32115006,-0.266650,-0.076629,0.064507,-0.300000,-0.128496,0.088030,-0.006912,0.019772,0.000000,-0.00777207,0.00883884,0.99993073,0.00006866,1
20.480000,-0.43683985,0.24115682,-0.90201467,-1.00798643,0.93052936,-1.62484682,1.32586288,-0.266716,-0.079426,0.060614,-0.300000,-0.131125,0.085485,-0.009430,0.018702,0.000000,-0.00855733,0.00808098,0.99993073,0.00006911,1
20.500000,-0.44837859,0.24737403,-0.91920269,-0.99279404,0.92711568,-1.64004695,1.33063650,-0.266586,-0.082477,0.056780,-0.300000,-0.133754,0.082941,-0.011787,0.017313,0.000000,-0.00926897,0.00725373,0.99993073,0.00006720,1
20.520000,-0.45984277,0.25377023,-0.93634510,-0.97759986,0.92391855,-1.65524793,1.33544421,-0.266215,-0.085754,0.053004,-0.300000,-0.136470,0.083360,-0.013943,0.015630,0.000000,-0.00990091,0.00636422,0.99993073,0.00006297,1
20.540000,-0.47110376,0.26063806,-0.95345408,-0.96241248,0.92117852,-1.67044795,1.34009731,-0.265522,-0.089254,0.049330,-0.300000,-0.139243,0.085745,-0.015861,0.013679,0.000000,-0.01044784,0.00541986,0.99993073,0.00005659,1
20.560000,-0.48198140,0.26825798,-0.97025257,-0.94723433,0.91918254,-1.68564665,1.34450543,-0.264487,-0.093002,0.045851,-0.300000,-0.142017,0.088131,-0.017509,0.011495,0.000000,-0.01090492,0.00442901,0.99993073,0.00004826,1
20.580000,-0.49234170,0.27653128,-0.98634821,-0.93206364,0.91809684,-1.70084453,1.34867883,-0.263152,-0.097003,0.042629,-0.300000,-0.144790,0.090517,-0.018858,0.009114,0.000000,-0.01126827,0.00340009,0.99993073,0.00003827,1
20.600000,-0.50212920,0.28524163,-1.00158715,-0.91689605,0.91799188,-1.71604252,1.35262477,-0.261528,-0.101235,0.039666,-0.300000,-0.145825,0.093701,-0.019885,0.006579,0.000000,-0.01153475,0.00234205,0.99993073,0.00002697,1
20.620000,-0.51120085,0.29421499,-1.01578653,-0.90241075,0.91897374,-1.73123944,1.35603702,-0.259600,-0.105605,0.036978,-0.300000,-0.145825,0.097359,-0.020573,0.003931,0.000000,-0.01170211,0.00126370,0.99993073,0.00001475,1
20.640000,-0.51933718,0.30325690,-1.02872264,-0.88919735,0.92105418,-1.74643517,1.35881591,-0.257380,-0.110029,0.034600,-0.300000,-0.145825,0.101017,-0.020910,0.001215,0.000000,-0.01176886,0.00017459,0.99993073,0.00000201,1
20.660000,-0.52640587,0.31217319,-1.04025865,-0.87743837,0.92412019,-1.76163137,1.36111677,-0.254903,-0.114446,0.032554,-0.300000,-0.145825,0.104676,-0.020890,-0.001521,0.000000,-0.01173445,-0.00091603,0.99993073,-0.00001079,1
20.680000,-0.53237087,0.32081941,-1.05034971,-0.86721301,0.92802262,-1.77682769,1.36311364,-0.252196,-0.118800,0.030842,-0.300000,-0.145825,0.108334,-0.020513,-0.004230,0.000000,-0.01159919,-0.00199868,0.99993073,-0.00002323,1
20.700000,-0.53724223,0.32910433,-1.05900383,-0.85854489,0.93258590,-1.79202473,1.36496925,-0.249285,-0.123039,0.029459,-0.300000,-0.145825,0.111993,-0.019787,-0.006868,0.000000,-0.01136419,-0.00306434,0.99993073,-0.00003487,1
20.720000,-0.54104686,0.33697483,-1.06626022,-0.85142624,0.93762642,-1.80722272,1.36682999,-0.246198,-0.127107,0.028400,-0.300000,-0.145825,0.115651,-0.018723,-0.009388,0.000000,-0.01103152,-0.00410357,0.99993073,-0.00004532,1
20.740000,-0.54382414,0.34439987,-1.07217658,-0.84582442,0.94295138,-1.82132399,1.36884081,-0.242956,-0.130914,0.027658,-0.300000,-0.145825,0.113283,-0.017339,-0.011749,0.000000,-0.01060404,-0.00510755,0.99993073,-0.00005421,1
20.760000,-0.54581338,0.35066590,-1.07727003,-0.84129560,0.94778264,-1.83318973,1.37077761,-0.239620,-0.134277,0.027076,-0.300000,-0.145825,0.109624,-0.015660,-0.013909,0.000000,-0.01008540,-0.00606763,0.99993073,-0.00006124,1
20.780000,-0.54741454,0.35546172,-1.08194220,-0.83736557,0.95139575,-1.84286487,1.37197268,-0.236275,-0.137108,0.026541,-0.300000,-0.145825,0.105966,-0.013714,-0.015831,0.000000,-0.00948009,-0.00697557,0.99993073,-0.00006618,1
20.800000,-0.54890329,0.35886821,-1.08636832,-0.83371609,0.95360935,-1.85074842,1.37227321,-0.232965,-0.139401,0.026011,-0.300000,-0.145825,0.102307,-0.011533,-0.017484,0.000000,-0.00879329,-0.00782357,0.99993073,-0.00006884,1
20.820000,-0.55038208,0.36101514,-1.09063745,-0.83023435,0.95446056,-1.85721791,1.37177312,-0.229707,-0.141157,0.025476,-0.300000,-0.145825,0.098649,-0.009156,-0.018838,0.000000,-0.00803093,-0.00860433,0.99993073,-0.00006915,1
20.840000,-0.55189401,0.36201152,-1.09481466,-0.82686424,0.95400143,-1.86262178,1.37066543,-0.226524,-0.142374,0.024929,-0.300000,-0.145825,0.094991,-0.006622,-0.019871,0.000000,-0.00719954,-0.00931113,0.99993073,-0.00006708,1
20.860000,-0.55349445,0.36197761,-1.09896970,-0.82352179,0.95230132,-1.86730170,1.36917794,-0.223435,-0.143060,0.024363,-0.300000,-0.145825,0.091332,-0.003976,-0.020564,0.000000,-0.00630628,-0.00993792,0.99993073,-0.00006272,1
20.880000,-0.55526435,0.36106083,-1.10319173,-0.82008880,0.94946837,-1.87160635,1.36755478,-0.220455,-0.143234,0.023766,-0.300000,-0.145825,0.087674,-0.001261,-0.020907,0.000000,-0.00535882,-0.01047928,0.99993073,-0.00005620,1
20.900000,-0.55729866,0.35942799,-1.10759199,-0.81643146,0.94563973,-1.87588251,1.36604238,-0.217590,-0.142924,0.023120,-0.300000,-0.145825,0.084015,0.001475,-0.020893,0.000000,-0.00436524,-0.01093061,0.99993073,-0.00004776,1
20.920000,-0.55969965,0.35725647,-1.11229765,-0.81240809,0.94096762,-1.88046622,1.36487842,-0.214842,-0.142164,0.022403,-0.300000,-0.146209,0.080741,0.004185,-0.020523,0.000000,-0.00333430,-0.01128792,0.99993073,-0.00003768,1
20.940000,-0.56261855,0.35482329,-1.11743891,-0.80780703,0.93566048,-1.88576782,1.36434269,-0.212207,-0.141014,0.021595,-0.300000,-0.149868,0.080741,0.006824,-0.019802,0.000000,-0.00227464,-0.01154823,0.99993073,-0.00002631,1
20.960000,-0.56654263,0.35315716,-1.12308800,-0.80191988,0.93037379,-1.89293516,1.36520207,-0.209645,-0.139710,0.020704,-0.300000,-0.153526,0.080741,0.009347,-0.018744,0.000000,-0.00119542,-0.01170928,0.99993073,-0.00001404,1
20.980000,-0.57165962,0.35271338,-1.12940264,-0.79450440,0.92584938,-1.90280485,1.36814165,-0.207072,-0.138393,0.019697,-0.300000,-0.157185,0.080741,0.011711,-0.017365,0.000000,-0.00010585,-0.01176968,0.99993073,-0.00000129,1
21.000000,-0.57791376,0.35354999,-1.13647878,-0.78572613,0.92228442,-1.91552067,1.37328672,-0.204477,-0.137077,0.018553,-0.300000,-0.160843,0.080741,0.013875,-0.015691,0.000000,0.00098455,-0.01172890,0.99993073,0.00001150,1
21.020000,-0.58515996,0.35559410,-1.14433455,-0.77578712,0.91963261,-1.93072152,1.38050222,-0.201892,-0.135740,0.017275,-0.300000,-0.164501,0.080741,0.015801,-0.013748,0.000000,0.00206639,-0.01158731,0.99993073,0.00002390,1
21.040000,-0.59325582,0.35873425,-1.15295422,-0.76481038,0.91775769,-1.94592905,1.38949978,-0.199360,-0.134294,0.015867,-0.300000,-0.168160,0.080741,0.017458,-0.011571,0.000000,0.00313057,-0.01134612,0.99993073,0.00003548,1
21.060000,-0.60207218,0.36288962,-1.16236520,-0.75268269,0.91639000,-1.96113420,1.39928544,-0.196956,-0.132747,0.014338,-0.300000,-0.171818,0.080741,0.018818,-0.009197,0.000000,0.00416794,-0.01100736,0.99993073,0.00004584,1
21.080000,-0.61164707,0.36798698,-1.17252386,-0.73941547,0.91546440,-1.97633862,1.40965867,-0.194730,-0.131128,0.012679,-0.300000,-0.175477,0.080741,0.019856,-0.006666,0.000000,0.00516940,-0.01057402,0.99993073,0.00005462,1
21.100000,-0.62200981,0.37396482,-1.18340671,-0.72504586,0.91499311,-1.99154294,1.42054677,-0.192710,-0.129468,0.010879,-0.300000,-0.177114,0.082762,0.020555,-0.004021,0.000000,0.00612636,-0.01004984,0.99993073,0.00006153,1
21.120000,-0.63288289,0.38082680,-1.19475317,-0.70998567,0.91515589,-2.00674438,1.43148744,-0.190915,-0.127814,0.008994,-0.300000,-0.177114,0.086420,0.020904,-0.001307,0.000000,0.00703083,-0.00943918,0.99993073,0.00006633,1
21.140000,-0.64386320,0.38849366,-1.20618606,-0.69487226,0.91611928,-2.02194357,1.44211280,-0.189371,-0.126208,0.007109,-0.300000,-0.177114,0.090079,0.020896,0.001429,0.000000,0.00787480,-0.00874745,0.99993073,0.00006885,1
21.160000,-0.65474105,0.39677593,-1.21750391,-0.67977238,0.91786474,-2.03714180,1.45244491,-0.188121,-0.124702,0.005258,-0.300000,-0.177114,0.093737,0.020532,0.004140,0.000000,0.00865109,-0.00798053,0.99993073,0.00006900,1
21.180000,-0.66548073,0.40554085,-1.22865713,-0.66485679,0.92036575,-2.05234027,1.46251655,-0.187167,-0.123329,0.003435,-0.300000,-0.177114,0.097396,0.019817,0.006781,0.000000,0.00935298,-0.00714510,0.99993073,0.00006679,1
21.200000,-0.67607450,0.41472194,-1.23965549,-0.65017885,0.92357212,-2.06753826,1.47235560,-0.186497,-0.122124,0.001631,-0.300000,-0.177114,0.101054,0.018764,0.009306,0.000000,0.00997458,-0.00624812,0.99993073,0.00006228,1
21.220000,-0.68651676,0.42427915,-1.25052369,-0.63574749,0.92744297,-2.08273649,1.48197365,-0.186094,-0.121123,-0.000165,-0.300000,-0.177114,0.104713,0.017391,0.011673,0.000000,0.01051041,-0.00529752,0.99993073,0.00005564,1
21.240000,-0.69680524,0.43417987,-1.26128697,-0.62156475,0.93194503,-2.09793472,1.49137354,-0.185933,-0.120362,-0.001960,-0.300000,-0.177114,0.108371,0.015721,0.013840,0.000000,0.01095589,-0.00430140,0.99993073,0.00004709,1
21.260000,-0.70693433,0.44439238,-1.27196443,-0.60763633,0.93704718,-2.11313272,1.50054598,-0.185985,-0.119873,-0.003761,-0.300000,-0.177114,0.112030,0.013783,0.015771,0.000000,0.01130718,-0.00326840,0.99993073,0.00003692,1
21.280000,-0.71689326,0.45488364,-1.28256571,-0.59397572,0.94271857,-2.12833071,1.50947762,-0.186218,-0.119684,-0.005574,-0.300000,-0.177114,0.115688,0.011610,0.017433,0.000000,0.01156132,-0.00220715,0.99993073,0.00002548,1
21.300000,-0.72666389,0.46561813,-1.29309070,-0.58060414,0.94892859,-2.14352870,1.51815081,-0.186596,-0.119819,-0.007400,-0.300000,-0.177114,0.119347,0.009238,0.018797,0.000000,0.01171606,-0.00112701,0.99993073,0.00001316,1
21.320000,-0.73622221,0.47655791,-1.30352974,-0.56755102,0.95564395,-2.15872669,1.52654314,-0.187081,-0.120295,-0.009236,-0.300000,-0.177114,0.123005,0.006709,0.019841,0.000000,0.01177010,-0.00003719,0.99993073,0.00000039,1
21.340000,-0.74554032,0.48766309,-1.31386900,-0.55484915,0.96282661,-2.17392421,1.53463340,-0.187634,-0.121127,-0.011081,-0.300000,-0.177114,0.126664,0.004066,0.020547,0.000000,0.01172295,0.00105294,0.99993073,-0.00001239,1
21.360000,-0.75458878,0.49889383,-1.32408702,-0.54253459,0.97043353,-2.18912172,1.54240108,-0.188215,-0.122321,-0.012929,-0.300000,-0.177114,0.130322,0.001353,0.020901,0.000000,0.01157504,0.00213404,0.99993073,-0.00002475,1
21.380000,-0.76333356,0.51020980,-1.33415914,-0.53064823,0.97841811,-2.20431900,1.54982257,-0.188783,-0.123877,-0.014774,-0.300000,-0.177114,0.133980,-0.001383,0.020899,0.000000,0.01132763,0.00319679,0.99993073,-0.00003626,1
21.400000,-0.77173597,0.52156949,-1.34405327,-0.51923734,0.98673093,-2.21951675,1.55687690,-0.189298,-0.125790,-0.016606,-0.300000,-0.177114,0.137639,-0.004095,0.020541,0.000000,0.01098283,0.00423216,0.99993073,-0.00004653,1
21.420000,-0.77975339,0.53293163,-1.35373187,-0.50835747,0.99531901,-2.23471427,1.56354547,-0.189719,-0.128050,-0.018416,-0.300000,-0.177114,0.138703,-0.006738,0.019832,0.000000,0.01054368,0.00523099,0.99993073,-0.00005520,1
21.440000,-0.78743106,0.54398876,-1.36327934,-0.49797174,1.00395262,-2.24989200,1.56983590,-0.190024,-0.130593,-0.020230,-0.300000,-0.177114,0.135044,-0.009265,0.018784,0.000000,0.01001388,0.00618496,0.99993073,-0.00006198,1
21.460000,-0.79499161,0.55417883,-1.37293899,-0.48788747,1.01216352,-2.26388073,1.57570851,-0.190210,-0.133256,-0.022127,-0.300000,-0.177114,0.131386,-0.011635,0.017416,0.000000,0.00939801,0.00708577,0.99993073,-0.00006664,1
21.480000,-0.80257165,0.56343055,-1.38283360,-0.47790644,1.01967502,-2.27639890,1.58062041,-0.190270,-0.135970,-0.024133,-0.300000,-0.177114,0.127727,-0.013805,0.015751,0.000000,0.00870130,0.00792576,0.99993073,-0.00006901,1
21.500000,-0.81019354,0.57178801,-1.39296114,-0.46795765,1.02644074,-2.28750372,1.58438385,-0.190180,-0.138712,-0.026241,-0.300000,-0.177114,0.124069,-0.015741,0.013818,0.000000,0.00792986,0.00869756,0.99993073,-0.00006902,1
21.520000,-0.81782180,0.57926041,-1.40327203,-0.45808592,1.03244066,-2.29726934,1.58697236,-0.189912,-0.141451,-0.028436,-0.300000,-0.177114,0.120410,-0.017407,0.011648,0.000000,0.00709035,0.00939455,0.99993073,-0.00006666,1
21.540000,-0.82538348,0.58583796,-1.41369712,-0.44837686,1.03762794,-2.30573153,1.58840096,-0.189447,-0.144151,-0.030696,-0.300000,-0.177114,0.116752,-0.018777,0.009280,0.000000,0.00618983,0.01001086,0.99993073,-0.00006201,1
21.560000,-0.83278692,0.59149539,-1.42416346,-0.43892649,1.04192996,-2.31289744,1.58868825,-0.188773,-0.146767,-0.032996,-0.300000,-0.179805,0.118033,-0.019827,0.006753,0.000000,0.00523604,0.01054117,0.99993073,-0.00005524,1
21.580000,-0.84015167,0.59700537,-1.43447137,-0.42946622,1.04575169,-2.31946206,1.58820975,-0.187860,-0.149410,-0.035287,-0.300000,-0.182880,0.120016,-0.020538,0.004111,0.000000,0.00423734,0.01098083,0.99993073,-0.00004658,1
21.600000,-0.84743971,0.60270327,-1.44453561,-0.41998187,1.04956579,-2.32589579,1.58747280,-0.186648,-0.152136,-0.037548,-0.300000,-0.185954,0.121999,-0.020898,0.001399,0.000000,0.00320231,0.01132608,0.99993073,-0.00003632,1
21.620000,-0.85455209,0.60860008,-1.45429146,-0.41061717,1.05347300,-2.33230305,1.58666646,-0.185117,-0.154914,-0.039760,-0.300000,-0.188920,0.122692,-0.020902,-0.001337,0.000000,0.00213958,0.01157402,0.99993073,-0.00002481,1
21.640000,-0.86145049,0.61449450,-1.46373737,-0.40145403,1.05733001,-2.33862782,1.58583009,-0.183280,-0.157666,-0.041924,-0.300000,-0.191620,0.120223,-0.020550,-0.004050,0.000000,0.00105856,0.01172245,0.99993073,-0.00001245,1
21.660000,-0.86818618,0.61993110,-1.47297907,-0.39250156,1.06075966,-2.34474754,1.58490336,-0.181178,-0.160258,-0.044071,-0.300000,-0.194320,0.117755,-0.019847,-0.006694,0.000000,-0.00003155,0.01177011,0.99993073,0.00000033,1
21.680000,-0.87487435,0.62484205,-1.48204505,-0.38367221,1.06356990,-2.35068822,1.58377945,-0.178849,-0.162617,-0.046214,-0.300000,-0.197021,0.115287,-0.018805,-0.009224,0.000000,-0.00112131,0.01171661,0.99993073,0.00001310,1
21.700000,-0.88158447,0.62928057,-1.49094677,-0.37487602,1.06577754,-2.35659528,1.58250511,-0.176312,-0.164712,-0.048356,-0.300000,-0.199194,0.112572,-0.017442,-0.011596,0.000000,-0.00220161,0.01156238,0.99993073,0.00002541,1
21.720000,-0.88829231,0.63321859,-1.49967277,-0.36614981,1.06738448,-2.36249685,1.58110428,-0.173589,-0.166501,-0.050493,-0.300000,-0.199361,0.108917,-0.015782,-0.013771,0.000000,-0.00326290,0.01130877,0.99993073,0.00003686,1
21.740000,-0.89476120,0.63635099,-1.50813818,-0.35780033,1.06817186,-2.36799741,1.57934952,-0.170720,-0.167892,-0.052590,-0.300000,-0.199529,0.105262,-0.013852,-0.015710,0.000000,-0.00429615,0.01095795,0.99993073,0.00004704,1
21.760000,-0.90092230,0.63856393,-1.51626348,-0.34987122,1.06793332,-2.37296796,1.57709885,-0.167772,-0.168830,-0.054624,-0.300000,-0.199697,0.101608,-0.011686,-0.017382,0.000000,-0.00529241,0.01051299,0.99993073,0.00005560,1
21.780000,-0.90682286,0.63988024,-1.52404284,-0.34228286,1.06666100,-2.37748885,1.57440090,-0.164787,-0.169296,-0.056595,-0.300000,-0.199865,0.097953,-0.009321,-0.018757,0.000000,-0.00624334,0.00997758,0.99993073,0.00006225,1
21.800000,-0.91254085,0.64039278,-1.53152347,-0.33493108,1.06444657,-2.38172960,1.57139134,-0.161790,-0.169283,-0.058508,-0.300000,-0.198958,0.094443,-0.006796,-0.019812,0.000000,-0.00714054,0.00935645,0.99993073,0.00006677,1
21.820000,-0.91801918,0.64012796,-1.53871500,-0.32788211,1.06135321,-2.38565445,1.56808460,-0.158806,-0.168779,-0.060355,-0.300000,-0.197832,0.090962,-0.004156,-0.020529,0.000000,-0.00797638,0.00865491,0.99993073,0.00006900,1
21.840000,-0.92325026,0.63912755,-1.54547536,-0.32113659,1.05739522,-2.38928413,1.56451881,-0.155901,-0.167797,-0.062111,-0.300000,-0.196706,0.087481,-0.001445,-0.020895,0.000000,-0.00874367,0.00787899,0.99993073,0.00006885,1
21.860000,-0.92832470,0.63745147,-1.55118525,-0.31460726,1.05268300,-2.39270234,1.56080925,-0.153230,-0.166451,-0.063709,-0.300000,-0.195580,0.084000,0.001291,-0.020905,0.000000,-0.00943581,0.00703535,0.99993073,0.00006635,1
21.880000,-0.93335950,0.63515025,-1.55583870,-0.30814099,1.04743040,-2.39599633,1.55706584,-0.150835,-0.164781,-0.065160,-0.300000,-0.192252,0.082835,0.004005,-0.020559,0.000000,-0.01004685,0.00613125,0.99993073,0.00006156,1
21.900000,-0.93813539,0.63238043,-1.55962849,-0.30196401,1.04185343,-2.39884233,1.55302489,-0.148677,-0.162783,-0.066462,-0.300000,-0.188719,0.081885,0.006650,-0.019861,0.000000,-0.01057158,0.00517439,0.99993073,0.00005466,1
21.920000,-0.94250792,0.62916315,-1.56272185,-0.29615486,1.03598154,-2.40110707,1.54857910,-0.146761,-0.160449,-0.067613,-0.300000,-0.185186,0.080935,0.009182,-0.018825,0.000000,-0.01100536,0.00417321,0.99993073,0.00004589,1
21.940000,-0.94649857,0.62552249,-1.56524956,-0.29067719,1.02983868,-2.40280652,1.54375660,-0.145106,-0.157786,-0.068629,-0.300000,-0.182372,0.082764,0.011558,-0.017467,0.000000,-0.01134459,0.00313610,0.99993073,0.00003554,1
21.960000,-0.95022213,0.62193513,-1.56730795,-0.28535095,1.02379155,-2.40420389,1.53874505,-0.143712,-0.154889,-0.069523,-0.300000,-0.179743,0.085308,0.013736,-0.015812,0.000000,-0.01158630,0.00207204,0.99993073,0.00002397,1
21.980000,-0.95371264,0.61868030,-1.56899619,-0.28010026,1.01820087,-2.40555096,1.53381598,-0.142571,-0.151845,-0.070309,-0.300000,-0.177114,0.087852,0.015680,-0.013886,0.000000,-0.01172843,0.00099008,0.99993073,0.00001157,1
22.000000,-0.95699453,0.61584985,-1.57000124,-0.27494362,1.01319981,-2.40694547,1.52912533,-0.141701,-0.148841,-0.070955,-0.300000,-0.000140,0.100000,0.017356,-0.011724,0.000000,-0.01176970,-0.00010305,0.99993070,-0.00023522,0
22.020000,-0.95124185,0.60383874,-1.56937003,-0.29036805,0.99964112,-2.39178348,1.51392126,-0.140010,-0.143098,-0.070805,-0.299999,-0.000558,0.100000,0.018736,-0.009362,0.000000,-0.01170875,-0.00120061,0.99993028,-0.00094374,0
22.040000,-0.94174659,0.58949488,-1.56357765,-0.30602345,0.98443812,-2.37655091,1.49871767,-0.139727,-0.138087,-0.069539,-0.299997,-0.001247,0.100000,0.019797,-0.006840,0.000000,-0.01154460,-0.00229301,0.99992852,-0.00210428,0
22.060000,-0.93203580,0.57500350,-1.55516076,-0.32151198,0.96928644,-2.36133647,1.48351395,-0.140258,-0.133539,-0.067892,-0.299992,-0.002202,0.100000,0.020519,-0.004201,0.000000,-0.01127722,-0.00337030,0.99992386,-0.00370675,0
22.080000,-0.92233831,0.56044555,-1.54577279,-0.33694440,0.95416242,-2.34612966,1.46831024,-0.141288,-0.129208,-0.066074,-0.299981,-0.003416,0.100000,0.020892,-0.001491,0.000000,-0.01090766,-0.00442226,0.99991425,-0.00574144,0
22.100000,-0.91268176,0.54584163,-1.53602982,-0.35235199,0.93905234,-2.33092523,1.45310652,-0.142705,-0.125040,-0.064157,-0.299960,-0.004886,0.100000,0.020908,0.001245,0.000000,-0.01043795,-0.00543889,0.99989712,-0.00819846,0
22.120000,-0.90307081,0.53120023,-1.52619612,-0.36774561,0.92395121,-2.31572247,1.43798077,-0.144460,-0.121040,-0.062169,-0.299927,-0.006603,0.100000,0.020567,0.003960,0.000000,-0.00987098,-0.00641054,0.99986947,-0.01106818,0
22.140000,-0.89350522,0.51652580,-1.51641309,-0.38312882,0.90885699,-2.30052352,1.42428422,-0.146522,-0.117236,-0.060129,-0.299878,-0.008564,0.100000,0.019876,0.006607,0.000000,-0.00921093,-0.00732730,0.99982789,-0.01434090,0
22.160000,-0.88397878,0.50181919,-1.50689590,-0.39849648,0.89377016,-2.28532648,1.41217339,-0.148836,-0.113642,-0.058060,-0.299807,-0.010762,0.100000,0.018845,0.009141,0.000000,-0.00846279,-0.00817993,0.99976858,-0.01800697,0
22.180000,-0.87448806,0.48708493,-1.49777341,-0.41385266,0.87868845,-2.27012968,1.40152109,-0.151358,-0.110284,-0.055981,-0.299710,-0.013190,0.100000,0.017493,0.011520,0.000000,-0.00763268,-0.00895949,0.99968744,-0.02205667,0
22.200000,-0.86502755,0.47232729,-1.48909318,-0.42919949,0.86361122,-2.25493240,1.39219368,-0.154055,-0.107197,-0.053898,-0.299581,-0.015844,0.100000,0.015842,0.013701,0.000000,-0.00672734,-0.00965782,0.99958004,-0.02648043,0
22.220000,-0.85558933,0.45754892,-1.48086333,-0.44453719,0.84865552,-2.23973370,1.38408840,-0.156885,-0.104433,-0.051824,-0.299416,-0.018717,0.100000,0.013921,0.015650,0.000000,-0.00575484,-0.01026710,0.99944171,-0.03126884,0
22.240000,-0.84616292,0.44274905,-1.47306716,-0.45986474,0.83445793,-2.22453380,1.37711203,-0.159747,-0.102101,-0.049793,-0.299207,-0.021802,0.100000,0.011762,0.017330,0.000000,-0.00472377,-0.01078047,0.99926754,-0.03641229,0
22.260000,-0.83674353,0.42793483,-1.46565330,-0.47518417,0.82104611,-2.20933366,1.37112606,-0.162609,-0.100237,-0.047808,-0.298949,-0.025093,0.100000,0.009403,0.018716,0.000000,-0.00364366,-0.01119185,0.99905243,-0.04190127,0
22.280000,-0.82732266,0.41310856,-1.45856309,-0.49049464,0.80835575,-2.19413352,1.36603367,-0.165449,-0.098861,-0.045865,-0.298635,-0.028584,0.100000,0.006883,0.019782,0.000000,-0.00252435,-0.01149620,0.99879110,-0.04772641,0
22.300000,-0.81789154,0.39899141,-1.45173752,-0.50579423,0.79630542,-2.17893171,1.36175776,-0.168253,-0.098029,-0.043924,-0.298260,-0.032268,0.100000,0.004246,0.020510,0.000000,-0.00137676,-0.01168933,0.99847816,-0.05387796,0
22.320000,-0.80843908,0.38589248,-1.44511640,-0.52108485,0.78506887,-2.16372919,1.35837626,-0.170973,-0.097796,-0.041972,-0.297815,-0.036138,0.100000,0.001536,0.020889,0.000000,-0.00021194,-0.01176824,0.99810808,-0.06034663,0
22.340000,-0.79895490,0.37376264,-1.43864596,-0.53636473,0.77468646,-2.14852691,1.35583770,-0.173565,-0.098173,-0.040012,-0.297296,-0.040187,0.100000,-0.001199,0.020911,0.000000,0.00095861,-0.01173105,0.99767530,-0.06712268,0
22.360000,-0.78942990,0.36249015,-1.43227077,-0.55163342,0.76510882,-2.13332510,1.35402501,-0.175999,-0.099150,-0.038043,-0.296695,-0.044407,0.100000,-0.003915,0.020576,0.000000,0.00212315,-0.01157707,0.99717419,-0.07419636,0
22.380000,-0.77985537,0.35196415,-1.42593670,-0.56689066,0.75626856,-2.11812353,1.35281599,-0.178241,-0.100706,-0.036065,-0.296006,-0.048791,0.100000,-0.006563,0.019890,0.000000,0.00326986,-0.01130679,0.99659909,-0.08155810,0
22.400000,-0.77022195,0.34207821,-1.41958666,-0.58213538,0.74809432,-2.10292125,1.35209811,-0.180265,-0.102818,-0.034076,-0.295222,-0.053332,0.100000,-0.009100,0.018865,0.000000,0.00438689,-0.01092199,0.99594438,-0.08919783,0
22.420000,-0.76052141,0.33273241,-1.41316760,-0.59736747,0.74051392,-2.08771944,1.35176551,-0.182041,-0.105456,-0.032076,-0.294336,-0.058020,0.100000,-0.011481,0.017518,0.000000,0.00546258,-0.01042562,0.99520448,-0.09710565,0
22.440000,-0.75074565,0.32383475,-1.40663075,-0.61258614,0.73345739,-2.07251787,1.35172689,-0.183545,-0.108584,-0.030064,-0.293343,-0.062849,0.100000,-0.013666,0.015872,0.000000,0.00648552,-0.00982193,0.99437387,-0.10527144,0
22.460000,-0.74088764,0.31530201,-1.39993286,-0.62779146,0.72685897,-2.05731726,1.35189974,-0.184753,-0.112163,-0.028040,-0.292236,-0.067810,0.100000,-0.015619,0.013955,0.000000,0.00744475,-0.00911630,0.99344713,-0.11368492,0
22.480000,-0.73094070,0.30706021,-1.39303398,-0.64298320,0.72065789,-2.04211736,1.35221612,-0.185644,-0.116151,-0.026004,-0.291009,-0.072894,0.100000,-0.017305,0.011800,0.000000,0.00832988,-0.00831527,0.99241901,-0.12233552,0
22.500000,-0.72089940,0.29904452,-1.38590097,-0.65816098,0.71479851,-2.02691865,1.35261548,-0.186200,-0.120502,-0.023957,-0.289658,-0.078092,0.100000,-0.018695,0.009444,0.000000,0.00913097,-0.00742668,0.99128438,-0.13121262,0
22.520000,-0.71075892,0.29119867,-1.37850642,-0.67332524,0.70922959,-2.01171994,1.35304606,-0.186407,-0.125168,-0.021900,-0.288175,-0.083396,0.100000,-0.019766,0.006927,0.000000,0.00983924,-0.00645907,0.99003829,-0.14030557,0
22.540000,-0.70051545,0.28347552,-1.37082958,-0.68847603,0.70390487,-1.99652147,1.35346067,-0.186253,-0.130097,-0.019834,-0.286558,-0.088796,0.100000,-0.020501,0.004291,0.000000,0.01044657,-0.00542217,0.98867603,-0.14960343,0
22.560000,-0.69016629,0.27583662,-1.36285543,-0.70361346,0.69878215,-1.98132253,1.35381651,-0.185732,-0.135239,-0.017763,-0.284800,-0.094282,0.100000,-0.020885,0.001582,0.000000,0.01094595,-0.00432640,0.98719314,-0.15909484,0
22.580000,-0.67970985,0.26825145,-1.35457253,-0.71873832,0.69382578,-1.96612382,1.35407794,-0.184844,-0.140542,-0.015688,-0.282897,-0.099846,0.100000,-0.020913,-0.001154,0.000000,0.01133137,-0.00318321,0.98558540,-0.16876877,0
22.600000,-0.66914487,0.26069671,-1.34597123,-0.73385119,0.68900496,-1.95092535,1.35421288,-0.183590,-0.145954,-0.013613,-0.280846,-0.105477,0.100000,-0.020585,-0.003870,0.000000,0.01159810,-0.00200448,0.98384885,-0.17861382,0
22.620000,-0.65847212,0.25315627,-1.33704495,-0.74895239,0.68429554,-1.93572676,1.35419714,-0.181979,-0.151427,-0.011541,-0.278643,-0.111166,0.100000,-0.019905,-0.006519,0.000000,0.01174270,-0.00080243,0.98197995,-0.18861826,0
22.640000,-0.64769256,0.24562083,-1.32779086,-0.76404291,0.67968029,-1.92052865,1.35401022,-0.180024,-0.156915,-0.009473,-0.276286,-0.116903,0.100000,-0.018885,-0.009058,0.000000,0.01176298,0.00041019,0.97997535,-0.19877066,0
22.660000,-0.63680863,0.23808692,-1.31820619,-0.77912366,0.67514700,-1.90533030,1.35363591,-0.177742,-0.162371,-0.007413,-0.273770,-0.122677,0.100000,-0.017543,-0.011443,0.000000,0.01165810,0.00162022,0.97783218,-0.20905906,0
22.680000,-0.62582326,0.23055692,-1.30829096,-0.79419529,0.67068994,-1.89013219,1.35306180,-0.175154,-0.167755,-0.005364,-0.271096,-0.128479,0.100000,-0.015902,-0.013632,0.000000,0.01142866,0.00281464,0.97554781,-0.21947194,0
22.700000,-0.61474049,0.22303799,-1.29804766,-0.80925906,0.66630930,-1.87493443,1.35227883,-0.172284,-0.173030,-0.003328,-0.268261,-0.134299,0.100000,-0.013990,-0.015588,0.000000,0.01107655,0.00398073,0.97312010,-0.22999726,0
22.720000,-0.60356486,0.21554175,-1.28747940,-0.82431561,0.66201007,-1.85973740,1.35127890,-0.169161,-0.178162,-0.001307,-0.265263,-0.140126,0.100000,-0.011838,-0.017279,0.000000,0.01060516,0.00510550,0.97054721,-0.24062332,0
22.740000,-0.59230173,0.20808490,-1.27659070,-0.83936590,0.65780252,-1.84454060,1.35005820,-0.165815,-0.183124,0.000698,-0.262104,-0.145951,0.100000,-0.009485,-0.018674,0.000000,0.01001913,0.00617669,0.96782774,-0.25133826,0
22.760000,-0.58095700,0.20068751,-1.26538575,-0.85441059,0.65370303,-1.82934391,1.34861171,-0.162279,-0.187891,0.002686,-0.258782,-0.151763,0.100000,-0.006970,-0.019751,0.000000,0.00932452,0.00718239,0.96496069,-0.26213036,0
22.780000,-0.56953710,0.19337018,-1.25387025,-0.86945063,0.64973223,-1.81414711,1.34693682,-0.158587,-0.192446,0.004657,-0.255298,-0.157552,0.100000,-0.004336,-0.020491,0.000000,0.00852838,0.00811165,0.96194549,-0.27298782,0
22.800000,-0.55804902,0.18615326,-1.24205089,-0.88448656,0.64591485,-1.79895020,1.34502780,-0.154774,-0.196774,0.006610,-0.251655,-0.163309,0.100000,-0.001628,-0.020882,0.000000,0.00763928,0.00895391,0.95878186,-0.28389932,0
22.820000,-0.54649913,0.17905599,-1.22993612,-0.89951897,0.64227873,-1.78375304,1.34288013,-0.150875,-0.200867,0.008547,-0.247853,-0.169024,0.100000,0.001107,-0.020916,0.000000,0.00666665,0.00969981,0.95547017,-0.29485289,0
22.840000,-0.53489435,0.17209636,-1.21753275,-0.91454881,0.63885397,-1.76855600,1.34048712,-0.146927,-0.204722,0.010468,-0.243894,-0.174687,0.100000,0.003824,-0.020593,0.000000,0.00562095,0.01034094,0.95201096,-0.30583754,0
22.860000,-0.52324140,0.16528729,-1.20485163,-0.92957592,0.63567287,-1.75335884,1.33784401,-0.142963,-0.208337,0.012375,-0.239783,-0.180289,0.100000,0.006476,-0.019919,0.000000,0.00451348,0.01087008,0.94840533,-0.31684193,0
22.880000,-0.51154709,0.15863521,-1.19190359,-0.94460046,0.63276660,-1.73816156,1.33494389,-0.139016,-0.211718,0.014268,-0.235522,-0.185821,0.100000,0.009017,-0.018905,0.000000,0.00335631,0.01128122,0.94465472,-0.32785503,0
22.900000,-0.49981743,0.15214473,-1.17870140,-0.95962316,0.63016617,-1.72296429,1.33178008,-0.135119,-0.214873,0.016148,-0.231116,-0.191274,0.100000,0.011404,-0.017568,0.000000,0.00216206,0.01156967,0.94076105,-0.33886593,0
22.920000,-0.48805827,0.14582144,-1.16525793,-0.97464395,0.62790275,-1.70776677,1.32834637,-0.131302,-0.217815,0.018018,-0.226568,-0.196639,0.100000,0.013597,-0.015932,0.000000,0.00094383,0.01173209,0.93672659,-0.34986393,0
22.940000,-0.47627410,0.13967343,-1.15166461,-0.98966295,0.62600756,-1.69256926,1.32463777,-0.127579,-0.220542,0.019866,-0.221884,-0.201909,0.100000,0.015557,-0.014024,0.000000,-0.00028503,0.01176659,0.93255398,-0.36083867,0
22.960000,-0.46446878,0.13372736,-1.13809323,-1.00468123,0.62448663,-1.67737174,1.32062376,-0.123958,-0.223038,0.021675,-0.217070,-0.207076,0.100000,0.017253,-0.011876,0.000000,-0.00151098,0.01167270,0.92824635,-0.37177975,0
22.980000,-0.45264709,0.12802358,-1.12457013,-1.01969755,0.62332284,-1.66217363,1.31625426,-0.120468,-0.225326,0.023451,-0.212132,-0.212132,0.100000,0.018653,-0.009526,0.000000,-0.00272064,0.01145138,0.92380724,-0.38267695,0
23.000000,-0.44081143,0.12257069,-1.11109328,-1.03471303,0.62253314,-1.64697516,1.31154144,-0.117131,-0.227437,0.025201,-0.207076,-0.217070,0.100000,0.019736,-0.007013,0.000000,-0.00390041,0.01110510,0.91924045,-0.39352059,0
23.020000,-0.42896369,0.11736890,-1.09766197,-1.04972720,0.62213224,-1.63177633,1.30650008,-0.113969,-0.229402,0.026930,-0.201909,-0.221884,0.100000,0.020482,-0.004381,0.000000,-0.00503760,0.01063763,0.91455033,-0.40430084,0
23.040000,-0.41710457,0.11242223,-1.08427548,-1.06474066,0.62213546,-1.61657679,1.30114865,-0.110996,-0.231253,0.028647,-0.196639,-0.226568,0.100000,0.020878,-0.001674,0.000000,-0.00611962,0.01005417,0.90974159,-0.41500807,0
23.060000,-0.40523392,0.10773695,-1.07093179,-1.07975340,0.62255800,-1.60137737,1.29551125,-0.108222,-0.233026,0.030359,-0.191274,-0.231116,0.100000,0.020918,0.001062,0.000000,-0.00713469,0.00936118,0.90481927,-0.42563312,0
23.080000,-0.39335099,0.10331804,-1.05762792,-1.09476495,0.62341690,-1.58617747,1.28961468,-0.105653,-0.234756,0.032073,-0.185821,-0.235522,0.100000,0.020601,0.003779,0.000000,-0.00807157,0.00856646,0.89978890,-0.43616671,0
23.100000,-0.38145345,0.09916749,-1.04436195,-1.10977530,0.62473339,-1.57097697,1.28348291,-0.103286,-0.236476,0.033798,-0.180289,-0.239783,0.100000,0.019933,0.006432,0.000000,-0.00892009,0.00767889,0.89465638,-0.44659986,0
23.120000,-0.36953825,0.09528617,-1.03113043,-1.12478530,0.62653023,-1.55577612,1.27713931,-0.101118,-0.238218,0.035541,-0.174687,-0.243894,0.100000,0.018925,0.008975,0.000000,-0.00967120,0.00670821,0.88942783,-0.45692407,0
23.140000,-0.35760143,0.09167533,-1.01792991,-1.13979530,0.62883079,-1.54057479,1.27060664,-0.099139,-0.240014,0.037310,-0.169024,-0.247853,0.100000,0.017593,0.011366,0.000000,-0.01031682,0.00566518,0.88411018,-0.46713024,0
23.160000,-0.34563816,0.08833545,-1.00475609,-1.15480626,0.63166004,-1.52537298,1.26390827,-0.097333,-0.241889,0.039112,-0.163309,-0.251655,0.100000,0.015961,0.013562,0.000000,-0.01085002,0.00456152,0.87871023,-0.47721044,0
23.180000,-0.33364296,0.08526576,-0.99160540,-1.16981816,0.63504380,-1.51017082,1.25706828,-0.095683,-0.243870,0.040955,-0.157552,-0.255298,0.100000,0.014058,0.015527,0.000000,-0.01126525,0.00340943,0.87323571,-0.48715589,0
23.200000,-0.32160926,0.08246420,-0.97847331,-1.18483090,0.63900709,-1.49496818,1.25011110,-0.094168,-0.245976,0.042845,-0.151763,-0.258782,0.100000,0.011914,0.017226,0.000000,-0.01155837,0.00222135,0.86769422,-0.49695896,0
23.220000,-0.30953014,0.07992740,-0.96535587,-1.19984555,0.64357442,-1.47976542,1.24305725,-0.092765,-0.248224,0.044789,-0.145951,-0.262103,0.100000,0.009567,0.018632,0.000000,0.01172645,-0.00101057,-0.86209395,0.50661178,0
23.240000,-0.29739833,0.07764975,-0.95224845,-1.21486342,0.64876741,-1.46456242,1.23592401,-0.091448,-0.250625,0.046791,-0.140127,-0.265263,0.100000,0.007057,0.019720,0.000000,0.01176808,0.00020977,-0.85644357,0.51610647,0
23.260000,-0.28520578,0.07562336,-0.93914682,-1.22988415,0.65460634,-1.44935918,1.22872806,-0.090190,-0.253187,0.048857,-0.134299,-0.268261,0.100000,0.004426,0.020472,0.000000,0.01168325,0.00142633,-0.85075196,0.52543560,0
23.280000,-0.27294427,0.07383753,-0.92604673,-1.24490845,0.66111016,-1.43415558,1.22147727,-0.088964,-0.255912,0.050991,-0.128479,-0.271096,0.100000,0.001720,0.020874,0.000000,0.01147331,0.00262623,-0.84502823,0.53459214,0
23.300000,-0.26060551,0.07227753,-0.91294420,-1.25993693,0.66829407,-1.41895199,1.21417689,-0.087745,-0.258797,0.053195,-0.122677,-0.273771,0.100000,-0.001016,0.020920,0.000000,0.01114105,0.00379633,-0.83928213,0.54356873,0
23.320000,-0.24818110,0.07092509,-0.89983535,-1.27497065,0.67617041,-1.40374815,1.20682478,-0.086506,-0.261835,0.055469,-0.116903,-0.276286,0.100000,-0.003734,0.020610,0.000000,0.01069054,0.00492426,-0.83352321,0.55235906,0
23.340000,-0.23566262,0.06975869,-0.88671613,-1.29001021,0.68474907,-1.38854432,1.19941878,-0.085222,-0.265014,0.057813,-0.111166,-0.278643,0.100000,-0.006388,0.019947,0.000000,0.01012718,0.00599805,-0.82776180,0.56095621,0
23.360000,-0.22304183,0.06875265,-0.87358367,-1.30505550,0.69403964,-1.37334037,1.19195008,-0.083873,-0.268316,0.060225,-0.105477,-0.280846,0.100000,-0.008934,0.018944,0.000000,0.00945741,0.00700671,-0.82200824,0.56935395,0
23.380000,-0.21031092,0.06787531,-0.86043501,-1.32010758,0.70403820,-1.35813642,1.18441892,-0.082437,-0.271723,0.062701,-0.099846,-0.282897,0.100000,-0.011327,0.017618,0.000000,0.00868902,0.00793959,-0.81627286,0.57754661,0
23.400000,-0.19746244,0.06709874,-0.84726828,-1.33516634,0.71474034,-1.34293246,1.17683017,-0.080901,-0.275210,0.065237,-0.094282,-0.284800,0.100000,-0.013527,0.015991,0.000000,0.00783066,0.00878727,-0.81056660,0.58552817,0
23.420000,-0.18448927,0.06640346,-0.83408141,-1.35023296,0.72615260,-1.32772839,1.16918170,-0.079249,-0.278749,0.067828,-0.088796,-0.286558,0.100000,-0.015496,0.014092,0.000000,0.00689192,0.00954127,-0.80490033,0.59329329,0
23.440000,-0.17165850,0.06577428,-0.82087249,-1.36531889,0.73829287,-1.31252384,1.16147530,-0.077452,-0.282311,0.070463,-0.083396,-0.288175,0.100000,-0.017200,0.011952,0.000000,0.00588315,0.01019420,-0.79928513,0.60083671,0
23.460000,-0.15974374,0.06517328,-0.80763805,-1.38044024,0.75125360,-1.29731834,1.15373003,-0.075439,-0.285862,0.073114,-0.078092,-0.289658,0.100000,-0.018611,0.009608,0.000000,0.00481538,0.01073984,-0.79373208,0.60815364,0
23.480000,-0.14912459,0.06452728,-0.79438090,-1.39490950,0.76521069,-1.28211379,1.14596951,-0.073103,-0.289360,0.075744,-0.072894,-0.291009,0.100000,-0.019705,0.007100,0.000000,0.00370007,0.01117321,-0.78825253,0.61523931,0
23.500000,-0.13983437,0.06377517,-0.78110915,-1.40764153,0.78013456,-1.26690960,1.13802600,-0.070336,-0.292788,0.078332,-0.067810,-0.292236,0.100000,-0.020462,0.004471,0.000000,0.00254941,0.01149047,-0.78285767,0.62208949,0
23.520000,-0.13192500,0.06282995,-0.76783210,-1.41858244,0.79543340,-1.25170457,1.12959552,-0.067144,-0.296186,0.080884,-0.062849,-0.293343,0.100000,-0.020870,0.001766,0.000000,0.00137529,0.01168926,-0.77755865,0.62870026,0
23.540000,-0.12535559,0.06162386,-0.75454575,-1.42774498,0.81073171,-1.23649919,1.12061667,-0.063537,-0.299563,0.083402,-0.058020,-0.294336,0.100000,-0.020923,-0.000970,0.000000,0.00019010,0.01176835,-0.77236711,0.63506733,0
23.560000,-0.11998679,0.06015076,-0.74124300,-1.43528306,0.82602304,-1.22129416,1.11108208,-0.059527,-0.302867,0.085889,-0.053332,-0.295222,0.100000,-0.020618,-0.003688,0.000000,-0.00099402,0.01172787,-0.76729417,0.64118727,0
23.580000,-0.11562745,0.05843323,-0.72792584,-1.44146752,0.84130698,-1.20608902,1.10101867,-0.055155,-0.306040,0.088349,-0.048791,-0.296006,0.100000,-0.019961,-0.006345,0.000000,-0.00216481,0.01156916,-0.76235115,0.64705655,0
23.600000,-0.11205679,0.05648917,-0.71459633,-1.44658160,0.85658258,-1.19088435,1.09048104,-0.050475,-0.309030,0.090788,-0.044407,-0.296695,0.100000,-0.018964,-0.008892,0.000000,-0.00331051,0.01129484,-0.75754900,0.65267218,0
23.620000,-0.10905097,0.05432311,-0.70125598,-1.45089483,0.87184983,-1.17568040,1.07953215,-0.045551,-0.311787,0.093208,-0.040187,-0.297296,0.100000,-0.017643,-0.011288,0.000000,-0.00441993,0.01090864,-0.75289904,0.65803077,0
23.640000,-0.10640328,0.05192743,-0.68790776,-1.45464873,0.88710856,-1.16047704,1.06823349,-0.040452,-0.314271,0.095606,-0.036138,-0.297815,0.100000,-0.016021,-0.013492,0.000000,-0.00548225,0.01041538,-0.74841204,0.66312961,0
23.660000,-0.10393262,0.04928203,-0.67455399,-1.45805299,0.90235901,-1.14527440,1.05664206,-0.035253,-0.316444,0.097977,-0.032268,-0.298260,0.100000,-0.014126,-0.015465,0.000000,-0.00648714,0.00982105,-0.74409912,0.66796554,0
23.680000,-0.10149015,0.04635464,-0.66119778,-1.46128321,0.91760176,-1.13007224,1.04481101,-0.030026,-0.318279,0.100313,-0.028584,-0.298635,0.100000,-0.011990,-0.017174,0.000000,-0.00742520,0.00913252,-0.73997109,0.67253569,0
23.700000,-0.09896029,0.04310558,-0.64784175,-1.46447611,0.93283707,-1.11487055,1.03278732,-0.024844,-0.319756,0.102601,-0.025093,-0.298949,0.100000,-0.009649,-0.018590,0.000000,-0.00828805,0.00835732,-0.73603823,0.67683763,0
23.720000,-0.09626090,0.03949727,-0.63449019,-1.46772659,0.94806570,-1.09966934,1.02060819,-0.019774,-0.320861,0.104830,-0.021802,-0.299207,0.100000,-0.007143,-0.019689,0.000000,-0.00906778,0.00750409,-0.73231145,0.68086813,0
23.740000,-0.09333848,0.03552603,-0.62161750,-1.47110438,0.96327412,-1.08446944,1.00830030,-0.014888,-0.321489,0.106897,-0.018717,-0.299416,0.100000,-0.004516,-0.020452,0.000000,-0.00975777,0.00658189,-0.72880103,0.68462436,0
23.760000,-0.09010257,0.03117623,-0.60931772,-1.47473800,0.97847444,-1.06927001,0.99583024,-0.010266,-0.321621,0.108775,-0.015844,-0.299581,0.100000,-0.001811,-0.020867,0.000000,-0.01035227,0.00560043,-0.72551692,0.68810367,0
23.780000,-0.08649053,0.02642896,-0.59749818,-1.47868252,0.99367154,-1.05407059,0.98322588,-0.005976,-0.321281,0.110476,-0.013190,-0.299710,0.100000,0.000924,-0.020925,0.000000,-0.01084676,0.00456956,-0.72246959,0.69130250,0
23.800000,-0.08251842,0.02125389,-0.58603758,-1.48291302,1.00886703,-1.03887141,0.97053188,-0.002067,-0.320510,0.112012,-0.010762,-0.299807,0.100000,0.003643,-0.020626,0.000000,-0.01123756,0.00349988,-0.71966853,0.69421804,0
23.820000,-0.07823961,0.01562886,-0.57482022,-1.48738241,1.02406085,-1.02367234,0.95779020,0.001423,-0.319346,0.113395,-0.008564,-0.299878,0.100000,0.006301,-0.019975,0.000000,-0.01152224,0.00240188,-0.71712368,0.69684654,0
23.840000,-0.07371215,0.00954835,-0.56374186,-1.49204123,1.03920877,-1.00847316,0.94504541,0.004456,-0.317840,0.114641,-0.006603,-0.299927,0.100000,0.008850,-0.018983,0.000000,-0.01169939,0.00128629,-0.71484462,0.69918426,0
23.860000,-0.06899384,0.00305464,-0.55275655,-1.49681664,1.05243421,-0.99327129,0.93234783,0.006990,-0.316338,0.115811,-0.004886,-0.299960,0.100000,0.011249,-0.017668,0.000000,-0.01176875,0.00016344,-0.71284038,0.70122754,0
23.880000,-0.06412822,-0.00369262,-0.54199517,-1.50122118,1.06341326,-0.97807044,0.91983795,0.009054,-0.314889,0.116893,-0.003416,-0.299981,0.100000,0.013456,-0.016051,0.000000,-0.01173101,-0.00095594,-0.71112038,0.70297175,0
23.900000,-0.05918023,-0.01043890,-0.53178281,-1.50519788,1.07225955,-0.96286982,0.90737075,0.010633,-0.313428,0.117856,-0.002202,-0.299992,0.100000,0.015434,-0.014160,0.000000,-0.01158793,-0.00206176,-0.70969326,0.70441248,0
23.920000,-0.05417813,-0.01696740,-0.52236336,-1.50881922,1.07901073,-0.94766921,0.89487332,0.011690,-0.311923,0.118684,-0.001247,-0.299997,0.100000,0.017148,-0.012027,0.000000,-0.01134223,-0.00314415,-0.70856736,0.70554501,0
23.940000,-0.04913070,-0.02313487,-0.51389492,-1.51212680,1.08368254,-0.93246859,0.88234586,0.012193,-0.310372,0.119369,-0.000558,-0.300000,0.100000,0.018569,-0.009689,0.000000,-0.01099754,-0.00419370,-0.70775140,0.70636352,0
23.960000,-0.04408965,-0.02886166,-0.50646681,-1.51509726,1.08632815,-0.91726774,0.86978287,0.012127,-0.308783,0.119902,-0.000140,-0.300000,0.100000,0.019674,-0.007187,0.000000,-0.01055833,-0.00520153,-0.70725314,0.70686241,0
23.980000,-0.03917783,-0.03412469,-0.50008672,-1.51764500,1.08710408,-0.90206629,0.85713547,0.011498,-0.307167,0.120278,-0.000000,-0.300000,0.100000,0.020442,-0.004561,0.000000,-0.01002985,-0.00615933,-0.70707995,0.70703565,0
24.000000,-0.03457343,-0.03894488,-0.49470466,-1.51964223,1.08624768,-0.88686424,0.84432751,0.010473,-0.305540,0.120498,-0.058560,-0.300000,0.065359,0.020863,-0.001858,0.000000,-0.00941638,-0.00706172,-0.70707152,0.70704408,1
24.020000,-0.02470840,-0.05128238,-0.50078374,-1.53430033,1.08282018,-0.87167072,0.82912433,0.006664,-0.302586,0.117121,-0.057120,-0.300000,0.065359,0.020927,0.000878,0.000000,-0.00872197,-0.00790340,-0.70706260,0.70705299,1
24.040000,-0.01073055,-0.06599886,-0.50950366,-1.54944944,1.06776929,-0.85646963,0.81955838,0.002054,-0.301183,0.112815,-0.055680,-0.300000,0.065359,0.020634,0.003598,0.000000,-0.00795259,-0.00867714,-0.70705354,0.70706206,1
24.060000,0.00395696,-0.07771153,-0.51912296,-1.56471753,1.05246818,-0.84127575,0.81186670,-0.002808,-0.299528,0.108780,-0.054240,-0.300000,0.065359,0.019989,0.006257,0.000000,-0.00711478,-0.00937636,-0.70704462,0.70707098,1
24.080000,0.01881050,-0.08681261,-0.52791798,-1.57995868,1.03725314,-0.82607251,0.80440885,-0.007854,-0.298008,0.105277,-0.052800,-0.300000,0.065359,0.019003,0.008809,0.000000,-0.00621587,-0.00999491,-0.70703615,0.70707945,1
24.100000,0.03374584,-0.09413505,-0.53495294,-1.59517860,1.02208602,-0.81086677,0.79706329,-0.013088,-0.296928,0.102321,-0.051360,-0.300000,0.065359,0.017692,0.011211,0.000000,-0.00526361,-0.01052752,-0.70702841,0.70708719,1
24.120000,0.04875323,-0.10009307,-0.54012072,-1.61038959,1.00693595,-0.79566038,0.78983861,-0.018515,-0.296396,0.099853,-0.049920,-0.300000,0.065359,0.016080,0.013421,0.000000,-0.00426602,-0.01096969,-0.70702170,0.70709390,1
24.140000,0.06383871,-0.10470407,-0.54357868,-1.62531817,0.99179286,-0.78045475,0.78266835,-0.024099,-0.296425,0.097845,-0.048480,-0.300000,0.065359,0.014194,0.015402,0.000000,-0.00323167,-0.01131761,-0.70701621,0.70709939,1
24.160000,0.07777721,-0.10786894,-0.54562336,-1.63559341,0.97669083,-0.76525134,0.77536583,-0.029175,-0.296891,0.096251,-0.047040,-0.300000,0.065359,0.012065,0.017121,0.000000,-0.00216962,-0.01156822,-0.70701214,0.70710346,1
24.180000,0.08756813,-0.10965927,-0.54754210,-1.63985264,0.96160275,-0.75004339,0.76591581,-0.033292,-0.297510,0.094959,-0.045600,-0.300000,0.065359,0.009730,0.018548,0.000000,-0.00108901,-0.01171940,-0.70700967,0.70710593,1
24.200000,0.09173988,-0.11054400,-0.55018353,-1.63775039,0.94867581,-0.73483706,0.75340319,-0.036272,-0.297759,0.093769,-0.044160,-0.300000,0.065359,0.007230,0.019658,0.000000,0.00000114,-0.01176988,-0.70700883,0.70710677,1
24.220000,0.09072801,-0.11085853,-0.55346715,-1.63117659,0.93918490,-0.71963120,0.73819953,-0.038372,-0.297508,0.092629,-0.042720,-0.300000,0.065359,0.004606,0.020432,0.000000,0.00109120,-0.01171920,-0.70700966,0.70710594,1
24.240000,0.08585023,-0.11102075,-0.55670154,-1.62184727,0.93224728,-0.70710486,0.72299588,-0.039820,-0.297191,0.091571,-0.041280,-0.300000,0.065359,0.001903,0.020858,0.000000,0.00217187,-0.01156780,-0.70701215,0.70710345,1
24.260000,0.07832282,-0.11113968,-0.56025481,-1.61110067,0.92676121,-0.69948423,0.70779234,-0.040779,-0.297017,0.090493,-0.039840,-0.300000,0.065359,-0.000832,0.020929,0.000000,0.00323378,-0.01131700,-0.70701621,0.70709939,1
24.280000,0.06898656,-0.11097529,-0.56463206,-1.59998989,0.92166185,-0.69653094,0.69382536,-0.041409,-0.297069,0.089348,-0.038400,-0.300000,0.065359,-0.003553,0.020642,0.000000,0.00426807,-0.01096889,-0.70702170,0.70709390,1
24.300000,0.05866529,-0.11011206,-0.57003081,-1.58891892,0.91627043,-0.69746089,0.68413579,-0.041812,-0.297388,0.088173,-0.036960,-0.300000,0.065359,-0.006213,0.020002,0.000000,0.00526557,-0.01052654,-0.70702842,0.70708718,1
24.320000,0.04816113,-0.10807822,-0.57672691,-1.57804275,0.91038221,-0.70202911,0.67915541,-0.042044,-0.297921,0.086992,-0.035520,-0.300000,0.065359,-0.008767,0.019022,0.000000,0.00621781,-0.00999370,-0.70703616,0.70707944,1
24.340000,0.03804051,-0.10464659,-0.58475554,-1.56761837,0.90404236,-0.71017689,0.67884153,-0.042146,-0.298630,0.085836,-0.034080,-0.300000,0.065359,-0.011172,0.017717,0.000000,0.00711653,-0.00937503,-0.70704464,0.70707096,1
24.360000,0.02864605,-0.09989091,-0.59392142,-1.55786633,0.89752734,-0.72168773,0.68294209,-0.042135,-0.299488,0.084720,-0.032640,-0.300000,0.065359,-0.013386,0.016110,0.000000,0.00795421,-0.00867566,-0.70705356,0.70706204,1
24.380000,0.02016266,-0.09407753,-0.60380870,-1.54901314,0.89124519,-0.73584414,0.69065481,-0.042028,-0.300479,0.083661,-0.031200,-0.300000,0.065359,-0.015371,0.014227,0.000000,0.00872344,-0.00790177,-0.70706263,0.70705297,1
24.400000,0.01256089,-0.08761590,-0.61382324,-1.54096889,0.88556737,-0.75104845,0.70090806,-0.041806,-0.301606,0.082682,-0.029760,-0.300000,0.065359,-0.017095,0.012102,0.000000,0.00941770,-0.00705996,-0.70707153,0.70704407,1
24.420000,0.00559691,-0.08095197,-0.62343669,-1.53328037,0.88079858,-0.76625186,0.71225542,-0.041383,-0.302871,0.081788,-0.028320,-0.300000,0.065359,-0.018526,0.009771,0.000000,0.01003100,-0.00615746,-0.70707998,0.70703562,1
24.440000,-0.00107960,-0.07443964,-0.63234997,-1.52562487,0.87718660,-0.78145254,0.72364312,-0.040661,-0.304266,0.080965,-0.026880,-0.300000,0.065359,-0.019642,0.007273,0.000000,0.01055808,-0.00520203,-0.70708764,0.70702796,1
24.460000,-0.00772113,-0.06830561,-0.64045131,-1.51806438,0.87491852,-0.79665267,0.73477572,-0.039602,-0.305747,0.080196,-0.025440,-0.300000,0.065359,-0.020422,0.004650,0.000000,0.01099442,-0.00420187,-0.70709429,0.70702131,1
24.480000,-0.01435269,-0.06266291,-0.64770496,-1.51079094,0.87400049,-0.81185269,0.74558318,-0.038206,-0.307278,0.079470,-0.024000,-0.300000,0.065359,-0.020854,0.001949,0.000000,0.01133626,-0.00316559,-0.70709969,0.70701591,1
24.500000,-0.02087212,-0.05754606,-0.65411210,-1.50398600,0.87429631,-0.82705307,0.75611871,-0.036494,-0.308840,0.078791,-0.022560,-0.300000,0.065359,-0.020930,-0.000786,0.000000,0.01158068,-0.00210210,-0.70710365,0.70701195,1
24.520000,-0.02715137,-0.05294365,-0.65971851,-1.49778664,0.87562943,-0.84225422,0.76647627,-0.034490,-0.310404,0.078160,-0.021120,-0.300000,0.065359,-0.020649,-0.003507,0.000000,0.01172556,-0.00102054,-0.70710605,0.70700955,1
24.540000,-0.03306276,-0.04881575,-0.66460580,-1.49230719,0.87780434,-0.85745609,0.77674460,-0.032221,-0.311936,0.077581,-0.019680,-0.300000,0.065359,-0.020016,-0.006169,0.000000,0.01176968,0.00006980,-0.70710679,0.70700881,1
24.560000,-0.03848994,-0.04510666,-0.66886699,-1.48763549,0.88060594,-0.87222880,0.78700948,-0.029731,-0.313393,0.077057,-0.018240,-0.300000,0.065359,-0.019041,-0.008725,0.000000,0.01171263,0.00115963,-0.70710584,0.70700976,1
24.580000,-0.04333597,-0.04176200,-0.67257315,-1.48371530,0.88376600,-0.88573402,0.79710704,-0.027062,-0.314738,0.076597,-0.016800,-0.300000,0.065359,-0.017741,-0.011133,0.000000,0.01155492,0.00223940,-0.70710324,0.70701236,1
24.600000,-0.04755609,-0.03875688,-0.67575318,-1.48031306,0.88698626,-0.89764255,0.80654800,-0.024227,-0.315962,0.076209,-0.015360,-0.300000,0.065359,-0.016139,-0.013350,0.000000,0.01129792,0.00329983,-0.70709908,0.70701652,1
24.620000,-0.05119314,-0.03611013,-0.67844385,-1.47726071,0.89007181,-0.90785998,0.81500381,-0.021238,-0.317049,0.075889,-0.013920,-0.300000,0.065359,-0.014261,-0.015340,0.000000,0.01094381,0.00433198,-0.70709352,0.70702208,1
24.640000,-0.05429795,-0.03386105,-0.68068582,-1.47450542,0.89291477,-0.91635406,0.82226175,-0.018122,-0.317972,0.075628,-0.012480,-0.300000,0.065359,-0.012140,-0.017068,0.000000,0.01049560,0.00532697,-0.70708672,0.70702888,1
24.660000,-0.05688279,-0.03204794,-0.68249524,-1.47206652,0.89543200,-0.92307240,0.82818419,-0.014921,-0.318714,0.075422,-0.011040,-0.300000,0.065359,-0.009811,-0.018505,0.000000,0.00995722,0.00627608,-0.70707893,0.70703667,1
24.680000,-0.05893634,-0.03070656,-0.68385714,-1.46996677,0.89756209,-0.92792702,0.83266038,-0.011685,-0.319261,0.075270,-0.009600,-0.300000,0.065359,-0.007316,-0.019626,0.000000,0.00933330,0.00717116,-0.70707041,0.70704519,1
24.700000,-0.06044796,-0.02986766,-0.68473291,-1.46820605,0.89927316,-0.93083048,0.83556396,-0.008461,-0.319608,0.075177,-0.008160,-0.300000,0.065359,-0.004695,-0.020412,0.000000,0.00862911,0.00800468,-0.70706148,0.70705412,1
24.720000,-0.06142158,-0.02954753,-0.68505383,-1.46676970,0.90057993,-0.93172938,0.83676761,-0.005297,-0.319754,0.075154,-0.006720,-0.300000,0.065359,-0.001995,-0.020850,0.000000,0.00785069,0.00876945,-0.70705239,0.70706321,1
24.740000,-0.06189015,-0.02976098,-0.68474144,-1.46561921,0.90156513,-0.93064839,0.83618069,-0.002229,-0.319696,0.075210,-0.005280,-0.300000,0.065359,0.000740,-0.020932,0.000000,0.00700483,0.00945877,-0.70704351,0.70707209,1
24.760000,-0.06193747,-0.03052831,-0.68374360,-1.46469724,0.90235794,-0.92774820,0.83380628,0.000714,-0.319428,0.075349,-0.003840,-0.300000,0.065359,0.003462,-0.020657,0.000000,0.00609884,0.01006674,-0.70703511,0.70708049,1
24.780000,-0.06167473,-0.03186192,-0.68206763,-1.46396577,0.90307772,-0.92330122,0.82978153,0.003507,-0.318937,0.075564,-0.002400,-0.300000,0.065359,0.006125,-0.020029,0.000000,0.00514027,0.01058828,-0.70702751,0.70708809,1
24.800000,-0.06120286,-0.03375036,-0.67978382,-1.46340930,0.90376645,-0.91763818,0.82436591,0.006121,-0.318217,0.075842,-0.000960,-0.300000,0.065359,0.008684,-0.019060,0.000000,0.00413758,0.01101877,-0.70702093,0.70709467,1
24.820000,-0.06059545,-0.03614058,-0.67701072,-1.46301496,0.90437365,-0.91110057,0.81789809,0.008527,-0.317274,0.076169,0.000480,-0.300000,0.065359,0.011094,-0.017766,0.000000,0.00309932,0.01135456,-0.70701561,0.70709999,1
24.840000,-0.05990135,-0.03894052,-0.67389619,-1.46275330,0.90478647,-0.90402639,0.81073636,0.010696,-0.316119,0.076536,0.001920,-0.300000,0.065359,0.013315,-0.016168,0.000000,0.00203451,0.01159274,-0.70701175,0.70710385,1
24.860000,-0.05916077,-0.04203627,-0.67060453,-1.46257520,0.90486729,-0.89675564,0.80323225,0.012605,-0.314771,0.076934,0.003360,-0.300000,0.065359,0.015309,-0.014295,0.000000,0.00095203,0.01173132,-0.70700947,0.70710613,1
24.880000,-0.05841916,-0.04530625,-0.66730577,-1.46241772,0.90447837,-0.88963759,0.79572654,0.014237,-0.313252,0.077352,0.004800,-0.300000,0.065359,0.017041,-0.012177,0.000000,-0.00013855,0.01176907,-0.70700885,0.70710675,1
24.900000,-0.05773147,-0.04862678,-0.66416895,-1.46221030,0.90349728,-0.88303560,0.78855842,0.015580,-0.311588,0.077782,0.006240,-0.300000,0.065359,0.018483,-0.009852,0.000000,-0.00122794,0.01170566,-0.70700989,0.70710571,1
24.920000,-0.05715928,-0.05187281,-0.66135609,-1.46188414,0.90182483,-0.87732762,0.78207803,0.016630,-0.309805,0.078215,0.007680,-0.300000,0.065359,0.019610,-0.007359,0.000000,-0.00230668,0.01154168,-0.70701259,0.70710301,1
24.940000,-0.05676448,-0.05491935,-0.65901625,-1.46138167,0.89939386,-0.87290823,0.77664989,0.017386,-0.307930,0.078646,0.009120,-0.300000,0.065359,0.020402,-0.004740,0.000000,-0.00336577,0.01127846,-0.70701683,0.70709877,1
24.960000,-0.05660310,-0.05764262,-0.65727687,-1.46066272,0.89617759,-0.87018532,0.77265686,0.017852,-0.305993,0.079071,0.010560,-0.300000,0.065359,0.020845,-0.002040,0.000000,-0.00439583,0.01091833,-0.70702249,0.70709311,1
24.980000,-0.05671759,-0.05992109,-0.65623510,-1.45971203,0.89220589,-0.86956877,0.77049965,0.018036,-0.304021,0.079493,0.012000,-0.300000,0.065359,0.020934,0.000694,0.000000,-0.00538810,0.01046435,-0.70702934,0.70708626,1
25.000000,-0.05713044,-0.06163918,-0.65595382,-1.45853722,0.88759220,-0.87143701,0.77055973,0.017948,-0.302037,0.079918,0.013440,-0.300000,0.065359,0.020665,0.003417,0.000000,-0.00633405,0.00992044,-0.70703720,0.70707840,1
25.020000,-0.05784299,-0.06270516,-0.65644532,-1.45717835,0.88254702,-0.87608349,0.77311975,0.017598,-0.300056,0.080354,0.014880,-0.300000,0.065359,0.020043,0.006081,0.000000,-0.00722555,0.00929126,-0.70704574,0.70706985,1
25.040000,-0.05882062,-0.06306819,-0.65764451,-1.45574665,0.87736011,-0.88356674,0.77827424,0.016988,-0.298092,0.080814,0.016320,-0.300000,0.065359,0.019079,0.008642,0.000000,-0.00805494,0.00858221,-0.70705470,0.70706090,1
25.060000,-0.05999596,-0.06275651,-0.65934998,-1.45438755,0.87232697,-0.89357531,0.78582853,0.016112,-0.296178,0.081322,0.017760,-0.300000,0.065359,0.017790,0.011055,0.000000,-0.00881515,0.00779933,-0.70706376,0.70705184,1
25.080000,-0.06135216,-0.06190275,-0.66127223,-1.45308721,0.86769331,-0.90559506,0.79537600,0.014987,-0.294373,0.081892,0.019200,-0.300000,0.065359,0.016197,0.013279,0.000000,-0.00949952,0.00694947,-0.70707263,0.70704297,1
25.100000,-0.06298349,-0.06068658,-0.66317403,-1.45167744,0.86366642,-0.91915309,0.80641860,0.013660,-0.292725,0.082518,0.020640,-0.300000,0.065359,0.014328,0.015277,0.000000,-0.01010219,0.00603994,-0.70708099,0.70703461,1
25.120000,-0.06503190,-0.05925240,-0.66492826,-1.44998646,0.86038280,-0.93393129,0.81850827,0.012187,-0.291267,0.083181,0.022080,-0.300000,0.065359,0.012215,0.017015,0.000000,-0.01061808,0.00507842,-0.70708855,0.70702705,1
25.140000,-0.06759579,-0.05767208,-0.66649711,-1.44791412,0.85787630,-0.94913191,0.83134848,0.010604,-0.290016,0.083865,0.023520,-0.300000,0.065359,0.009893,0.018462,0.000000,-0.01104275,0.00407315,-0.70709506,0.70702054,1
25.160000,-0.07067894,-0.05595647,-0.66787726,-1.44529986,0.85602361,-0.96433222,0.84445870,0.008957,-0.289009,0.084560,0.024960,-0.300000,0.065359,0.007402,0.019594,0.000000,-0.01137246,0.00303295,-0.70710029,0.70701531,1
25.180000,-0.07427492,-0.05409960,-0.66912633,-1.44205070,0.85467905,-0.97953147,0.85757065,0.007296,-0.288278,0.085253,0.026400,-0.300000,0.065359,0.004785,0.020391,0.000000,-0.01160443,0.00196676,-0.70710404,0.70701156,1
25.200000,-0.07836442,-0.05208829,-0.67036623,-1.43821132,0.85374808,-0.99473071,0.87066275,0.005656,-0.287828,0.085921,0.027840,-0.300000,0.065359,0.002086,0.020841,0.000000,-0.01173668,0.00088358,-0.70710623,0.70700937,1
25.220000,-0.08287308,-0.04989480,-0.67173314,-1.43387985,0.85311639,-1.00992966,0.88374442,0.004063,-0.287655,0.086541,0.029280,-0.300000,0.065359,-0.000648,0.020935,0.000000,-0.01176806,-0.00020730,-0.70710675,0.70700885,1
25.240000,-0.08770810,-0.04749123,-0.67336768,-1.42913353,0.85265213,-1.02512896,0.89684796,0.002547,-0.287754,0.087092,0.030720,-0.300000,0.065359,-0.003372,0.020672,0.000000,-0.01169829,-0.00129629,-0.70710559,0.70701001,1
25.260000,-0.09280049,-0.04485948,-0.67543495,-1.42399931,0.85222149,-1.04032862,0.91001117,0.001141,-0.288107,0.087545,0.032160,-0.300000,0.065359,-0.006037,0.020056,0.000000,-0.01152801,-0.00237406,-0.70710281,0.70701279,1
25.280000,-0.09812203,-0.04198948,-0.67814988,-1.41844702,0.85166478,-1.05552924,0.92327499,-0.000115,-0.288682,0.087861,0.033600,-0.300000,0.065359,-0.008600,0.019098,0.000000,-0.01125861,-0.00343159,-0.70709847,0.70701713,1
25.300000,-0.10369690,-0.03887600,-0.68182498,-1.41234827,0.85076731,-1.07073045,0.93669355,-0.001174,-0.289431,0.087979,0.035040,-0.300000,0.065359,-0.011016,0.017814,0.000000,-0.01089247,-0.00445953,-0.70709271,0.70702289,1
25.320000,-0.10957644,-0.03549347,-0.68680608,-1.40554225,0.84923881,-1.08593309,0.95029402,-0.001986,-0.290303,0.087841,0.036480,-0.300000,0.065359,-0.013244,0.016226,0.000000,-0.01043271,-0.00544913,-0.70708579,0.70702981,1
25.340000,-0.11577521,-0.03176803,-0.69328707,-1.39794195,0.84680754,-1.10113609,0.96403986,-0.002515,-0.291272,0.087428,0.037920,-0.300000,0.065359,-0.015246,0.014362,0.000000,-0.00988333,-0.00639182,-0.70707790,0.70703770,1
25.360000,-0.12226762,-0.02762943,-0.70131975,-1.38950324,0.84335506,-1.11633909,0.97788614,-0.002732,-0.292313,0.086748,0.039360,-0.300000,0.065359,-0.016988,0.012252,0.000000,-0.00924890,-0.00727970,-0.70706931,0.70704629,1
25.380000,-0.12901859,-0.02305578,-0.71085781,-1.38024807,0.83889925,-1.13154244,0.99175447,-0.002617,-0.293398,0.085812,0.040800,-0.300000,0.065359,-0.018440,0.009933,0.000000,-0.00853502,-0.00810493,-0.70706033,0.70705527,1
25.400000,-0.13599268,-0.01807319,-0.72177625,-1.37024951,0.83355010,-1.14674580,1.00554729,-0.002159,-0.294496,0.084639,0.042240,-0.300000,0.065359,-0.019577,0.007445,0.000000,-0.00774778,-0.00886049,-0.70705128,0.70706432,1
25.420000,-0.14315368,-0.01273869,-0.73387653,-1.35962462,0.82748115,-1.16194892,1.01916194,-0.001352,-0.295581,0.083253,0.043680,-0.300000,0.065359,-0.020381,0.004830,0.000000,-0.00689401,-0.00953984,-0.70704243,0.70707317,1
25.440000,-0.15045854,-0.00712671,-0.74690247,-1.34852731,0.82091266,-1.17715204,1.03250647,-0.000199,-0.296629,0.081685,0.045120,-0.300000,0.065359,-0.020836,0.002132,0.000000,-0.00598083,-0.01013729,-0.70703412,0.70708148,1
25.460000,-0.15785088,-0.00132192,-0.76056910,-1.33713281,0.81408882,-1.19235480,1.04550123,0.001294,-0.297617,0.079972,0.046560,-0.300000,0.065359,-0.020936,-0.000602,0.000000,-0.00501631,-0.01064756,-0.70702661,0.70708899,1
25.480000,-0.16526279,0.00458638,-0.77459282,-1.32562530,0.80724543,-1.20755744,1.05808163,0.003114,-0.298525,0.078149,0.048000,-0.300000,0.065359,-0.020679,-0.003326,0.000000,-0.00400866,-0.01106632,-0.70702019,0.70709541,1
25.500000,-0.17262091,0.01051102,-0.78871202,-1.31418657,0.80058706,-1.22275996,1.07020402,0.005246,-0.299331,0.076248,0.049440,-0.300000,0.065359,-0.020069,-0.005993,0.000000,-0.00296656,-0.01138996,-0.70701505,0.70710055,1
25.520000,-0.17985050,0.01637369,-0.80270064,-1.30297923,0.79427183,-1.23796225,1.08184028,0.007669,-0.300015,0.074300,0.050880,-0.300000,0.065359,-0.019117,-0.008558,0.000000,-0.00189894,-0.01161571,-0.70701136,0.70710424,1
25.540000,-0.18688054,0.02210931,-0.81637633,-1.29214334,0.78840637,-1.25316429,1.09298301,0.010359,-0.300555,0.072330,0.052320,-0.300000,0.065359,-0.017838,-0.010977,0.000000,-0.00081501,-0.01174164,-0.70700929,0.70710631,1
25.560000,-0.19364858,0.02766915,-0.82960188,-1.28178763,0.78304058,-1.26836610,1.10364282,0.013291,-0.300934,0.070361,0.053760,-0.300000,0.065359,-0.016255,-0.013208,0.000000,0.00027603,-0.01176665,-0.70700887,0.70710673,1
25.580000,-0.20010470,0.03302064,-0.84228426,-1.27198839,0.77817637,-1.28356802,1.11384690,0.016435,-0.301132,0.068410,0.055200,-0.300000,0.065359,-0.014395,-0.015214,0.000000,0.00136452,-0.01169053,-0.70701014,0.70710546,1
25.600000,-0.20621234,0.03814587,-0.85436565,-1.26279140,0.77378088,-1.29877019,1.12362957,0.019758,-0.301134,0.066493,0.056640,-0.300000,0.065359,-0.012289,-0.016961,0.000000,0.00244136,-0.01151395,-0.70701304,0.70710256,1
25.620000,-0.21194601,0.04303614,-0.86581707,-1.25421989,0.76979810,-1.31397235,1.13303375,0.023226,-0.300922,0.064620,0.058080,-0.300000,0.065359,-0.009974,-0.018418,0.000000,0.00349721,-0.01123840,-0.70701748,0.70709812,1
25.640000,-0.21729153,0.04768588,-0.87662888,-1.24628043,0.76616192,-1.32917476,1.14210725,0.026801,-0.300485,0.062799,0.059520,-0.300000,0.065359,-0.007488,-0.019561,0.000000,0.00452308,-0.01086624,-0.70702328,0.70709232,1
25.660000,-0.22224438,0.05209270,-0.88679987,-1.23896682,0.76280361,-1.34437740,1.15089583,0.030442,-0.299813,0.061038,0.059520,-0.300000,0.066190,-0.004874,-0.020370,0.000000,0.00550998,-0.01040071,-0.70703029,0.70708531,1
25.680000,-0.22661872,0.05631815,-0.89614290,-1.23257935,0.75984818,-1.35957885,1.15920973,0.034085,-0.298912,0.059390,0.058800,-0.300000,0.067437,-0.002178,-0.020832,0.000000,0.00644943,-0.00984583,-0.70703824,0.70707736,1
25.700000,-0.23015966,0.06036347,-0.90437269,-1.22749102,0.75742346,-1.37477922,1.16701508,0.037661,-0.297816,0.057918,0.058080,-0.300000,0.068685,0.000556,-0.020938,0.000000,0.00733353,-0.00920628,-0.70704685,0.70706875,1
25.720000,-0.23270392,0.06413704,-0.91126359,-1.22400033,0.75556338,-1.38959396,1.17448604,0.041086,-0.296564,0.056657,0.057360,-0.300000,0.069932,0.003281,-0.020687,0.000000,0.00815464,-0.00848754,-0.70705585,0.70705975,1
25.740000,-0.23411231,0.06756403,-0.91664767,-1.22231627,0.75421089,-1.40150237,1.18169415,0.044217,-0.295168,0.055637,0.056640,-0.300000,0.071179,0.005949,-0.020082,0.000000,0.00890559,-0.00769590,-0.70706490,0.70705070,1
25.760000,-0.23414931,0.07063144,-0.92032605,-1.22236836,0.75308490,-1.40946162,1.18774247,0.046965,-0.293724,0.054912,0.055920,-0.300000,0.072426,0.008516,-0.019136,0.000000,0.00957994,-0.00683817,-0.70707371,0.70704189,1
25.780000,-0.23268650,0.07322398,-0.92202687,-1.22423458,0.75209975,-1.41304195,1.19202256,0.049263,-0.292325,0.054525,0.055200,-0.300000,0.073673,0.010937,-0.017862,0.000000,0.01017205,-0.00592152,-0.70708198,0.70703362,1
25.800000,-0.22965430,0.07511454,-0.92143923,-1.22811258,0.75128597,-1.41188431,1.19407332,0.051040,-0.291059,0.054502,0.054480,-0.300000,0.074920,0.013173,-0.016284,0.000000,0.01067668,-0.00495403,-0.70708942,0.70702618,1
25.820000,-0.22501947,0.07600293,-0.91823030,-1.23416829,0.75061458,-1.40580368,1.19349563,0.052232,-0.290039,0.054860,0.053760,-0.300000,0.076167,0.015183,-0.014428,0.000000,0.01108954,-0.00394396,-0.70709579,0.70701981,1
25.840000,-0.21883103,0.07557526,-0.91210014,-1.24234319,0.75001377,-1.39498365,1.19012499,0.052810,-0.289386,0.055607,0.053040,-0.300000,0.077414,0.016934,-0.012326,0.000000,0.01140707,-0.00290006,-0.70710084,0.70701476,1
25.860000,-0.21129641,0.07361899,-0.90285307,-1.25236762,0.74953067,-1.37989020,1.18402553,0.052786,-0.289189,0.056738,0.052320,-0.300000,0.078661,0.018396,-0.010014,0.000000,0.01162661,-0.00183106,-0.70710442,0.70701118,1
25.880000,-0.20283061,0.07004246,-0.89044750,-1.26375961,0.74946052,-1.36467397,1.17542422,0.052333,-0.289514,0.058224,0.051600,-0.300000,0.079908,0.019544,-0.007531,0.000000,0.01174620,-0.00074641,-0.70710639,0.70700921,1
25.900000,-0.19403775,0.06527663,-0.87726462,-1.27658594,0.75040811,-1.34946954,1.16669452,0.051408,-0.289717,0.059656,0.050880,-0.300000,0.081155,0.020359,-0.004919,0.000000,0.01176484,0.00034467,-0.70710670,0.70700890,1
25.920000,-0.18524231,0.06028751,-0.86412364,-1.28993499,0.75183189,-1.33426630,1.15800512,0.050074,-0.289741,0.061055,0.050160,-0.300000,0.082402,0.020827,-0.002224,0.000000,0.01168238,0.00143269,-0.70710534,0.70701026,1
25.940000,-0.17663066,0.05564052,-0.85103178,-1.30304909,0.75389457,-1.31906247,1.14922583,0.048425,-0.289610,0.062512,0.049440,-0.300000,0.083649,0.020939,0.000510,0.000000,0.01149949,0.00250857,-0.70710233,0.70701327,1
25.960000,-0.16846244,0.05140933,-0.83796769,-1.31555927,0.75681257,-1.30385804,1.14018071,0.046515,-0.289337,0.064034,0.048720,-0.300000,0.084897,0.020694,0.003235,0.000000,0.01121779,0.00356279,-0.70709780,0.70701780,1
25.980000,-0.16097492,0.04752659,-0.82493031,-1.32723832,0.76063281,-1.28865242,1.13075745,0.044386,-0.288959,0.065609,0.048000,-0.300000,0.086144,0.020095,0.005905,0.000000,0.01083967,0.00458639,-0.70709190,0.70702370,1
26.000000,-0.15433410,0.04393069,-0.81191909,-1.33790886,0.76531494,-1.27344608,1.12089455,0.042072,-0.288524,0.067229,0.047280,-0.300000,0.087391,0.019154,0.008474,0.000000,0.01036839,0.00557055,-0.70708484,0.70703076,1
26.020000,-0.14866549,0.04057333,-0.79893124,-1.34738421,0.77079475,-1.25823903,1.11057580,0.039616,-0.288082,0.068890,0.046560,-0.300000,0.088638,0.017886,0.010898,0.000000,0.00980799,0.00650683,-0.70707685,0.70703875,1
26.040000,-0.14406425,0.03741977,-0.78596252,-1.35551620,0.77701062,-1.24303150,1.09980190,0.037063,-0.287681,0.070590,0.045840,-0.300000,0.089885,0.016313,0.013137,0.000000,0.00916329,0.00738717,-0.70706820,0.70704740,1
26.060000,-0.14057828,0.03445279,-0.77300906,-1.36223197,0.78390408,-1.22782385,1.08858812,0.034456,-0.287364,0.072332,0.045120,-0.300000,0.091132,0.014462,0.015151,0.000000,0.00843983,0.00820401,-0.70705919,0.70705641,1
26.080000,-0.13820042,0.03167273,-0.76007032,-1.36754012,0.79142392,-1.21434212,1.07696939,0.031884,-0.287199,0.074120,0.044400,-0.300000,0.092379,0.012364,0.016907,0.000000,0.00764382,0.00895033,-0.70705014,0.70706546,1
26.100000,-0.13692203,0.02922490,-0.74714035,-1.37183905,0.79969317,-1.20328414,1.06615591,0.029378,-0.287201,0.075984,0.043680,-0.300000,0.093626,0.010055,0.018374,0.000000,0.00678210,0.00961971,-0.70704134,0.70707426,1
26.120000,-0.13651192,0.02733502,-0.73421299,-1.37550139,0.80895478,-1.19463885,1.05703223,0.026939,-0.287348,0.077970,0.042960,-0.300000,0.094873,0.007574,0.019528,0.000000,0.00586208,0.01020642,-0.70703312,0.70708248,1
26.140000,-0.13661766,0.02613763,-0.72128069,-1.37886620,0.81933755,-1.18810046,1.04988325,0.024545,-0.287629,0.080111,0.042240,-0.300000,0.096120,0.004964,0.020348,0.000000,0.00489159,0.01070543,-0.70702574,0.70708986,1
26.160000,-0.13696973,0.02560206,-0.70833486,-1.38212049,0.83082092,-1.18327940,1.04461801,0.022185,-0.288051,0.082409,0.041520,-0.300000,0.097367,0.002269,0.020822,0.000000,0.00387912,0.01111238,-0.70701947,0.70709613,1
26.180000,-0.13743551,0.02560046,-0.69537139,-1.38530636,0.84328592,-1.17980540,1.04095733,0.019872,-0.288634,0.084845,0.040800,-0.300000,0.098614,-0.000464,0.020940,0.000000,0.00283338,0.01142381,-0.70701449,0.70710111,1
26.200000,-0.13796897,0.02598760,-0.68238676,-1.38839722,0.85658914,-1.17733562,1.03854430,0.017629,-0.289399,0.087395,0.040080,-0.300000,0.099861,-0.003190,0.020701,0.000000,0.00176321,0.01163709,-0.70701103,0.70710457,1
26.220000,-0.13857287,0.02666131,-0.66990519,-1.39133310,0.87057501,-1.17560303,1.03704870,0.015477,-0.290247,0.089934,0.039360,-0.300000,0.101109,-0.005861,0.020108,0.000000,0.00067778,0.01175035,-0.70700915,0.70710645,1
26.240000,-0.13926126,0.02755449,-0.65816414,-1.39402461,0.88478124,-1.17451394,1.03614771,0.013449,-0.291196,0.092410,0.038640,-0.300000,0.102356,-0.008432,0.019173,0.000000,-0.00041338,0.01176262,-0.70700894,0.70710666,1
26.260000,-0.14004357,0.02864071,-0.64717466,-1.39635372,0.89893085,-1.17401791,1.03571856,0.011595,-0.292276,0.094819,0.037920,-0.300000,0.103603,-0.010859,0.017910,0.000000,-0.00150090,0.01167381,-0.70701041,0.70710519,1
26.280000,-0.14091666,0.02990558,-0.63692248,-1.39828897,0.91293019,-1.17404056,1.03570330,0.009956,-0.293489,0.097159,0.037200,-0.300000,0.104850,-0.013101,0.016342,0.000000,-0.00257561,0.01148467,-0.70701351,0.70710209,1
26.300000,-0.14185289,0.03133472,-0.62739134,-1.39986837,0.92674017,-1.17443705,1.03604591,0.008557,-0.294819,0.099426,0.036480,-0.300000,0.106097,-0.015119,0.014495,0.000000,-0.00362826,0.01119679,-0.70701813,0.70709747,1
26.320000,-0.14280888,0.03290767,-0.61854386,-1.40114129,0.94032472,-1.17499673,1.03665984,0.007417,-0.296251,0.101619,0.035760,-0.300000,0.107344,-0.016880,0.012401,0.000000,-0.00464962,0.01081270,-0.70702410,0.70709150,1
26.340000,-0.14374439,0.03459161,-0.61031812,-1.40214479,0.95365554,-1.17548680,1.03741777,0.006550,-0.297769,0.103742,0.035040,-0.300000,0.108591,-0.018352,0.010095,0.000000,-0.00563094,0.01033572,-0.70703124,0.70708436,1
26.360000,-0.14463058,0.03634312,-0.60263348,-1.40291142,0.96671796,-1.17567229,1.03816807,0.005968,-0.299355,0.105799,0.034320,-0.300000,0.109838,-0.019511,0.007617,0.000000,-0.00656401,0.00976982,-0.70703929,0.70707631,1
26.380000,-0.14544357,0.03811613,-0.59538949,-1.40348256,0.97952056,-1.17532408,1.03874648,0.005676,-0.300987,0.107794,0.033600,-0.300000,0.111085,-0.020337,0.005008,0.000000,-0.00744057,0.00911999,-0.70704796,0.70706764,1
26.400000,-0.14615400,0.03986535,-0.58845985,-1.40391588,0.99209988,-1.17420363,1.03898346,0.005675,-0.302643,0.109741,0.032880,-0.300000,0.112332,-0.020817,0.002315,0.000000,-0.00825317,0.00839177,-0.70705698,0.70705862,1
26.420000,-0.14672290,0.04154258,-0.58168691,-1.40428817,1.00452352,-1.17205667,1.03870142,0.005955,-0.304300,0.111657,0.032160,-0.300000,0.113579,-0.020941,-0.000418,0.000000,-0.00899476,0.00759148,-0.70706603,0.70704957,1
26.440000,-0.14710258,0.04309057,-0.57487535,-1.40469182,1.01689267,-1.16860366,1.03770840,0.006498,-0.305933,0.113564,0.031440,-0.300000,0.114826,-0.020708,-0.003144,0.000000,-0.00965916,0.00672580,-0.70707479,0.70704081,1
26.460000,-0.14723878,0.04443875,-0.56779486,-1.40523314,1.02933216,-1.16354680,1.03580058,0.007278,-0.307521,0.115490,0.030720,-0.300000,0.116073,-0.020121,-0.005817,0.000000,-0.01024048,0.00580237,-0.70708298,0.70703261,1
26.480000,-0.14707536,0.04550379,-0.56020051,-1.40601611,1.04198003,-1.15658128,1.03276622,0.008260,-0.309044,0.117463,0.030000,-0.300000,0.117321,-0.019191,-0.008390,0.000000,-0.01073378,0.00482905,-0.70709030,0.70702530,1
26.500000,-0.14656204,0.04619860,-0.55187082,-1.40710533,1.05496657,-1.14744246,1.02838480,0.009412,-0.310477,0.119505,0.029280,-0.300000,0.118568,-0.017934,-0.010819,0.000000,-0.01113482,0.00381423,-0.70709650,0.70701910,1
26.520000,-0.14566584,0.04643503,-0.54265374,-1.40851581,1.06837833,-1.13594937,1.02244055,0.010701,-0.311796,0.121626,0.028560,-0.300000,0.119815,-0.016371,-0.013065,0.000000,-0.01144016,0.00276661,-0.70710136,0.70701424,1
26.540000,-0.14438175,0.04612651,-0.53248471,-1.41021442,1.08221960,-1.12203109,1.01474392,0.012098,-0.312975,0.123815,0.027840,-0.300000,0.121062,-0.014528,-0.015087,0.000000,-0.01164719,0.00169520,-0.70710476,0.70701084,1
26.560000,-0.14275524,0.04519596,-0.52139133,-1.41211069,1.09640384,-1.10682738,1.00519335,0.013618,-0.314012,0.126050,0.027120,-0.300000,0.122309,-0.012438,-0.016852,0.000000,-0.01175411,0.00060922,-0.70710653,0.70700907,1
26.580000,-0.14089066,0.04363762,-0.50963485,-1.41431427,1.11095357,-1.09162176,0.99439442,0.015250,-0.314848,0.128267,0.026400,-0.300000,0.123556,-0.010135,-0.018330,0.000000,-0.01176001,-0.00048199,-0.70710662,0.70700898,1
26.600000,-0.13878283,0.04156424,-0.49759623,-1.41708112,1.12579644,-1.07641983,0.98321372,0.016907,-0.315397,0.130413,0.025680,-0.300000,0.124803,-0.007659,-0.019494,0.000000,-0.01166485,-0.00156906,-0.70710504,0.70701056,1
26.620000,-0.13622732,0.03912091,-0.48545957,-1.42050910,1.14053380,-1.06121969,0.97185355,0.018499,-0.315665,0.132495,0.024960,-0.300000,0.126050,-0.005053,-0.020326,0.000000,-0.01146943,-0.00264265,-0.70710184,0.70701376,1
26.640000,-0.13306847,0.03639174,-0.47329438,-1.42455614,1.15478373,-1.04601967,0.96039861,0.019962,-0.315688,0.134524,0.024240,-0.300000,0.127297,-0.002360,-0.020812,0.000000,-0.01117541,-0.00369360,-0.70709713,0.70701847,1
26.660000,-0.12930617,0.03341215,-0.46115902,-1.42906308,1.16828871,-1.03082013,0.94889593,0.021266,-0.315494,0.136493,0.023520,-0.300000,0.128544,0.000372,-0.020942,0.000000,-0.01078536,-0.00471270,-0.70709109,0.70702451,1
26.680000,-0.12502150,0.03021853,-0.44912168,-1.43385923,1.18087769,-1.01562059,0.93734813,0.022396,-0.315099,0.138387,0.022800,-0.300000,0.129791,0.003099,-0.020715,0.000000,-0.01030266,-0.00569122,-0.70708388,0.70703172,1
26.700000,-0.12031424,0.02685948,-0.43724826,-1.43880224,1.19243431,-1.00042093,0.92573845,0.023340,-0.314514,0.140194,0.022080,-0.300000,0.131038,0.005772,-0.020134,0.000000,-0.00973137,-0.00662089,-0.70707578,0.70703982,1
26.720000,-0.11528295,0.02338753,-0.42560089,-1.44378173,1.20289218,-0.98522103,0.91405249,0.024083,-0.313751,0.141904,0.021360,-0.300000,0.132285,0.008348,-0.019210,0.000000,-0.00907638,-0.00749371,-0.70706707,0.70704853,1
26.740000,-0.11001678,0.01984771,-0.41425359,-1.44873548,1.21221268,-0.97002101,0.90226841,0.024605,-0.312818,0.143501,0.020640,-0.300000,0.133533,0.010780,-0.017958,0.000000,-0.00834342,-0.00830204,-0.70705804,0.70705756,1
26.760000,-0.10459495,0.01627686,-0.40327674,-1.45361602,1.22035444,-0.95482087,0.89037228,0.024887,-0.311732,0.144975,0.019920,-0.300000,0.134780,0.013029,-0.016399,0.000000,-0.00753881,-0.00903895,-0.70704901,0.70706659,1
26.780000,-0.09908395,0.01271354,-0.39272472,-1.45839190,1.22729170,-0.93962044,0.87834972,0.024910,-0.310513,0.146319,0.019200,-0.300000,0.136027,0.015055,-0.014561,0.000000,-0.00666934,-0.00969823,-0.70704028,0.70707532,1
26.800000,-0.09354322,0.00920000,-0.38263419,-1.46303260,1.23303676,-0.92441952,0.86618704,0.024658,-0.309183,0.147529,0.018480,-0.300000,0.137274,0.016825,-0.012475,0.000000,-0.00574245,-0.01027419,-0.70703214,0.70708346,1
26.820000,-0.08804262,0.00577584,-0.37302661,-1.46748841,1.23764205,-0.90921819,0.85386771,0.024126,-0.307763,0.148606,0.017760,-0.300000,0.138521,0.018307,-0.010175,0.000000,-0.00476627,-0.01076180,-0.70702488,0.70709072,1
26.840000,-0.08267836,0.00247113,-0.36389539,-1.47168279,1.24121761,-0.89401603,0.84135145,0.023320,-0.306274,0.149555,0.017040,-0.300000,0.139768,0.019477,-0.007702,0.000000,-0.00374921,-0.01115688,-0.70701877,0.70709683,1
26.860000,-0.07757469,-0.00070030,-0.35520706,-1.47551394,1.24392295,-0.87881315,0.82857829,0.022263,-0.304732,0.150380,0.016320,-0.300000,0.141015,0.020315,-0.005098,0.000000,-0.00269974,-0.01145613,-0.70701398,0.70710162,1
26.880000,-0.07287327,-0.00374196,-0.34690884,-1.47886789,1.24594796,-0.86360943,0.81547421,0.020985,-0.303161,0.151090,0.015600,-0.300000,0.142262,0.020806,-0.002406,0.000000,-0.00162714,-0.01165689,-0.70701070,0.70710490,1
26.900000,-0.06871836,-0.00666888,-0.33893684,-1.48163164,1.24749172,-0.84840500,0.80196065,0.019524,-0.301581,0.151692,0.014880,-0.300000,0.143509,0.020942,0.000327,0.000000,-0.00054055,-0.01175746,-0.70700904,0.70710656,1
26.920000,-0.06524567,-0.00949958,-0.33122224,-1.48370123,1.24874306,-0.83319956,0.78796500,0.017922,-0.300020,0.152198,0.014160,-0.300000,0.144756,0.020721,0.003053,0.000000,0.00055059,-0.01175700,-0.70700905,0.70710655,1
26.940000,-0.06257275,-0.01224654,-0.32369965,-1.48499382,1.24987745,-0.81799304,0.77342898,0.016218,-0.298502,0.152619,0.013440,-0.300000,0.146003,0.020147,0.005728,0.000000,0.00163718,-0.01165548,-0.70701072,0.70710488,1
26.960000,-0.06078916,-0.01491101,-0.31631568,-1.48545039,1.25105047,-0.80278546,0.75831228,0.014452,-0.297053,0.152969,0.012720,-0.300000,0.147250,0.019228,0.008305,0.000000,0.00270960,-0.01145380,-0.70701402,0.70710158,1
26.980000,-0.05994977,-0.01748439,-0.30903012,-1.48504245,1.25238585,-0.78757870,0.74310881,0.012659,-0.295701,0.153262,0.012000,-0.300000,0.148497,0.017981,0.010741,0.000000,0.00375872,-0.01115368,-0.70701881,0.70709679,1
27.000000,-0.06002287,-0.01991403,-0.30188662,-1.48381591,1.25395286,-0.77237201,0.72790533,0.010853,-0.294461,0.153506,0.011280,-0.300000,0.149745,0.016428,0.012993,0.000000,0.00477546,-0.01075773,-0.70702495,0.70709065,1
27.020000,-0.06092326,-0.02213973,-0.29489997,-1.48186147,1.25571382,-0.75716484,0.71270186,0.009040,-0.293368,0.153719,0.010560,-0.300000,0.150992,0.014594,0.015023,0.000000,0.00575129,-0.01026924,-0.70703221,0.70708339,1
27.040000,-0.06256460,-0.02411200,-0.28807202,-1.47924602,1.25764894,-0.74195707,0.69749838,0.007230,-0.292453,0.153918,0.009840,-0.300000,0.152239,0.012512,0.016797,0.000000,0.00667761,-0.00969253,-0.70704036,0.70707524,1
27.060000,-0.06486866,-0.02578997,-0.28141004,-1.47603476,1.25977957,-0.72674906,0.68229491,0.005443,-0.291735,0.154114,0.009120,-0.300000,0.153486,0.010215,0.018285,0.000000,0.00754652,-0.00903251,-0.70704909,0.70706651,1
27.080000,-0.06775532,-0.02714028,-0.27492192,-1.47230840,1.26214647,-0.71154082,0.66709143,0.003697,-0.291226,0.154319,0.008400,-0.300000,0.154733,0.007745,0.019460,0.000000,0.00835056,-0.00829485,-0.70705813,0.70705747,1
27.100000,-0.07113311,-0.02813725,-0.26861209,-1.46816409,1.26479661,-0.69633228,0.65188795,0.002008,-0.290933,0.154543,0.007680,-0.300000,0.155980,0.005142,0.020304,0.000000,0.00908283,-0.00748589,-0.70706716,0.70704844,1
27.120000,-0.07489919,-0.02876566,-0.26248229,-1.46371233,1.26777446,-0.68208164,0.63668460,0.000410,-0.290885,0.154794,0.006960,-0.300000,0.157227,0.002452,0.020801,0.000000,0.00973702,-0.00661258,-0.70707587,0.70703973,1
27.140000,-0.07899080,-0.02899365,-0.25670066,-1.45921123,1.27117968,-0.66982526,0.62148130,-0.001078,-0.291074,0.155055,0.006240,-0.300000,0.158474,-0.000281,0.020943,0.000000,0.01030755,-0.00568234,-0.70708395,0.70703164,1
27.160000,-0.08332514,-0.02878230,-0.25147691,-1.45497763,1.27501631,-0.65966433,0.60627800,-0.002474,-0.291465,0.155303,0.005520,-0.300000,0.159721,-0.003008,0.020728,0.000000,0.01078945,-0.00470333,-0.70709114,0.70702446,1
27.180000,-0.08773425,-0.02810769,-0.24684060,-1.45116603,1.27914810,-0.65122932,0.59107471,-0.003792,-0.292062,0.155548,0.004800,-0.300000,0.160968,-0.005684,0.020159,0.000000,0.01117858,-0.00368397,-0.70709718,0.70701842,1
27.200000,-0.09205966,-0.02696376,-0.24268451,-1.44774234,1.28350890,-0.64399517,0.57713211,-0.005019,-0.292864,0.155820,0.004080,-0.300000,0.162215,-0.008263,0.019246,0.000000,0.01147168,-0.00263286,-0.70710189,0.70701371,1
27.220000,-0.09609532,-0.02527848,-0.23901762,-1.44470453,1.28816843,-0.63764727,0.56491166,-0.006152,-0.293824,0.156134,0.003360,-0.300000,0.163462,-0.010701,0.018005,0.000000,0.01166619,-0.00155902,-0.70710507,0.70701053,1
27.240000,-0.09963436,-0.02301102,-0.23579989,-1.44214129,1.29311240,-0.63194579,0.55419326,-0.007201,-0.294918,0.156518,0.002640,-0.300000,0.164709,-0.012957,0.016456,0.000000,0.01176042,-0.00047187,-0.70710663,0.70700897,1
27.260000,-0.10259669,-0.02023374,-0.23292118,-1.44003284,1.29832673,-0.62663585,0.54473180,-0.008147,-0.296134,0.156982,0.001920,-0.300000,0.165956,-0.014991,0.014627,0.000000,0.01175358,0.00061925,-0.70710652,0.70700908,1
27.280000,-0.10502050,-0.01708352,-0.23027866,-1.43830359,1.30384672,-0.62151223,0.53623116,-0.008945,-0.297456,0.157522,0.001200,-0.300000,0.167204,-0.016770,0.012548,0.000000,0.01164574,0.00170514,-0.70710474,0.70701086,1
27.300000,-0.10698666,-0.01371004,-0.22777377,-1.43690264,1.30971408,-0.61640912,0.52839494,-0.009550,-0.298862,0.158129,0.000480,-0.300000,0.168451,-0.018263,0.010255,0.000000,0.01143778,0.00277645,-0.70710134,0.70701426,1
27.320000,-0.10856525,-0.01025164,-0.22531547,-1.43581152,1.31595170,-0.61116576,0.52098852,-0.009932,-0.300331,0.158795,-0.000240,-0.300000,0.168866,-0.019444,0.007787,0.000000,0.01113153,0.00382381,-0.70709645,0.70701915,1
27.340000,-0.10981186,-0.00700397,-0.22307776,-1.43492734,1.32242703,-0.60582209,0.51380408,-0.010056,-0.301844,0.159430,-0.000960,-0.300000,0.167619,-0.020293,0.005187,0.000000,0.01072965,0.00483821,-0.70709022,0.70702537,1
27.360000,-0.11080326,-0.00448347,-0.22173791,-1.43422568,1.32844198,-0.60065114,0.50673759,-0.009922,-0.303431,0.159816,-0.001680,-0.300000,0.166372,-0.020796,0.002498,0.000000,0.01023548,0.00581118,-0.70708290,0.70703270,1
27.380000,-0.11153679,-0.00275975,-0.22179919,-1.43407190,1.33288205,-0.59549725,0.49996254,-0.009605,-0.305162,0.159880,-0.002400,-0.300000,0.165125,-0.020944,-0.000234,0.000000,0.00965337,0.00673411,-0.70707472,0.70704088,1
27.400000,-0.11177711,-0.00146788,-0.22339559,-1.43447006,1.33519244,-0.59011096,0.49360844,-0.009152,-0.307020,0.159685,-0.003120,-0.300000,0.163878,-0.020734,-0.002962,0.000000,0.00898828,0.00759915,-0.70706594,0.70704965,1
27.420000,-0.11128403,-0.00024160,-0.22646189,-1.43534648,1.33543205,-0.58438212,0.48759133,-0.008591,-0.308920,0.159316,-0.003840,-0.300000,0.162631,-0.020172,-0.005640,0.000000,0.00824600,0.00839881,-0.70705689,0.70705871,1
27.440000,-0.10997758,0.00106267,-0.23083179,-1.43668115,1.33399451,-0.57827634,0.48180160,-0.007939,-0.310758,0.158827,-0.004560,-0.300000,0.161384,-0.019264,-0.008221,0.000000,0.00743271,0.00912639,-0.70704788,0.70706772,1
27.460000,-0.10788725,0.00238694,-0.23628321,-1.43852937,1.33129060,-0.57173395,0.47615492,-0.007210,-0.312457,0.158243,-0.005280,-0.300000,0.160137,-0.018028,-0.010662,0.000000,0.00655559,0.00977547,-0.70703921,0.70707639,1
27.480000,-0.10506651,0.00358503,-0.24256134,-1.44095325,1.32760644,-0.56462353,0.47058463,-0.006425,-0.313976,0.157578,-0.006000,-0.300000,0.158890,-0.016485,-0.012921,0.000000,0.00562212,0.01034052,-0.70703117,0.70708443,1
27.500000,-0.10155576,0.00450504,-0.24940731,-1.44397688,1.32312024,-0.55676824,0.46499386,-0.005610,-0.315292,0.156847,-0.006720,-0.300000,0.157643,-0.014660,-0.014959,0.000000,0.00464040,0.01081666,-0.70702405,0.70709155,1
27.520000,-0.09738077,0.00501962,-0.25657740,-1.44759417,1.31794667,-0.54798317,0.45924199,-0.004786,-0.316397,0.156065,-0.007440,-0.300000,0.156396,-0.012585,-0.016742,0.000000,0.00361862,0.01119991,-0.70701808,0.70709752,1
27.540000,-0.09256681,0.00502597,-0.26385462,-1.45177507,1.31217122,-0.53813022,0.45317340,-0.003981,-0.317283,0.155247,-0.008160,-0.300000,0.155148,-0.010296,-0.018240,0.000000,0.00256581,0.01148686,-0.70701347,0.70710213,1
27.560000,-0.08715614,0.00444410,-0.27106586,-1.45647323,1.30586851,-0.52714556,0.44665009,-0.003213,-0.317946,0.154402,-0.008880,-0.300000,0.153901,-0.007830,-0.019426,0.000000,0.00149094,0.01167509,-0.70701038,0.70710522,1
27.580000,-0.08121001,0.00321921,-0.27808940,-1.46164525,1.29910469,-0.51503700,0.43956590,-0.002505,-0.318376,0.153534,-0.009600,-0.300000,0.152654,-0.005232,-0.020281,0.000000,0.00040326,0.01176297,-0.70700893,0.70710667,1
27.600000,-0.07479626,0.00131916,-0.28484115,-1.46725833,1.29192662,-0.50186688,0.43186167,-0.001878,-0.318572,0.152644,-0.010320,-0.300000,0.151407,-0.002543,-0.020790,0.000000,-0.00068781,0.01174977,-0.70700915,0.70710645,1
27.620000,-0.06797999,-0.00126068,-0.29127365,-1.47328651,1.28436184,-0.48773280,0.42353502,-0.001360,-0.318532,0.151731,-0.011040,-0.300000,0.150160,0.000188,-0.020944,0.000000,-0.00177322,0.01163557,-0.70701105,0.70710455,1
27.640000,-0.06082180,-0.00449478,-0.29736626,-1.47969675,1.27643025,-0.47275841,0.41462147,-0.000975,-0.318256,0.150795,-0.011760,-0.300000,0.148913,0.002917,-0.020741,0.000000,-0.00284322,0.01142137,-0.70701455,0.70710105,1
27.660000,-0.05338296,-0.00833545,-0.30311540,-1.48644805,1.26815391,-0.45755577,0.40517741,-0.000740,-0.317762,0.149834,-0.012480,-0.300000,0.147666,0.005596,-0.020184,0.000000,-0.00388876,0.01110901,-0.70701952,0.70709608,1
27.680000,-0.04576148,-0.01271432,-0.30860671,-1.49356163,1.25957489,-0.44235402,0.39563084,-0.000686,-0.317042,0.148837,-0.013200,-0.300000,0.146419,0.008179,-0.019282,0.000000,-0.00490072,0.01070125,-0.70702581,0.70708979,1
27.700000,-0.03801107,-0.01753604,-0.31393009,-1.50101686,1.25065625,-0.42715299,0.38620314,-0.000840,-0.316097,0.147800,-0.013920,-0.300000,0.145172,0.010622,-0.018052,0.000000,-0.00587086,0.01020137,-0.70703320,0.70708240,1
27.720000,-0.03014449,-0.02269007,-0.31909418,-1.50873435,1.24132895,-0.41195190,0.37690920,-0.001228,-0.314952,0.146730,-0.014640,-0.300000,0.143925,0.012885,-0.016513,0.000000,-0.00679038,0.00961387,-0.70704142,0.70707417,1
27.740000,-0.02221753,-0.02808415,-0.32406276,-1.51656330,1.23162866,-0.39675039,0.36771142,-0.001852,-0.313629,0.145640,-0.015360,-0.300000,0.142678,0.014927,-0.014693,0.000000,-0.00765152,0.00894375,-0.70705021,0.70706539,1
27.760000,-0.01435367,-0.03365816,-0.32879347,-1.52432334,1.22168112,-0.38154861,0.35852009,-0.002698,-0.312140,0.144537,-0.016080,-0.300000,0.141431,0.016715,-0.012622,0.000000,-0.00844689,0.00819674,-0.70705926,0.70705633,1
27.780000,-0.00671804,-0.03937735,-0.33323821,-1.53183794,1.21163273,-0.36634630,0.34921461,-0.003743,-0.310503,0.143427,-0.016800,-0.300000,0.140184,0.018217,-0.010336,0.000000,-0.00916965,0.00737928,-0.70706828,0.70704731,1
27.800000,0.00051397,-0.04521798,-0.33734891,-1.53893447,1.20162034,-0.35114333,0.33967721,-0.004963,-0.308742,0.142314,-0.017520,-0.300000,0.138937,0.019409,-0.007873,0.000000,-0.00981359,0.00649839,-0.70707691,0.70703868,1
27.820000,0.00717683,-0.05115600,-0.34109262,-1.54545033,1.19175851,-0.33635864,0.32980469,-0.006327,-0.306898,0.141205,-0.018240,-0.300000,0.137689,0.020270,-0.005276,0.000000,-0.01037318,0.00556163,-0.70708490,0.70703070,1
27.840000,0.01310343,-0.05715542,-0.34452718,-1.55131686,1.18213296,-0.32261607,0.31984714,-0.007812,-0.305012,0.140094,-0.018960,-0.300000,0.136442,0.020784,-0.002589,0.000000,-0.01084362,0.00457706,-0.70709197,0.70702363,1
27.860000,0.01817703,-0.06314187,-0.34782597,-1.55656970,1.17272460,-0.31025416,0.31034783,-0.009418,-0.303111,0.138967,-0.019680,-0.300000,0.135195,0.020945,0.000142,0.000000,-0.01122085,0.00355314,-0.70709787,0.70701773,1
27.880000,0.02240595,-0.06898194,-0.35117066,-1.56126857,1.16336882,-0.29946962,0.30175549,-0.011162,-0.301235,0.137820,-0.020400,-0.300000,0.133948,0.020747,0.002871,0.000000,-0.01150165,0.00249867,-0.70710238,0.70701322,1
27.900000,0.02587695,-0.07450075,-0.35468552,-1.56543827,1.15389371,-0.29038653,0.29442835,-0.013058,-0.299434,0.136665,-0.021120,-0.300000,0.132701,0.020196,0.005551,0.000000,-0.01168359,0.00142272,-0.70710536,0.70701024,1
27.920000,0.02866888,-0.07952368,-0.35844946,-1.56904185,1.14424253,-0.28314325,0.28863531,-0.015106,-0.297742,0.135517,-0.021840,-0.300000,0.131454,0.019300,0.008136,0.000000,-0.01176513,0.00033454,-0.70710670,0.70700890,1
27.940000,0.03080912,-0.08390852,-0.36251226,-1.57202971,1.13447595,-0.27793908,0.28458574,-0.017287,-0.296181,0.134394,-0.022560,-0.300000,0.130207,0.018075,0.010582,0.000000,-0.01174555,-0.00075652,-0.70710637,0.70700923,1
27.960000,0.03228553,-0.08756310,-0.36691228,-1.57437837,1.12473142,-0.27500010,0.28247792,-0.019578,-0.294767,0.133306,-0.023280,-0.300000,0.128960,0.016542,0.012848,0.000000,-0.01162502,-0.00184107,-0.70710438,0.70701122,1
27.980000,0.03309428,-0.09044999,-0.37170249,-1.57610631,1.11516774,-0.27450347,0.28249934,-0.021956,-0.293507,0.132250,-0.024000,-0.300000,0.127713,0.014726,0.014895,0.000000,-0.01140459,-0.00290979,-0.70710081,0.70701479,1
28.000000,0.03327288,-0.09256085,-0.37692615,-1.57729518,1.10588312,-0.27654913,0.28480712,-0.024408,-0.292417,0.131220,-0.024720,-0.300000,0.126466,0.012659,0.016687,0.000000,-0.01108614,-0.00395350,-0.70709574,0.70701986,1
28.020000,0.03289806,-0.09390589,-0.38258252,-1.57803607,1.09692407,-0.28112048,0.28947017,-0.026922,-0.291523,0.130214,-0.025440,-0.300000,0.125219,0.010376,0.018195,0.000000,-0.01067241,-0.00496322,-0.70708937,0.70702623,1
28.040000,0.03205142,-0.09452185,-0.38862920,-1.57838213,1.08833265,-0.28808293,0.29639855,-0.029480,-0.290850,0.129229,-0.026160,-0.300000,0.123972,0.007915,0.019392,0.000000,-0.01016695,-0.00593027,-0.70708191,0.70703369,1
28.060000,0.03078868,-0.09446987,-0.39500087,-1.57834089,1.08017516,-0.29724839,0.30538124,-0.032048,-0.290419,0.128261,-0.026880,-0.300000,0.122724,0.005320,0.020258,0.000000,-0.00957410,-0.00684634,-0.70707365,0.70704195,1
28.080000,0.02914708,-0.09382085,-0.40162614,-1.57792342,1.07254922,-0.30836540,0.31611761,-0.034587,-0.290237,0.127308,-0.027600,-0.300000,0.121477,0.002634,0.020779,0.000000,-0.00889896,-0.00770356,-0.70706483,0.70705077,1
28.100000,0.02715990,-0.09264708,-0.40842482,-1.57714152,1.06554794,-0.32113627,0.32827005,-0.037060,-0.290307,0.126364,-0.028320,-0.300000,0.120230,-0.000097,0.020945,0.000000,-0.00814733,-0.00849456,-0.70705576,0.70705984,1
28.120000,0.02484977,-0.09102242,-0.41532055,-1.57599664,1.05924821,-0.33527443,0.34151411,-0.039422,-0.290628,0.125428,-0.029040,-0.300000,0.118983,-0.002826,0.020754,0.000000,-0.00732567,-0.00921253,-0.70704678,0.70706882,1
28.140000,0.02222932,-0.08902338,-0.42225838,-1.57449484,1.05370271,-0.35047299,0.35556066,-0.041633,-0.291194,0.124492,-0.029760,-0.300000,0.117736,-0.005507,0.020208,0.000000,-0.00644103,-0.00985133,-0.70703815,0.70707745,1
28.160000,0.01931748,-0.08672819,-0.42920402,-1.57265437,1.04891646,-0.36567426,0.37014130,-0.043659,-0.291968,0.123545,-0.030480,-0.300000,0.116489,-0.008094,0.019318,0.000000,-0.00550102,-0.01040544,-0.70703022,0.70708538,1
28.180000,0.01615256,-0.08422111,-0.43612126,-1.57028377,1.04480052,-0.38087362,0.38456103,-0.045435,-0.292961,0.122572,-0.031200,-0.300000,0.115242,-0.010543,0.018098,0.000000,-0.00451372,-0.01087013,-0.70702323,0.70709237,1
28.200000,0.01271686,-0.08157985,-0.44303304,-1.56745803,1.04128063,-0.39607254,0.39866239,-0.046925,-0.294164,0.121559,-0.031920,-0.300000,0.113995,-0.012812,0.016570,0.000000,-0.00348762,-0.01124138,-0.70701743,0.70709817,1
28.220000,0.00905429,-0.07886250,-0.44997644,-1.56434381,1.03829122,-0.41127154,0.41241860,-0.048117,-0.295559,0.120493,-0.032640,-0.300000,0.112748,-0.014862,0.014758,0.000000,-0.00243153,-0.01151603,-0.70701301,0.70710259,1
28.240000,0.00529122,-0.07610141,-0.45696440,-1.56113803,1.03571749,-0.42647076,0.42587039,-0.049017,-0.297137,0.119371,-0.033360,-0.300000,0.111501,-0.016659,0.012695,0.000000,-0.00135454,-0.01169169,-0.70701012,0.70710548,1
28.260000,0.00157214,-0.07331800,-0.46399757,-1.55800128,1.03346634,-0.44167048,0.43909895,-0.049631,-0.298878,0.118194,-0.034080,-0.300000,0.110254,-0.018172,0.010415,0.000000,-0.00026590,-0.01176688,-0.70700887,0.70710673,1
28.280000,-0.00197252,-0.07053144,-0.47108367,-1.55507505,1.03147662,-0.45687097,0.45217502,-0.049965,-0.300754,0.116959,-0.034800,-0.300000,0.109007,-0.019374,0.007958,0.000000,0.00082502,-0.01174094,-0.70700930,0.70710630,1
28.300000,-0.00523032,-0.06776273,-0.47822791,-1.55249405,1.02969062,-0.47207198,0.46515730,-0.050029,-0.302733,0.115669,-0.035520,-0.300000,0.107760,-0.020246,0.005365,0.000000,0.00190885,-0.01161409,-0.70701140,0.70710420,1
28.320000,-0.00810295,-0.06503581,-0.48542669,-1.55038059,1.02805459,-0.48727372,0.47810313,-0.049832,-0.304779,0.114326,-0.036240,-0.300000,0.106513,-0.020773,0.002680,0.000000,0.00297645,-0.01138738,-0.70701509,0.70710051,1
28.340000,-0.01050380,-0.06237590,-0.49266589,-1.54884505,1.02651274,-0.50216132,0.49107039,-0.049394,-0.306851,0.112933,-0.036960,-0.300000,0.105265,-0.020945,-0.000050,0.000000,0.00401811,-0.01106289,-0.70702025,0.70709535,1
28.360000,-0.01235128,-0.05981296,-0.49991429,-1.54789531,1.02498984,-0.51593006,0.50392455,-0.048734,-0.308894,0.111495,-0.037680,-0.300000,0.104018,-0.020760,-0.002780,0.000000,0.00502539,-0.01064328,-0.70702668,0.70708892,1
28.380000,-0.01358781,-0.05739136,-0.50712621,-1.54736483,1.02336764,-0.52826476,0.51615798,-0.047843,-0.310879,0.110016,-0.038400,-0.300000,0.102771,-0.020220,-0.005462,0.000000,0.00598948,-0.01013219,-0.70703420,0.70708140,1
28.400000,-0.01422654,-0.05516971,-0.51427054,-1.54718781,1.02155411,-0.53901637,0.52741420,-0.046722,-0.312776,0.108496,-0.039120,-0.300000,0.101524,-0.019336,-0.008051,0.000000,0.00690222,-0.00953390,-0.70704250,0.70707310,1
28.420000,-0.01427801,-0.05320832,-0.52130419,-1.54739285,1.01949716,-0.54804128,0.53744507,-0.045393,-0.314557,0.106940,-0.039840,-0.300000,0.100277,-0.018121,-0.010503,0.000000,0.00775534,-0.00885388,-0.70705134,0.70706426,1
28.440000,-0.01370386,-0.05155586,-0.52814209,-1.54805255,1.01715660,-0.55513108,0.54602981,-0.043893,-0.316200,0.105361,-0.040560,-0.300000,0.099030,-0.016598,-0.012775,0.000000,0.00854193,-0.00809765,-0.70706041,0.70705519,1
28.460000,-0.01244007,-0.05026149,-0.53465462,-1.54921436,1.01453090,-0.56000686,0.55290234,-0.042266,-0.317684,0.103779,-0.041280,-0.300000,0.097783,-0.014791,-0.014830,0.000000,0.00925511,-0.00727181,-0.70706939,0.70704621,1
28.480000,-0.01044203,-0.04939422,-0.54067945,-1.55088007,1.01166940,-0.56238419,0.55771422,-0.040552,-0.318994,0.102213,-0.042000,-0.300000,0.096536,-0.012732,-0.016631,0.000000,0.00988883,-0.00638331,-0.70707797,0.70703763,1
28.500000,-0.00773023,-0.04904655,-0.54603541,-1.55299616,1.00867999,-0.56209260,0.56011528,-0.038779,-0.320117,0.100682,-0.042720,-0.300000,0.095289,-0.010455,-0.018149,0.000000,0.01043735,-0.00544023,-0.70708586,0.70702974,1
28.520000,-0.00437737,-0.04930723,-0.55051482,-1.55551767,1.00575888,-0.55910563,0.55984509,-0.036972,-0.321038,0.099210,-0.043440,-0.300000,0.094042,-0.008001,-0.019357,0.000000,0.01089627,-0.00445024,-0.70709278,0.70702282,1
28.540000,-0.00048262,-0.05025641,-0.55390018,-1.55842364,1.00316024,-0.55350596,0.55678403,-0.035159,-0.321745,0.097822,-0.044160,-0.300000,0.092795,-0.005409,-0.020235,0.000000,0.01126159,-0.00342181,-0.70709850,0.70701710,1
28.560000,0.00384447,-0.05196850,-0.55602598,-1.56169438,1.00113034,-0.54546291,0.55097395,-0.033365,-0.322224,0.096537,-0.044880,-0.300000,0.091548,-0.002726,-0.020767,0.000000,0.01153005,-0.00236413,-0.70710284,0.70701276,1
28.580000,0.00850370,-0.05447249,-0.55687189,-1.56531274,0.99981928,-0.53525800,0.54263979,-0.031620,-0.322452,0.095357,-0.045600,-0.300000,0.090301,0.000004,-0.020945,0.000000,0.01169940,-0.00128631,-0.70710561,0.70700999,1
28.600000,0.01342939,-0.05774545,-0.55655688,-1.56930351,0.99920136,-0.52324015,0.53213418,-0.029961,-0.322418,0.094269,-0.046320,-0.300000,0.089053,0.002735,-0.020766,0.000000,0.01176823,-0.00019725,-0.70710675,0.70700885,1
28.620000,0.01860625,-0.06171975,-0.55528688,-1.57372022,0.99906504,-0.50974351,0.51988429,-0.028435,-0.322121,0.093257,-0.047040,-0.300000,0.087806,0.005418,-0.020232,0.000000,0.01173591,0.00089368,-0.70710621,0.70700939,1
28.640000,0.02406310,-0.06628834,-0.55330610,-1.57860446,0.99908060,-0.49505302,0.50631183,-0.027091,-0.321582,0.092301,-0.047760,-0.300000,0.086559,0.008009,-0.019353,0.000000,0.01160273,0.00197675,-0.70710403,0.70701157,1
28.660000,0.02984078,-0.07132567,-0.55086440,-1.58395159,0.99890357,-0.47985211,0.49178123,-0.025964,-0.320834,0.091381,-0.048480,-0.300000,0.085312,0.010463,-0.018144,0.000000,0.01136983,0.00304282,-0.70710024,0.70701536,1
28.680000,0.03592500,-0.07669929,-0.54826790,-1.58977985,0.99825209,-0.46465150,0.47692439,-0.025088,-0.319892,0.090472,-0.049200,-0.300000,0.084065,0.012739,-0.016626,0.000000,0.01103927,0.00408257,-0.70709500,0.70702060,1
28.700000,0.04229795,-0.08226265,-0.54583496,-1.59608877,0.99684626,-0.44945252,0.46227831,-0.024497,-0.318755,0.089548,-0.049920,-0.300000,0.082818,0.014797,-0.014824,0.000000,0.01061371,0.00508755,-0.70708848,0.70702712,1
28.720000,0.04898066,-0.08786783,-0.54375035,-1.60278904,0.99441344,-0.43425375,0.44795987,-0.024215,-0.317454,0.088604,-0.050640,-0.300000,0.081571,0.016603,-0.012768,0.000000,0.01009699,0.00604863,-0.70708092,0.70703468,1
28.740000,0.05593501,-0.09340402,-0.54206699,-1.60969305,0.99085557,-0.41905487,0.43396533,-0.024242,-0.316022,0.087649,-0.051360,-0.300000,0.080324,0.018126,-0.010495,0.000000,0.00949348,0.00695772,-0.70707255,0.70704305,1
28.760000,0.06301709,-0.09882001,-0.54078621,-1.61655068,0.98626959,-0.40385571,0.42020887,-0.024556,-0.314473,0.086694,-0.052080,-0.300000,0.079077,0.019339,-0.008043,0.000000,0.00880837,0.00780699,-0.70706369,0.70705191,1
28.780000,0.07001519,-0.10411508,-0.53988671,-1.62312043,0.98082685,-0.38865608,0.40654927,-0.025126,-0.312819,0.085745,-0.052800,-0.300000,0.077830,0.020223,-0.005454,0.000000,0.00804755,0.00858915,-0.70705462,0.70706098,1
28.800000,0.07670344,-0.10931505,-0.53933448,-1.62918866,0.97469538,-0.37392902,0.39284515,-0.025913,-0.311094,0.084807,-0.053520,-0.300000,0.076583,0.020761,-0.002771,0.000000,0.00721755,0.00929748,-0.70704566,0.70706994,1
28.820000,0.08284567,-0.11443233,-0.53916407,-1.63464439,0.96802258,-0.36047435,0.37935904,-0.026880,-0.309333,0.083881,-0.054240,-0.300000,0.075336,0.020945,-0.000041,0.000000,0.00632551,0.00992589,-0.70703712,0.70707848,1
28.840000,0.08825266,-0.11942004,-0.53953272,-1.63950562,0.96086687,-0.34871417,0.36675829,-0.028013,-0.307551,0.082959,-0.054960,-0.300000,0.074089,0.020772,0.002689,0.000000,0.00537909,0.01046899,-0.70702929,0.70708631,1
28.860000,0.09288556,-0.12416135,-0.54060525,-1.64383268,0.95314538,-0.33888546,0.35557950,-0.029314,-0.305779,0.082041,-0.055680,-0.300000,0.072841,0.020244,0.005374,0.000000,0.00438643,0.01092211,-0.70702243,0.70709317,1
28.880000,0.09680731,-0.12850061,-0.54246014,-1.64766645,0.94475287,-0.33111185,0.34624088,-0.030790,-0.304063,0.081143,-0.056400,-0.300000,0.071594,0.019371,0.007966,0.000000,0.00335606,0.01128135,-0.70701679,0.70709881,1
28.900000,0.10008287,-0.13229877,-0.54512089,-1.65096259,0.93571186,-0.32549727,0.33902794,-0.032431,-0.302438,0.080287,-0.057120,-0.300000,0.070347,0.018167,0.010423,0.000000,0.00229683,0.01154364,-0.70701256,0.70710304,1
28.920000,0.10273179,-0.13547547,-0.54861104,-1.65365040,0.92615163,-0.32218140,0.33410615,-0.034214,-0.300920,0.079482,-0.057840,-0.300000,0.069100,0.016654,0.012702,0.000000,0.00121786,0.01170672,-0.70700988,0.70710572,1
28.940000,0.10474433,-0.13799882,-0.55295962,-1.65569866,0.91620326,-0.32132453,0.33161548,-0.036114,-0.299523,0.078728,-0.058560,-0.300000,0.067853,0.014856,0.014765,0.000000,0.00012842,0.01176918,-0.70700884,0.70710676,1
28.960000,0.10612288,-0.13986126,-0.55818123,-1.65711892,0.90598440,-0.32305452,0.33170071,-0.038104,-0.298263,0.078020,-0.059280,-0.300000,0.066606,0.012805,0.016575,0.000000,-0.00096213,0.01173050,-0.70700948,0.70710612,1
28.980000,0.10690032,-0.14105859,-0.56426650,-1.65795076,0.89561141,-0.32742256,0.33447716,-0.040162,-0.297156,0.077358,-0.060000,-0.300000,0.065359,0.010535,0.018103,0.000000,-0.00204440,0.01159100,-0.70701178,0.70710382,1
29.000000,0.10713392,-0.14158238,-0.57117170,-1.65823197,0.88521367,-0.33437967,0.33995667,-0.042118,-0.296240,0.076743,0.000140,-0.300000,0.100000,0.008085,0.019321,0.000000,-0.00311176,0.01135116,-0.70685008,0.70726547,0
29.020000,0.09866935,-0.13487251,-0.56593192,-1.64326513,0.87715656,-0.34958372,0.35515952,-0.041593,-0.297741,0.079854,0.000558,-0.299999,0.100000,0.005498,0.020211,0.000000,-0.00415731,0.01101135,-0.70636320,0.70775172,0
29.040000,0.08444792,-0.12353510,-0.55700505,-1.62818921,0.88975239,-0.36481899,0.37036276,-0.040593,-0.296849,0.084697,0.001247,-0.299997,0.100000,0.002817,0.020755,0.000000,-0.00517136,0.01057313,-0.70555666,0.70855576,0
29.060000,0.06941137,-0.11135216,-0.54794675,-1.61300671,0.90503216,-0.38000959,0.38299266,-0.039150,-0.295818,0.089697,0.002202,-0.299992,0.100000,0.000087,0.020945,0.000000,-0.00614431,0.01003906,-0.70443596,0.70966996,0
29.080000,0.05416373,-0.09888554,-0.53941393,-1.59781921,0.92033309,-0.39520216,0.39422980,-0.037254,-0.294955,0.094602,0.003416,-0.299981,0.100000,-0.002643,0.020778,0.000000,-0.00706668,0.00941265,-0.70300598,0.71108654,0
29.100000,0.03878187,-0.08623502,-0.53187668,-1.58263218,0.93561995,-0.41039756,0.40472645,-0.034883,-0.294155,0.099285,0.004886,-0.299960,0.100000,-0.005329,0.020256,0.000000,-0.00792932,0.00869841,-0.70127153,0.71279710,0
29.120000,0.02389100,-0.07486180,-0.52534771,-1.56740868,0.95094174,-0.42559239,0.41460308,-0.032074,-0.293451,0.103400,0.006603,-0.299927,0.100000,-0.007924,0.019388,0.000000,-0.00872344,0.00790178,-0.69923661,0.71479342,0
29.140000,0.00974185,-0.06601810,-0.52015501,-1.55217481,0.96627313,-0.44078797,0.42400324,-0.028861,-0.292830,0.106620,0.008564,-0.299878,0.100000,-0.010383,0.018190,0.000000,-0.00944072,0.00702915,-0.69690552,0.71706636,0
29.160000,-0.00374857,-0.05984367,-0.51645195,-1.53718102,0.97989732,-0.45598060,0.43292785,-0.025279,-0.292556,0.108938,0.010762,-0.299807,0.100000,-0.012666,0.016682,0.000000,-0.01007345,0.00608778,-0.69428165,0.71960716,0
29.180000,-0.01655736,-0.05580681,-0.51417363,-1.52400458,0.99086094,-0.47117200,0.44177186,-0.021545,-0.292797,0.110553,0.013190,-0.299710,0.100000,-0.014732,0.014888,0.000000,-0.01061458,0.00508575,-0.69136860,0.72240635,0
29.200000,-0.02837728,-0.05323782,-0.51301688,-1.51237381,0.99920100,-0.48636702,0.45118219,-0.017657,-0.293547,0.111657,0.015844,-0.299581,0.100000,-0.016547,0.012841,0.000000,-0.01105787,0.00403195,-0.68817006,0.72545396,0
29.220000,-0.03895662,-0.05144373,-0.51283079,-1.50217295,1.00538206,-0.50156468,0.46125591,-0.013617,-0.294691,0.112414,0.018717,-0.299416,0.100000,-0.018080,0.010574,0.000000,-0.01139792,0.00293590,-0.68468876,0.72874054,0
29.240000,-0.04818625,-0.04992479,-0.51346016,-1.49328077,1.00994265,-0.51676434,0.47194222,-0.009409,-0.296105,0.112947,0.021802,-0.299207,0.100000,-0.019304,0.008128,0.000000,-0.01163026,0.00180777,-0.68092829,0.73225551,0
29.260000,-0.05608161,-0.04842330,-0.51476634,-1.48558760,1.01336396,-0.53196520,0.48314038,-0.005003,-0.297679,0.113331,0.025093,-0.298949,0.100000,-0.020198,0.005543,0.000000,-0.01175147,0.00065822,-0.67689149,0.73598871,0
29.280000,-0.06274595,-0.04684900,-0.51663327,-1.47900677,1.01602936,-0.54716712,0.49474135,-0.000368,-0.299322,0.113601,0.028584,-0.298635,0.100000,-0.020749,0.002862,0.000000,-0.01175919,-0.00050166,-0.67258132,0.73992962,0
29.300000,-0.06831585,-0.04520309,-0.51895386,-1.47347355,1.01822507,-0.56237000,0.50665957,0.004521,-0.300957,0.113773,0.032268,-0.298260,0.100000,-0.020945,0.000133,0.000000,-0.01165217,-0.00166052,-0.66800129,0.74406703,0
29.320000,-0.07292293,-0.04351994,-0.52162915,-1.46893811,1.02014673,-0.57757354,0.51884621,0.009684,-0.302525,0.113856,0.036138,-0.297815,0.100000,-0.020783,-0.002598,0.000000,-0.01143034,-0.00280680,-0.66315413,0.74839032,0
29.340000,-0.07667644,-0.04183502,-0.52456492,-1.46536374,1.02191508,-0.59277767,0.53128058,0.015129,-0.303977,0.113858,0.040187,-0.297296,0.100000,-0.020267,-0.005285,0.000000,-0.01109484,-0.00392892,-0.65804307,0.75288829,0
29.360000,-0.07965980,-0.04017838,-0.52766860,-1.46271837,1.02359939,-0.60798246,0.54396605,0.020859,-0.305276,0.113788,0.044407,-0.296695,0.100000,-0.019406,-0.007881,0.000000,-0.01064798,-0.00501534,-0.65267173,0.75754939,0
29.380000,-0.08193480,-0.03857315,-0.53085476,-1.46097577,1.02523875,-0.62318796,0.55692244,0.026866,-0.306386,0.113656,0.048791,-0.296006,0.100000,-0.018213,-0.010344,0.000000,-0.01009328,-0.00605474,-0.64704321,0.76236248,0
29.400000,-0.08354486,-0.03703423,-0.53404731,-1.46011376,1.02685058,-0.63839406,0.57018042,0.033138,-0.307279,0.113471,0.053332,-0.295221,0.100000,-0.016709,-0.012629,0.000000,-0.00943536,-0.00703628,-0.64116130,0.76731588,0
29.420000,-0.08451851,-0.03556862,-0.53717798,-1.46011961,1.02843988,-0.65360063,0.58377695,0.039652,-0.307928,0.113242,0.058020,-0.294336,0.100000,-0.014921,-0.014699,0.000000,-0.00868041,-0.00794899,-0.63502948,0.77239823,0
29.440000,-0.08487550,-0.03417675,-0.54018575,-1.46098316,1.03000748,-0.66880804,0.59775102,0.046383,-0.308310,0.112980,0.062849,-0.293343,0.100000,-0.012877,-0.016519,0.000000,-0.00783509,-0.00878338,-0.62865158,0.77759800,0
29.460000,-0.08463451,-0.03285544,-0.54302025,-1.46268165,1.03155267,-0.68318361,0.61212116,0.053279,-0.308386,0.112694,0.067810,-0.292236,0.100000,-0.010614,-0.018056,0.000000,-0.00690755,-0.00953007,-0.62203181,0.78290350,0
29.480000,-0.08380308,-0.03160055,-0.54563081,-1.46490896,1.03298140,-0.69551188,0.62645495,0.060312,-0.308119,0.112389,0.072894,-0.291009,0.100000,-0.008170,-0.019286,0.000000,-0.00590664,-0.01018075,-0.61517413,0.78830340,0
29.500000,-0.08244041,-0.03043158,-0.54799390,-1.46714747,1.03412938,-0.70558441,0.63994187,0.067509,-0.307497,0.112057,0.078092,-0.289658,0.100000,-0.005587,-0.020186,0.000000,-0.00484276,-0.01072767,-0.60808323,0.79378602,0
29.520000,-0.08071276,-0.02941347,-0.55014265,-1.46914589,1.03490376,-0.71356124,0.65208763,0.074875,-0.306506,0.111677,0.083396,-0.288175,0.100000,-0.002908,-0.020742,0.000000,-0.00372616,-0.01116468,-0.60076347,0.79934017,0
29.540000,-0.07876821,-0.02861953,-0.55209988,-1.47090042,1.03524983,-0.71961945,0.66263342,0.082383,-0.305139,0.111233,0.088796,-0.286558,0.100000,-0.000179,-0.020944,0.000000,-0.00256838,-0.01148636,-0.59321974,0.80495454,0
29.560000,-0.07665911,-0.02809744,-0.55382705,-1.47251427,1.03512037,-0.72382039,0.67145097,0.089982,-0.303411,0.110730,0.094282,-0.284800,0.100000,0.002552,-0.020789,0.000000,-0.00138122,-0.01168863,-0.58545682,0.81061815,0
29.580000,-0.07437278,-0.02786742,-0.55524319,-1.47408056,1.03452623,-0.72613233,0.67842966,0.097616,-0.301339,0.110183,0.099846,-0.282897,0.100000,0.005240,-0.020279,0.000000,-0.00017762,-0.01176858,-0.57747993,0.81632003,0
29.600000,-0.07189302,-0.02794065,-0.55624795,-1.47564244,1.03355253,-0.72648859,0.68341357,0.105236,-0.298934,0.109610,0.105477,-0.280846,0.100000,0.007839,-0.019423,0.000000,0.00103024,-0.01172472,-0.56929435,0.82204952,0
29.620000,-0.06923230,-0.02833390,-0.55671537,-1.47721291,1.03235114,-0.72482657,0.68619758,0.112797,-0.296205,0.109032,0.111166,-0.278643,0.100000,0.010304,-0.018235,0.000000,0.00222948,-0.01155680,-0.56090583,0.82779594,0
29.640000,-0.06643014,-0.02907870,-0.55648971,-1.47878408,1.03114986,-0.72116226,0.68661684,0.120264,-0.293160,0.108471,0.116903,-0.276286,0.100000,0.012592,-0.016737,0.000000,0.00340686,-0.01126604,-0.55231982,0.83354921,0
29.660000,-0.06358504,-0.03022712,-0.55542660,-1.48031318,1.03021049,-0.71566749,0.68462914,0.127614,-0.289803,0.107943,0.122677,-0.273771,0.100000,0.014666,-0.014953,0.000000,0.00454966,-0.01085503,-0.54354208,0.83929939,0
29.680000,-0.06084688,-0.03184869,-0.55344594,-1.48176372,1.02977741,-0.70862865,0.68034333,0.134830,-0.286133,0.107450,0.128479,-0.271096,0.100000,0.016490,-0.012914,0.000000,0.00564572,-0.01032753,-0.53457921,0.84503641,0
29.700000,-0.05834436,-0.03399040,-0.55056047,-1.48314273,1.02997553,-0.70038015,0.67401147,0.141891,-0.282155,0.106983,0.134299,-0.268261,0.100000,0.018033,-0.010654,0.000000,0.00668300,-0.00968868,-0.52543702,0.85075108,0
29.720000,-0.05612963,-0.03662938,-0.54687917,-1.48449409,1.03075194,-0.69125009,0.66600609,0.148765,-0.277892,0.106533,0.140126,-0.265263,0.100000,0.019268,-0.008212,0.000000,0.00764973,-0.00894516,-0.51612238,0.85643397,0
29.740000,-0.05417876,-0.03967294,-0.54257715,-1.48586857,1.03191888,-0.68152660,0.65673941,0.155421,-0.273379,0.106095,0.145951,-0.262104,0.100000,0.020174,-0.005631,0.000000,0.00853531,-0.00810455,-0.50664182,0.86207629,0
29.760000,-0.05242639,-0.04298575,-0.53786713,-1.48729599,1.03322899,-0.67146391,0.64661276,0.161830,-0.268657,0.105663,0.151763,-0.258782,0.100000,0.020736,-0.002953,0.000000,0.00932973,-0.00717581,-0.49700232,0.86766938,0
29.780000,-0.05080383,-0.04642119,-0.53296900,-1.48877776,1.03443205,-0.66129988,0.63597208,0.167970,-0.263763,0.105233,0.157552,-0.255298,0.100000,0.020944,-0.000225,0.000000,0.01002437,-0.00616835,-0.48721121,0.87320484,0
29.800000,-0.04926488,-0.04984425,-0.52809089,-1.49028969,1.03531480,-0.65127432,0.62511581,0.173826,-0.258732,0.104802,0.163309,-0.251655,0.100000,0.020795,0.002507,0.000000,0.01061103,-0.00509337,-0.47727590,0.87867467,0
29.820000,-0.04779455,-0.05313998,-0.52341902,-1.49179065,1.03571177,-0.64163661,0.61431235,0.179395,-0.253595,0.104363,0.169024,-0.247853,0.100000,0.020290,0.005196,0.000000,0.01108315,-0.00396230,-0.46720375,0.88407133,0
29.840000,-0.04640414,-0.05621135,-0.51911420,-1.49323606,1.03551090,-0.63264334,0.60382134,0.184678,-0.248375,0.103914,0.174687,-0.243894,0.100000,0.019440,0.007796,0.000000,0.01143528,-0.00278739,-0.45700316,0.88938719,0
29.860000,-0.04512039,-0.05897427,-0.51530856,-1.49458385,1.03464854,-0.62455165,0.59390289,0.189682,-0.243096,0.103454,0.180289,-0.239783,0.100000,0.018258,0.010263,0.000000,0.01166333,-0.00158144,-0.44668189,0.89461542,0
29.880000,-0.04397423,-0.06135346,-0.51210493,-1.49579704,1.03310609,-0.61761004,0.58482224,0.194414,-0.237776,0.102985,0.185821,-0.235522,0.100000,0.016765,0.012556,0.000000,0.01176457,-0.00035761,-0.43624883,0.89974909,0
29.900000,-0.04299286,-0.06327962,-0.50957382,-1.49684751,1.03090513,-0.61205298,0.57684308,0.198887,-0.232434,0.102514,0.191274,-0.231116,0.100000,0.014985,0.014634,0.000000,0.01173771,0.00087067,-0.42571251,0.90478192,0
29.920000,-0.04219594,-0.06468970,-0.50775415,-1.49771583,1.02810407,-0.60809559,0.57022804,0.203111,-0.227087,0.102053,0.196639,-0.226568,0.100000,0.012950,0.016462,0.000000,0.01158289,0.00208990,-0.41508202,0.90970786,0
29.940000,-0.04159483,-0.06553071,-0.50665730,-1.49839294,1.02479506,-0.60593885,0.56523114,0.207101,-0.221751,0.101616,0.201909,-0.221884,0.100000,0.010693,0.018010,0.000000,0.01130168,0.00328668,-0.40436655,0.91452128,0
29.960000,-0.04119551,-0.06576994,-0.50626016,-1.49888301,1.02110565,-0.60575867,0.56207424,0.210871,-0.216443,0.101219,0.207076,-0.217070,0.100000,0.008255,0.019250,0.000000,0.01089712,0.00444781,-0.39357579,0.91921682,0
29.980000,-0.04100088,-0.06541041,-0.50651234,-1.49919403,1.01720822,-0.60767549,0.56092662,0.214436,-0.211173,0.100875,0.212132,-0.212132,0.100000,0.005675,0.020162,0.000000,0.01037358,0.00556050,-0.38271970,0.92378953,0
30.000000,-0.04101551,-0.06449315,-0.50733203,-1.49934816,1.01328504,-0.61173826,0.56188029,0.217814,-0.205954,0.100591,0.217070,-0.207076,0.100000,0.002999,0.020729,0.000000,0.00973683,0.00661251,-0.37180819,0.92823496,0
30.020000,-0.04124931,-0.06308657,-0.50860286,-1.49936843,1.00949907,-0.61788303,0.56490809,0.221026,-0.200801,0.100378,0.221884,-0.201909,0.100000,0.000271,0.020943,0.000000,0.00899388,0.00759225,-0.36085185,0.93254888,0
30.040000,-0.04169847,-0.06126851,-0.51016724,-1.49925935,1.00601435,-0.62588590,0.56982356,0.224101,-0.195730,0.100249,0.226568,-0.196639,0.100000,-0.002461,0.020800,0.000000,0.00815294,0.00848897,-0.34986150,0.93672749,0
30.060000,-0.04236774,-0.05913193,-0.51183772,-1.49896395,1.00299954,-0.63544977,0.57631248,0.227073,-0.190746,0.100219,0.231116,-0.191274,0.100000,-0.005151,0.020302,0.000000,0.00722334,0.00929289,-0.33884735,0.94076774,0
30.080000,-0.04330260,-0.05678715,-0.51344573,-1.49837935,1.00061977,-0.64630860,0.58400387,0.229982,-0.185840,0.100291,0.235522,-0.185821,0.100000,-0.007753,0.019457,0.000000,0.00621535,0.00999524,-0.32782107,0.94466651,0
30.100000,-0.04457246,-0.05434721,-0.51487190,-1.49742532,0.99901640,-0.65824819,0.59256238,0.232863,-0.180993,0.100462,0.239783,-0.180289,0.100000,-0.010223,0.018281,0.000000,0.00514015,0.01058843,-0.31679369,0.94842144,0
30.120000,-0.04622769,-0.05190546,-0.51604301,-1.49608147,0.99826062,-0.67107427,0.60173410,0.235745,-0.176192,0.100723,0.243894,-0.174687,0.100000,-0.012519,0.016792,0.000000,0.00400963,0.01106614,-0.30577660,0.95203053,0
30.140000,-0.04827283,-0.04952253,-0.51692075,-1.49436486,0.99835461,-0.68458444,0.61133879,0.238650,-0.171429,0.101068,0.247853,-0.169024,0.100000,-0.014601,0.015017,0.000000,0.00283626,0.01142331,-0.29478111,0.95549231,0
30.160000,-0.05067627,-0.04722714,-0.51750082,-1.49229944,0.99924743,-0.69857329,0.62123841,0.241596,-0.166698,0.101490,0.251655,-0.163309,0.100000,-0.016434,0.012986,0.000000,0.00163296,0.01165630,-0.28381914,0.95880559,0
30.180000,-0.05338820,-0.04502082,-0.51781505,-1.48991489,1.00085545,-0.71285385,0.63131851,0.244597,-0.161991,0.101981,0.255298,-0.157552,0.100000,-0.017986,0.010733,0.000000,0.00041294,0.01176285,-0.27290201,0.96196983,0
30.200000,-0.05634839,-0.04288542,-0.51791960,-1.48725021,1.00307274,-0.72726262,0.64149141,0.247660,-0.157297,0.102534,0.258782,-0.151763,0.100000,-0.019232,0.008297,0.000000,-0.00081045,0.01174212,-0.26204182,0.96498474,0
30.220000,-0.05948803,-0.04079795,-0.51787746,-1.48434973,1.00578547,-0.74165994,0.65168607,0.250790,-0.152608,0.103141,0.262104,-0.145951,0.100000,-0.020149,0.005719,0.000000,-0.00202388,0.01159469,-0.25125014,0.96785062,0
30.240000,-0.06273719,-0.03874162,-0.51774937,-1.48126006,1.00888085,-0.75592071,0.66185260,0.253990,-0.147913,0.103794,0.265263,-0.140127,0.100000,-0.020723,0.003044,0.000000,-0.00321421,0.01132257,-0.24053858,0.97056821,0
30.260000,-0.06603194,-0.03670666,-0.51759380,-1.47802651,1.01226008,-0.76993251,0.67194730,0.257259,-0.143200,0.104483,0.268261,-0.134299,0.100000,-0.020943,0.000317,0.000000,-0.00436862,0.01092914,-0.22991886,0.97313863,0
30.280000,-0.06931628,-0.03468900,-0.51746607,-1.47469366,1.01583874,-0.78359318,0.68192750,0.260592,-0.138455,0.105197,0.271096,-0.128479,0.100000,-0.020805,-0.002415,0.000000,-0.00547476,0.01041909,-0.21940250,0.97556343,0
30.300000,-0.07254305,-0.03268921,-0.51741630,-1.47130442,1.01954198,-0.79681146,0.69174927,0.263981,-0.133666,0.105926,0.273771,-0.122677,0.100000,-0.020313,-0.005107,0.000000,-0.00652089,0.00979838,-0.20900115,0.97784456,0
30.320000,-0.07567293,-0.03071213,-0.51748681,-1.46789861,1.02330184,-0.80950171,0.70137006,0.267416,-0.128817,0.106660,0.276286,-0.116903,0.100000,-0.019474,-0.007711,0.000000,-0.00749600,0.00907416,-0.19872629,0.97998435,0
30.340000,-0.07867226,-0.02876650,-0.51771230,-1.46451354,1.02706242,-0.82158375,0.71074408,0.270884,-0.123897,0.107388,0.278643,-0.111166,0.100000,-0.018303,-0.010183,0.000000,-0.00838997,0.00825466,-0.18858918,0.98198553,0
30.360000,-0.08151250,-0.02686458,-0.51811844,-1.46118617,1.03077364,-0.83297896,0.71982342,0.274369,-0.118893,0.108101,0.280846,-0.105477,0.100000,-0.016819,-0.012482,0.000000,-0.00919363,0.00734910,-0.17860085,0.98385121,0
30.380000,-0.08416961,-0.02502133,-0.51872361,-1.45795047,1.03439474,-0.84360927,0.72855753,0.277852,-0.113797,0.108790,0.282897,-0.099846,0.100000,-0.015049,-0.014568,0.000000,-0.00989886,0.00636755,-0.16877250,0.98558475,0
30.400000,-0.08662288,-0.02325409,-0.51953691,-1.45483887,1.03788817,-0.85339469,0.73689002,0.281314,-0.108601,0.109449,0.284800,-0.094282,0.100000,-0.013022,-0.016405,0.000000,-0.01049871,0.00532085,-0.15911524,0.98718985,0
30.420000,-0.08885404,-0.02158140,-0.52055919,-1.45188057,1.04122162,-0.86225241,0.74476153,0.284733,-0.103302,0.110070,0.286558,-0.088796,0.100000,-0.010773,-0.017962,0.000000,-0.01098742,0.00422043,-0.14963971,0.98867053,0
30.440000,-0.09084608,-0.02002243,-0.52178264,-1.44910383,1.04436541,-0.87009692,0.75210446,0.288087,-0.097899,0.110648,0.288176,-0.083396,0.100000,-0.008339,-0.019213,0.000000,-0.01136050,0.00307820,-0.14035679,0.99003103,0
30.460000,-0.09258224,-0.01859736,-0.52319056,-1.44653535,1.04729450,-0.87683564,0.75884503,0.291354,-0.092397,0.111180,0.289658,-0.078092,0.100000,-0.005764,-0.020136,0.000000,-0.01161474,0.00190640,-0.13127691,0.99127586,0
30.480000,-0.09404639,-0.01732524,-0.52475178,-1.44420350,1.04998684,-0.88237268,0.76490241,0.294510,-0.086803,0.111665,0.291009,-0.072894,0.100000,-0.003090,-0.020716,0.000000,-0.01174827,0.00071730,-0.12241068,0.99240974,0
30.500000,-0.09522235,-0.01622280,-0.52641815,-1.44213605,1.05243015,-0.88660586,0.77019203,0.297534,-0.081129,0.112104,0.292236,-0.067810,0.100000,-0.000363,-0.020942,0.000000,-0.01176050,-0.00047609,-0.11376840,0.99343757,0
30.520000,-0.09609294,-0.01530882,-0.52812707,-1.44035923,1.05463481,-0.88943237,0.77462077,0.300405,-0.075391,0.112503,0.293343,-0.062849,0.100000,0.002370,-0.020811,0.000000,-0.01165217,-0.00166191,-0.10536051,0.99436443,0
30.540000,-0.09663922,-0.01460602,-0.52980357,-1.43890309,1.05662107,-0.89074838,0.77808678,0.303101,-0.069609,0.112868,0.294336,-0.058020,0.100000,0.005062,-0.020324,0.000000,-0.01142530,-0.00282782,-0.09719712,0.99519555,0
30.560000,-0.09683655,-0.01414044,-0.53135955,-1.43780315,1.05841935,-0.89044797,0.78049457,0.305604,-0.063809,0.113205,0.295222,-0.053332,0.100000,0.007668,-0.019491,0.000000,-0.01108305,-0.00396219,-0.08928856,0.99593625,0
30.580000,-0.09665556,-0.01393926,-0.53270280,-1.43709588,1.06006384,-0.88843197,0.78175193,0.307895,-0.058021,0.113523,0.296006,-0.048791,0.100000,0.010143,-0.018325,0.000000,-0.01063001,-0.00505318,-0.08164486,0.99659199,0
30.600000,-0.09606408,-0.01403105,-0.53374159,-1.43681908,1.06158257,-0.88460618,0.78176326,0.309961,-0.052281,0.113829,0.296695,-0.044407,0.100000,0.012445,-0.016847,0.000000,-0.01007153,-0.00609058,-0.07427628,0.99716824,0
30.620000,-0.09503557,-0.01444384,-0.53438771,-1.43699110,1.06299150,-0.87888891,0.78042275,0.311793,-0.046625,0.114131,0.297296,-0.040187,0.100000,0.014535,-0.015081,0.000000,-0.00941420,-0.00706421,-0.06719301,0.99767057,0
30.640000,-0.09355517,-0.01520660,-0.53456193,-1.43761146,1.06431007,-0.87121773,0.77760768,0.313382,-0.041088,0.114432,0.297816,-0.036138,0.100000,0.016377,-0.013058,0.000000,-0.00866538,-0.00796500,-0.06040504,0.99810455,0
30.660000,-0.09164145,-0.01635514,-0.53420705,-1.43864357,1.06555295,-0.86162257,0.77322245,0.314724,-0.035697,0.114731,0.298260,-0.032268,0.100000,0.017939,-0.010812,0.000000,-0.00783375,-0.00878424,-0.05392233,0.99847576,0
30.680000,-0.08935125,-0.01792284,-0.53330630,-1.44004345,1.06673801,-0.85024792,0.76724648,0.315812,-0.030476,0.115015,0.298635,-0.028584,0.100000,0.019195,-0.008381,0.000000,-0.00692797,-0.00951496,-0.04775508,0.99878973,0
30.700000,-0.08674135,-0.01991677,-0.53189355,-1.44181001,1.06786311,-0.83730239,0.75975162,0.316637,-0.025456,0.115274,0.298949,-0.025093,0.100000,0.020124,-0.005808,0.000000,-0.00595766,-0.01015078,-0.04191348,0.99905191,0
30.720000,-0.08383557,-0.02231145,-0.53003603,-1.44397724,1.06887698,-0.82300085,0.75088698,0.317192,-0.020677,0.115494,0.299207,-0.021802,0.100000,0.020709,-0.003135,0.000000,-0.00493328,-0.01068625,-0.03640751,0.99926771,0
30.740000,-0.08062878,-0.02506310,-0.52781439,-1.44656825,1.06967318,-0.80779672,0.74084014,0.317487,-0.016179,0.115668,0.299416,-0.018717,0.100000,0.020941,-0.000409,0.000000,-0.00386520,-0.01111731,-0.03124711,0.99944239,0
30.760000,-0.07712743,-0.02811232,-0.52536494,-1.44962776,1.07013786,-0.79259026,0.72999269,0.317541,-0.011998,0.115778,0.299581,-0.015844,0.100000,0.020816,0.002324,0.000000,-0.00276439,-0.01144087,-0.02644273,0.99958104,0
30.780000,-0.07335357,-0.03135785,-0.52294070,-1.45328963,1.07014132,-0.77738577,0.71911860,0.317329,-0.008196,0.115797,0.299710,-0.013190,0.100000,0.020335,0.005017,0.000000,-0.00164124,-0.01165515,-0.02200405,0.99968859,0
30.800000,-0.06921574,-0.03464285,-0.52070606,-1.45755661,1.06941235,-0.76218158,0.70841265,0.316871,-0.004833,0.115727,0.299807,-0.010762,0.100000,0.019508,0.007625,0.000000,-0.00050722,-0.01175922,-0.01794124,0.99976976,0
30.820000,-0.06465020,-0.03784054,-0.51871103,-1.46231925,1.06776786,-0.74697703,0.69790232,0.316200,-0.001949,0.115578,0.299878,-0.008564,0.100000,0.018347,0.010103,0.000000,0.00062700,-0.01175344,-0.01426466,0.99982898,0
30.840000,-0.05972868,-0.04090704,-0.51695770,-1.46736753,1.06523156,-0.73177183,0.68752694,0.315334,0.000454,0.115354,0.299927,-0.006603,0.100000,0.016874,0.012408,0.000000,0.00175081,-0.01163918,-0.01098369,0.99987040,0
30.860000,-0.05461711,-0.04385863,-0.51541537,-1.47249067,1.06194127,-0.71656573,0.67714286,0.314283,0.002382,0.115049,0.299960,-0.004886,0.100000,0.015113,0.014502,0.000000,0.00285385,-0.01141887,-0.00810886,0.99989785,0
30.880000,-0.04951596,-0.04674301,-0.51401126,-1.47749174,1.05807030,-0.70135909,0.66659045,0.313063,0.003849,0.114662,0.299981,-0.003416,0.100000,0.013094,0.016348,0.000000,0.00392624,-0.01109588,-0.00564946,0.99991477,0
30.900000,-0.04462769,-0.04961824,-0.51265019,-1.48218429,1.05380094,-0.68615168,0.65572464,0.311695,0.004869,0.114197,0.299992,-0.002202,0.100000,0.010851,0.017915,0.000000,0.00495856,-0.01067452,-0.00361589,0.99992419,0
30.920000,-0.04014440,-0.05253876,-0.51124120,-1.48639321,1.04930866,-0.67094344,0.64441967,0.310203,0.005457,0.113661,0.299997,-0.001247,0.100000,0.008423,0.019177,0.000000,0.00594199,-0.01015994,-0.00201755,0.99992870,0
30.940000,-0.03623957,-0.05554723,-0.50971258,-1.48996019,1.04473758,-0.65573472,0.63257074,0.308614,0.005626,0.113061,0.299999,-0.000558,0.100000,0.005852,0.020111,0.000000,0.00686835,-0.00955806,-0.00086423,0.99993036,0
30.960000,0.07017697,0.05725316,0.07907308,-0.05484024,0.01901168,-0.08031746,0.08064353,0.398784,-0.017905,0.384381,0.300000,0.060000,0.100000,-0.018066,0.001204,0.001325,-0.00903647,0.00059640,0.00066807,0.99995877,1
30.980000,0.06491222,0.05654426,0.06642136,-0.07363837,0.03306515,-0.09540597,0.06544239,0.433725,-0.060021,0.373245,0.300000,0.059981,0.101508,0.025052,-0.021680,-0.013971,0.01245306,-0.01092966,-0.00685112,0.99983925,1
