# rollout meta: {"joint_names": ["joint1", "joint2", "joint3", "joint4", "joint5", "joint6", "joint7"], "dt": 0.02, "n": 1550, "has_base": true, "source": "task_ik_6d", "note": "draw/turn phases, base 1s jitter + smooth facing turns"}
t,q1,q2,q3,q4,q5,q6,q7,ee_x,ee_y,ee_z,tgt_x,tgt_y,tgt_z,bx,by,bz,bqx,bqy,bqz,bqw,drawing
0.000000,-0.08114707,-0.00906508,-0.60339578,1.67069936,-0.95936274,-0.01020715,-3.15000000,0.299976,0.059926,0.100048,0.300000,0.060000,0.100000,0.020000,0.000000,0.000000,0.00000057,0.00075592,-0.00075584,0.99999943,1
0.020000,-0.07252385,-0.01306136,-0.59229012,1.65876691,-0.96586665,-0.03468195,-3.15000000,0.299994,0.060055,0.101463,0.300000,0.059981,0.101508,0.019842,0.002507,0.000000,0.00010993,0.00069522,-0.00080462,0.99999943,1
0.040000,-0.06318877,-0.01494896,-0.58293658,1.64674771,-0.97299911,-0.03513694,-3.15000000,0.299985,0.060003,0.102967,0.300000,0.059924,0.103015,0.019372,0.004974,0.000000,0.00021755,0.00062355,-0.00084070,0.99999943,1
0.060000,-0.05403768,-0.01744409,-0.57284605,1.63509320,-0.98037053,-0.03117426,-3.14788521,0.299975,0.059908,0.104472,0.300000,0.059830,0.104520,0.018596,0.007362,0.000000,0.00032172,0.00054205,-0.00086350,0.99999943,1
0.080000,-0.04522300,-0.02105020,-0.56150087,1.62396720,-0.98798282,-0.02684028,-3.14573625,0.299965,0.059773,0.105975,0.300000,0.059697,0.106022,0.017526,0.009635,0.000000,0.00042080,0.00045199,-0.00087267,0.99999943,1
0.100000,-0.03686762,-0.02574632,-0.54891221,1.61351415,-0.99583619,-0.02255973,-3.14398089,0.299956,0.059600,0.107473,0.300000,0.059527,0.107520,0.016180,0.011756,0.000000,0.00051325,0.00035481,-0.00086805,0.99999943,1
0.120000,-0.02908323,-0.03144402,-0.53516328,1.60386232,-1.00392398,-0.01838377,-3.14265366,0.299948,0.059388,0.108967,0.300000,0.059319,0.109014,0.014579,0.013691,0.000000,0.00059759,0.00025205,-0.00084972,0.99999943,1
0.140000,-0.02196921,-0.03803906,-0.52035697,1.59512192,-1.01223389,-0.01434765,-3.14176820,0.299940,0.059137,0.110455,0.300000,0.059074,0.110501,0.012748,0.015410,0.000000,0.00067252,0.00014532,-0.00081797,0.99999943,1
0.160000,-0.01561129,-0.04541465,-0.50461285,1.58738385,-1.02074876,-0.01048166,-3.14132876,0.299934,0.058848,0.111937,0.300000,0.058791,0.111983,0.010717,0.016887,0.000000,0.00073684,0.00003632,-0.00077330,0.99999943,1
0.180000,-0.01008045,-0.05344322,-0.48806534,1.58071880,-1.02944735,-0.00681139,-3.14133053,0.299928,0.058521,0.113410,0.300000,0.058472,0.113456,0.008516,0.018097,0.000000,0.00078956,-0.00007324,-0.00071643,0.99999943,1
0.200000,-0.00543211,-0.06198835,-0.47086192,1.57517683,-1.03830511,-0.00335779,-3.14175989,0.299924,0.058157,0.114876,0.300000,0.058115,0.114921,0.006180,0.019021,0.000000,0.00082984,-0.00018164,-0.00064824,0.99999943,1
0.220000,-0.00170557,-0.07090672,-0.45316100,1.57078742,-1.04729486,-0.00013743,-3.14259483,0.299920,0.057756,0.116332,0.300000,0.057722,0.116377,0.003748,0.019646,0.000000,0.00085704,-0.00028715,-0.00056983,0.99999943,1
0.240000,0.00107625,-0.08005010,-0.43512982,1.56755978,-1.05638734,0.00283721,-3.14380556,0.299918,0.057318,0.117777,0.300000,0.057292,0.117822,0.001256,0.019961,0.000000,0.00087076,-0.00038813,-0.00048243,0.99999943,1
0.260000,0.00290687,-0.08926742,-0.41694213,1.56548351,-1.06555174,0.00555736,-3.14535528,0.299918,0.056843,0.119212,0.300000,0.056826,0.119257,-0.001256,0.019961,0.000000,0.00087076,-0.00048298,-0.00038743,0.99999943,1
0.280000,0.00379606,-0.09840688,-0.39877580,1.56452956,-1.07475602,0.00801747,-3.14720106,0.299918,0.056332,0.120634,0.300000,0.056324,0.120679,-0.003748,0.019646,0.000000,0.00085704,-0.00057020,-0.00028633,0.99999943,1
0.300000,0.00376951,-0.10731798,-0.38081033,1.56465130,-1.08396721,0.01021480,-3.14929494,0.299920,0.055786,0.122043,0.300000,0.055787,0.122087,-0.006180,0.019021,0.000000,0.00082984,-0.00064844,-0.00018072,0.99999943,1
0.320000,0.00286908,-0.11596818,-0.36309137,1.56578480,-1.09317014,0.01133051,-3.15000000,0.299923,0.055205,0.123438,0.300000,0.055214,0.123482,-0.008516,0.018097,0.000000,0.00078956,-0.00071645,-0.00007227,0.99999943,1
0.340000,0.00115111,-0.12426039,-0.34573804,1.56785124,-1.10234219,0.01105260,-3.15000000,0.299928,0.054590,0.124819,0.300000,0.054606,0.124863,-0.010717,0.016887,0.000000,0.00073684,-0.00077317,0.00003730,0.99999943,1
0.360000,-0.00131594,-0.13196004,-0.32903369,1.57075999,-1.11143512,0.01010814,-3.15000000,0.299933,0.053941,0.126183,0.300000,0.053964,0.126227,-0.012748,0.015410,0.000000,0.00067252,-0.00081771,0.00014626,0.99999943,1
0.380000,-0.00445103,-0.13890451,-0.31318333,1.57440849,-1.12040782,0.00877872,-3.15000000,0.299940,0.053258,0.127532,0.300000,0.053288,0.127575,-0.014579,0.013691,0.000000,0.00059759,-0.00084938,0.00025291,0.99999943,1
0.400000,-0.00816201,-0.14496595,-0.29835428,1.57868419,-1.12922239,0.00718064,-3.15000000,0.299947,0.052542,0.128862,0.300000,0.052578,0.128905,-0.016180,0.011756,0.000000,0.00051325,-0.00086767,0.00035556,0.99999943,1
0.420000,-0.01234726,-0.15003586,-0.28469323,1.58346651,-1.13784229,0.00538906,-3.15000000,0.299956,0.051794,0.130175,0.300000,0.051835,0.130217,-0.017526,0.009635,0.000000,0.00042080,-0.00087229,0.00045259,0.99999943,1
0.440000,-0.01689740,-0.15402261,-0.27232824,1.58862875,-1.14623237,0.00346766,-3.15000000,0.299965,0.051014,0.131468,0.300000,0.051060,0.131510,-0.018596,0.007362,0.000000,0.00032172,-0.00086318,0.00054247,0.99999943,1
0.460000,-0.02169708,-0.15685209,-0.26136734,1.59404002,-1.15435961,0.00147527,-3.15000000,0.299974,0.050204,0.132742,0.300000,0.050252,0.132784,-0.019372,0.004974,0.000000,0.00021755,-0.00084047,0.00062381,0.99999943,1
0.480000,-0.02662689,-0.15846889,-0.25189623,1.59956712,-1.16219396,-0.00053300,-3.15000000,0.299984,0.049362,0.133995,0.300000,0.049412,0.134036,-0.019842,0.002507,0.000000,0.00010993,-0.00080453,0.00069530,0.99999943,1
0.500000,-0.03156525,-0.15883744,-0.24397635,1.60507652,-1.16970927,-0.00250589,-3.15000000,0.299995,0.048491,0.135226,0.300000,0.048541,0.135267,-0.020000,0.000000,0.000000,0.00000057,-0.00075592,0.00075584,0.99999943,1
0.520000,-0.03639047,-0.15794277,-0.23764317,1.61043616,-1.17688421,-0.00439623,-3.15000000,0.300005,0.047590,0.136435,0.300000,0.047639,0.136476,-0.019842,-0.002507,0.000000,-0.00010881,-0.00069540,0.00080447,0.99999943,1
0.540000,-0.04098260,-0.15579096,-0.23290515,1.61551726,-1.18370298,-0.00616112,-3.15000000,0.300015,0.046660,0.137621,0.300000,0.046708,0.137661,-0.019372,-0.004974,0.000000,-0.00021650,-0.00062392,0.00084043,0.99999943,1
0.560000,-0.04522536,-0.15240920,-0.22974328,1.62019604,-1.19015596,-0.00776202,-3.15000000,0.300025,0.045702,0.138784,0.300000,0.045747,0.138823,-0.018596,-0.007362,0.000000,-0.00032078,-0.00054260,0.00086316,0.99999943,1
0.580000,-0.04900789,-0.14784539,-0.22811126,1.62435532,-1.19624007,-0.00916466,-3.15000000,0.300035,0.044716,0.139922,0.300000,0.044756,0.139961,-0.017526,-0.009635,0.000000,-0.00042001,-0.00045273,0.00087229,0.99999943,1
0.600000,-0.05222639,-0.14216736,-0.22793646,1.62788603,-1.20195887,-0.01033901,-3.15000000,0.300044,0.043703,0.141034,0.300000,0.043738,0.141073,-0.016180,-0.011756,0.000000,-0.00051263,-0.00035570,0.00086768,0.99999943,1
0.620000,-0.05478555,-0.13546643,-0.22911573,1.63068845,-1.20732341,-0.01129249,-3.14993935,0.300052,0.042664,0.142121,0.300000,0.042692,0.142159,-0.014579,-0.013691,0.000000,-0.00059717,-0.00025307,0.00084941,0.99999943,1
0.640000,-0.05659976,-0.12787520,-0.23149502,1.63267328,-1.21235500,-0.01220565,-3.14949845,0.300060,0.041598,0.143182,0.300000,0.041619,0.143219,-0.012748,-0.015410,0.000000,-0.00067228,-0.00014642,0.00081777,0.99999943,1
0.660000,-0.05759454,-0.11952112,-0.23492546,1.63376331,-1.21707580,-0.01311899,-3.14876578,0.300066,0.040507,0.144215,0.300000,0.040520,0.144251,-0.010717,-0.016887,0.000000,-0.00073679,-0.00003746,0.00077325,0.99999943,1
0.680000,-0.05770750,-0.11053461,-0.23925349,1.63389423,-1.22151075,-0.01400457,-3.14776242,0.300072,0.039391,0.145220,0.300000,0.039395,0.145255,-0.008516,-0.018097,0.000000,-0.00078966,0.00007211,0.00071654,0.99999943,1
0.700000,-0.05688894,-0.10105635,-0.24431261,1.63301530,-1.22568863,-0.01483269,-3.14651052,0.300076,0.038251,0.146197,0.300000,0.038245,0.146231,-0.006180,-0.019021,0.000000,-0.00083007,0.00018056,0.00064854,0.99999943,1
0.720000,-0.05510251,-0.09123519,-0.24992618,1.63109000,-1.22964137,-0.01557461,-3.14503493,0.300080,0.037088,0.147144,0.300000,0.037072,0.147177,-0.003748,-0.019646,0.000000,-0.00085737,0.00028618,0.00057032,0.99999943,1
0.740000,-0.05232563,-0.08122585,-0.25591066,1.62809656,-1.23340318,-0.01620329,-3.14336274,0.300082,0.035901,0.148062,0.300000,0.035874,0.148094,-0.001256,-0.019961,0.000000,-0.00087113,0.00038729,0.00048311,0.99999943,1
0.760000,-0.04854980,-0.07118638,-0.26207888,1.62402829,-1.23700965,-0.01669401,-3.14152281,0.300082,0.034691,0.148949,0.300000,0.034654,0.148980,0.001256,-0.019961,0.000000,-0.00087113,0.00048230,0.00038827,0.99999943,1
0.780000,-0.04378072,-0.06127572,-0.26824331,1.61889382,-1.24049689,-0.01702495,-3.13954539,0.300082,0.033460,0.149806,0.300000,0.033413,0.149836,0.003748,-0.019646,0.000000,-0.00085737,0.00056971,0.00028731,0.99999943,1
0.800000,-0.03794609,-0.05149613,-0.27431225,1.61261818,-1.24395887,-0.01718011,-3.13742890,0.300040,0.032179,0.150645,0.300000,0.032150,0.150660,0.006180,-0.019021,0.000000,-0.00083007,0.00064813,0.00018180,0.99999943,1
0.820000,-0.03124758,-0.04231552,-0.27991598,1.60542072,-1.24731406,-0.01713652,-3.13526966,0.300038,0.030900,0.151438,0.300000,0.030866,0.151452,0.008516,-0.018097,0.000000,-0.00078966,0.00071633,0.00007341,0.99999943,1
0.840000,-0.02365894,-0.03372573,-0.28497786,1.59727612,-1.25065225,-0.01688847,-3.13306993,0.300035,0.029602,0.152198,0.300000,0.029564,0.152211,0.010717,-0.016887,0.000000,-0.00073679,0.00077323,-0.00003616,0.99999943,1
0.860000,-0.01523975,-0.02586202,-0.28934062,1.58825139,-1.25400416,-0.01642909,-3.13086204,0.300033,0.028285,0.152925,0.300000,0.028242,0.152937,0.012748,-0.015410,0.000000,-0.00067228,0.00081791,-0.00014516,0.99999943,1
0.880000,-0.00606294,-0.01885089,-0.29285958,1.57842796,-1.25739609,-0.01575540,-3.12867866,0.300029,0.026950,0.153619,0.300000,0.026903,0.153630,0.014579,-0.013691,0.000000,-0.00059717,0.00084968,-0.00025190,0.99999943,1
0.900000,0.00378735,-0.01280569,-0.29540619,1.56789932,-1.26085029,-0.01486825,-3.12655198,0.300026,0.025597,0.154279,0.300000,0.025547,0.154290,0.016180,-0.011756,0.000000,-0.00051263,0.00086803,-0.00035467,0.99999943,1
0.920000,0.01421701,-0.00782472,-0.29687013,1.55676952,-1.26438452,-0.01377211,-3.12451334,0.300022,0.024228,0.154904,0.300000,0.024174,0.154914,0.017526,-0.009635,0.000000,-0.00042001,0.00087267,-0.00045185,0.99999943,1
0.940000,0.02512345,-0.00398954,-0.29716097,1.54515153,-1.26801161,-0.01247476,-3.12259281,0.300017,0.022843,0.155495,0.300000,0.022787,0.155505,0.018596,-0.007362,0.000000,-0.00032078,0.00086353,-0.00054192,0.99999943,1
0.960000,0.03639724,-0.00136363,-0.29620964,1.53316528,-1.27173916,-0.01098688,-3.12081867,0.300012,0.021443,0.156051,0.300000,0.021385,0.156060,0.019372,-0.004974,0.000000,-0.00021650,0.00084075,-0.00062344,0.99999943,1
0.980000,0.04792396,0.00000873,-0.29396954,1.52093553,-1.27556935,-0.00932168,-3.11921696,0.300007,0.020029,0.156571,0.300000,0.019969,0.156579,0.019842,-0.002507,0.000000,-0.00010881,0.00080469,-0.00069513,0.99999943,1
1.000000,0.05958615,0.00010317,-0.29041729,1.50858970,-1.27949886,-0.00749444,-3.11781093,0.300002,0.018602,0.157056,0.300000,0.018541,0.157063,0.020000,-0.000000,0.000000,0.00000057,0.00075592,-0.00075584,0.99999943,1
1.020000,0.07126530,-0.00108431,-0.28555320,1.49625552,-1.28351889,-0.00552202,-3.11662058,0.299997,0.017163,0.157504,0.300000,0.017101,0.157511,0.019842,0.002507,0.000000,0.00010993,0.00069522,-0.00080462,0.99999943,1
1.040000,0.08284394,-0.00353738,-0.27940137,1.48405882,-1.28761527,-0.00342250,-3.11566212,0.299992,0.015712,0.157917,0.300000,0.015650,0.157923,0.019372,0.004974,0.000000,0.00021755,0.00062355,-0.00084070,0.99999943,1
1.060000,0.09420758,-0.00721962,-0.27200938,1.47212132,-1.29176868,-0.00121476,-3.11494760,0.299987,0.014250,0.158292,0.300000,0.014190,0.158298,0.018596,0.007362,0.000000,0.00032172,0.00054205,-0.00086350,0.99999943,1
1.080000,0.10524659,-0.01207520,-0.26344772,1.46055861,-1.29595496,0.00108184,-3.11448449,0.299983,0.012779,0.158631,0.300000,0.012720,0.158636,0.017526,0.009635,0.000000,0.00042080,0.00045199,-0.00087267,0.99999943,1
1.100000,0.11585795,-0.01802987,-0.25380888,1.44947835,-1.30014540,0.00344767,-3.11427539,0.299978,0.011300,0.158933,0.300000,0.011243,0.158937,0.016180,0.011756,0.000000,0.00051325,0.00035481,-0.00086805,0.99999943,1
1.120000,0.12594677,-0.02499218,-0.24320611,1.43897866,-1.30430724,0.00586306,-3.11431786,0.299974,0.009812,0.159197,0.300000,0.009758,0.159201,0.014579,0.013691,0.000000,0.00059759,0.00025205,-0.00084972,0.99999943,1
1.140000,0.13542758,-0.03285499,-0.23177191,1.42914684,-1.30840402,0.00830835,-3.11460423,0.299970,0.008318,0.159425,0.300000,0.008267,0.159428,0.012748,0.015410,0.000000,0.00067252,0.00014532,-0.00081797,0.99999943,1
1.160000,0.14422545,-0.04149718,-0.21965622,1.42005833,-1.31239614,0.01076391,-3.11512170,0.299967,0.006819,0.159614,0.300000,0.006771,0.159617,0.010717,0.016887,0.000000,0.00073684,0.00003632,-0.00077330,0.99999943,1
1.180000,0.15227684,-0.05078553,-0.20702442,1.41177597,-1.31624138,0.01321009,-3.11585235,0.299965,0.005314,0.159766,0.300000,0.005271,0.159768,0.008516,0.018097,0.000000,0.00078956,-0.00007324,-0.00071643,0.99999943,1
1.200000,0.15953021,-0.06057675,-0.19405502,1.40434946,-1.31989542,0.01562716,-3.11677342,0.299962,0.003806,0.159880,0.300000,0.003767,0.159882,0.006180,0.019021,0.000000,0.00082984,-0.00018164,-0.00064824,0.99999943,1
1.220000,0.16594648,-0.07071957,-0.18093715,1.39781508,-1.32331249,0.01799516,-3.11785763,0.299961,0.002296,0.159957,0.300000,0.002261,0.159957,0.003748,0.019646,0.000000,0.00085704,-0.00028715,-0.00056983,0.99999943,1
1.240000,0.17141131,-0.08089258,-0.16807897,1.39228441,-1.32639295,0.02025736,-3.11905320,0.299920,0.000814,0.159995,0.300000,0.000754,0.159995,0.001256,0.019961,0.000000,0.00087076,-0.00038813,-0.00048243,0.99999943,1
1.260000,0.17609824,-0.09125860,-0.15526259,1.38757736,-1.32920010,0.02246613,-3.12036399,0.299918,-0.000703,0.159996,0.300000,-0.000754,0.159995,-0.001256,0.019961,0.000000,0.00087076,-0.00048298,-0.00038743,0.99999943,1
1.280000,0.17991049,-0.10150498,-0.14289009,1.38378755,-1.33163417,0.02456531,-3.12173549,0.299919,-0.002220,0.159960,0.300000,-0.002261,0.159957,-0.003748,0.019646,0.000000,0.00085704,-0.00057020,-0.00028633,0.99999943,1
1.300000,0.18285670,-0.11146686,-0.13116975,1.38090130,-1.33364923,0.02653245,-3.12312764,0.299921,-0.003736,0.159885,0.300000,-0.003767,0.159882,-0.006180,0.019021,0.000000,0.00082984,-0.00064844,-0.00018072,0.99999943,1
1.320000,0.18496078,-0.12098779,-0.12029833,1.37888945,-1.33520397,0.02834607,-3.12449994,0.299924,-0.005249,0.159773,0.300000,-0.005271,0.159768,-0.008516,0.018097,0.000000,0.00078956,-0.00071645,-0.00007227,0.99999943,1
1.340000,0.18625874,-0.12991766,-0.11046339,1.37771067,-1.33626099,0.02998496,-3.12581190,0.299928,-0.006759,0.159622,0.300000,-0.006771,0.159617,-0.010717,0.016887,0.000000,0.00073684,-0.00077317,0.00003730,0.99999943,1
1.360000,0.18679808,-0.13811509,-0.10183971,1.37731207,-1.33678801,0.03142866,-3.12702408,0.299934,-0.008264,0.159434,0.300000,-0.008267,0.159428,-0.012748,0.015410,0.000000,0.00067252,-0.00081771,0.00014626,0.99999943,1
1.380000,0.18663730,-0.14544980,-0.09458555,1.37762990,-1.33675901,0.03265808,-3.12809915,0.299941,-0.009762,0.159209,0.300000,-0.009758,0.159201,-0.014579,0.013691,0.000000,0.00059759,-0.00084938,0.00025291,0.99999943,1
1.400000,0.18584514,-0.15180487,-0.08883900,1.37859021,-1.33615543,0.03365624,-3.12900290,0.299948,-0.011254,0.158946,0.300000,-0.011243,0.158937,-0.016180,0.011756,0.000000,0.00051325,-0.00086767,0.00035556,0.99999943,1
1.420000,0.18454333,-0.15690855,-0.08484941,1.38006059,-1.33500422,0.03438475,-3.12968210,0.299913,-0.012756,0.158656,0.300000,-0.012720,0.158636,-0.017526,0.009635,0.000000,0.00042080,-0.00087229,0.00045259,0.99999943,1
1.440000,0.18274937,-0.16104457,-0.08238864,1.38202962,-1.33325238,0.03488879,-3.13016350,0.299928,-0.014237,0.158320,0.300000,-0.014190,0.158298,-0.018596,0.007362,0.000000,0.00032172,-0.00086318,0.00054247,0.99999943,1
1.460000,0.18057838,-0.16396508,-0.08168464,1.38437263,-1.33092375,0.03513362,-3.13040066,0.299948,-0.015706,0.157947,0.300000,-0.015650,0.157923,-0.019372,0.004974,0.000000,0.00021755,-0.00084047,0.00062381,0.99999943,1
1.480000,0.17813173,-0.16561327,-0.08277841,1.38698327,-1.32803874,0.03511676,-3.13037739,0.299968,-0.017163,0.157537,0.300000,-0.017101,0.157511,-0.019842,0.002507,0.000000,0.00010993,-0.00080453,0.00069530,0.99999943,1
1.500000,0.17551434,-0.16596412,-0.08566973,1.38975195,-1.32462752,0.03484322,-3.13008486,0.299989,-0.018607,0.157091,0.300000,-0.018541,0.157063,-0.020000,0.000000,0.000000,0.00000057,-0.00075592,0.00075584,0.99999943,1
1.520000,0.17283441,-0.16501483,-0.09032653,1.39256582,-1.32073032,0.03432419,-3.12951985,0.300010,-0.020037,0.156609,0.300000,-0.019969,0.156579,-0.019842,-0.002507,0.000000,-0.00010881,-0.00069540,0.00080447,0.99999943,1
1.540000,0.17020182,-0.16278410,-0.09668620,1.39531027,-1.31639672,0.03357709,-3.12868421,0.300031,-0.021451,0.156091,0.300000,-0.021385,0.156060,-0.019372,-0.004974,0.000000,-0.00021650,-0.00062392,0.00084043,0.99999943,1
1.560000,0.16772649,-0.15931170,-0.10465723,1.39787049,-1.31168450,0.03262529,-3.12758425,0.300052,-0.022850,0.155538,0.300000,-0.022787,0.155505,-0.018596,-0.007362,0.000000,-0.00032078,-0.00054260,0.00086316,0.99999943,1
1.580000,0.16551659,-0.15465752,-0.11412147,1.40013324,-1.30665827,0.03149769,-3.12622997,0.300072,-0.024231,0.154950,0.300000,-0.024174,0.154914,-0.017526,-0.009635,0.000000,-0.00042001,-0.00045273,0.00087229,0.99999943,1
1.600000,0.16361519,-0.14870916,-0.12529488,1.40205079,-1.30121394,0.03018575,-3.12458224,0.300045,-0.025571,0.154308,0.300000,-0.025547,0.154290,-0.016180,-0.011756,0.000000,-0.00051263,-0.00035570,0.00086768,0.99999943,1
1.620000,0.16225869,-0.14190582,-0.13734948,1.40337861,-1.29576194,0.02880711,-3.12275134,0.300052,-0.026921,0.153650,0.300000,-0.026903,0.153630,-0.014579,-0.013691,0.000000,-0.00059717,-0.00025307,0.00084941,0.99999943,1
1.640000,0.16146964,-0.13421574,-0.15039852,1.40409038,-1.29022123,0.02736698,-3.12071247,0.300060,-0.028255,0.152957,0.300000,-0.028242,0.152937,-0.012748,-0.015410,0.000000,-0.00067228,-0.00014642,0.00081777,0.99999943,1
1.660000,0.16132943,-0.12576011,-0.16425847,1.40409925,-1.28466156,0.02590636,-3.11848187,0.300066,-0.029569,0.152232,0.300000,-0.029564,0.152211,-0.010717,-0.016887,0.000000,-0.00073679,-0.00003746,0.00077325,0.99999943,1
1.680000,0.16191142,-0.11667567,-0.17872806,1.40332650,-1.27915536,0.02446773,-3.11607756,0.300072,-0.030864,0.151474,0.300000,-0.030866,0.151452,-0.008516,-0.018097,0.000000,-0.00078966,0.00007211,0.00071654,0.99999943,1
1.700000,0.16327757,-0.10710831,-0.19360056,1.40170528,-1.27377167,0.02309280,-3.11351788,0.300076,-0.032139,0.150683,0.300000,-0.032150,0.150660,-0.006180,-0.019021,0.000000,-0.00083007,0.00018056,0.00064854,0.99999943,1
1.720000,0.16547712,-0.09721060,-0.20866764,1.39918207,-1.26857461,0.02182136,-3.11082147,0.300079,-0.033393,0.149860,0.300000,-0.033413,0.149836,-0.003748,-0.019646,0.000000,-0.00085737,0.00028618,0.00057032,0.99999943,1
1.740000,0.16854570,-0.08713946,-0.22372294,1.39571797,-1.26362216,0.02069028,-3.10800727,0.300081,-0.034626,0.149006,0.300000,-0.034654,0.148980,-0.001256,-0.019961,0.000000,-0.00087113,0.00038729,0.00048311,0.99999943,1
1.760000,0.17250446,-0.07705380,-0.23856529,1.39128970,-1.25896510,0.01973263,-3.10509466,0.300082,-0.035837,0.148120,0.300000,-0.035874,0.148094,0.001256,-0.019961,0.000000,-0.00087113,0.00048230,0.00038827,0.99999943,1
1.780000,0.17735960,-0.06711220,-0.25300179,1.38589037,-1.25464617,0.01897698,-3.10210362,0.300081,-0.037025,0.147205,0.300000,-0.037072,0.147177,0.003748,-0.019646,0.000000,-0.00085737,0.00056971,0.00028731,0.99999943,1
1.800000,0.18319501,-0.05731541,-0.26707053,1.37942689,-1.25063906,0.01843907,-3.09900601,0.300040,-0.038218,0.146245,0.300000,-0.038245,0.146231,0.006180,-0.019021,0.000000,-0.00083007,0.00064813,0.00018180,0.99999943,1
1.820000,0.18981586,-0.04812970,-0.28015443,1.37211558,-1.24709473,0.01815684,-3.09591979,0.300037,-0.039363,0.145270,0.300000,-0.039395,0.145255,0.008516,-0.018097,0.000000,-0.00078966,0.00071633,0.00007341,0.99999943,1
1.840000,0.19725849,-0.03954384,-0.29232413,1.36391580,-1.24396325,0.01813180,-3.09282081,0.300035,-0.040484,0.144266,0.300000,-0.040520,0.144251,0.010717,-0.016887,0.000000,-0.00073679,0.00077323,-0.00003616,0.99999943,1
1.860000,0.20547010,-0.03169001,-0.30344896,1.35488610,-1.24124850,0.01837137,-3.08973136,0.300032,-0.041580,0.143234,0.300000,-0.041619,0.143219,0.012748,-0.015410,0.000000,-0.00067228,0.00081791,-0.00014516,0.99999943,1
1.880000,0.21438311,-0.02469148,-0.31341471,1.34510130,-1.23894522,0.01887813,-3.08667480,0.300029,-0.042649,0.142175,0.300000,-0.042692,0.142159,0.014579,-0.013691,0.000000,-0.00059717,0.00084968,-0.00025190,0.99999943,1
1.900000,0.22391753,-0.01865841,-0.32212843,1.33464976,-1.23703819,0.01965006,-3.08367455,0.300025,-0.043692,0.141090,0.300000,-0.043738,0.141073,0.016180,-0.011756,0.000000,-0.00051263,0.00086803,-0.00035467,0.99999943,1
1.920000,0.23398236,-0.01368606,-0.32951968,1.32363157,-1.23550250,0.02068113,-3.08075350,0.300021,-0.044708,0.139978,0.300000,-0.044756,0.139961,0.017526,-0.009635,0.000000,-0.00042001,0.00087267,-0.00045185,0.99999943,1
1.940000,0.24447723,-0.00985331,-0.33554141,1.31215649,-1.23430400,0.02196187,-3.07793347,0.300017,-0.045696,0.138841,0.300000,-0.045747,0.138823,0.018596,-0.007362,0.000000,-0.00032078,0.00086353,-0.00054192,0.99999943,1
1.960000,0.25529429,-0.00722137,-0.34017048,1.30034165,-1.23339996,0.02348000,-3.07523457,0.300012,-0.046656,0.137680,0.300000,-0.046708,0.137661,0.019372,-0.004974,0.000000,-0.00021650,0.00084075,-0.00062344,0.99999943,1
1.980000,0.26632019,-0.00583284,-0.34340787,1.28830919,-1.23273988,0.02522112,-3.07267458,0.300007,-0.047586,0.136495,0.300000,-0.047639,0.136476,0.019842,-0.002507,0.000000,-0.00010881,0.00080469,-0.00069513,0.99999943,1
2.000000,0.27743816,-0.00571100,-0.34527849,1.27618372,-1.23226644,0.02716922,-3.07026832,0.300002,-0.048488,0.135286,0.300000,-0.048541,0.135267,0.020000,-0.000000,0.000000,0.00000057,0.00075592,-0.00075584,0.99999943,1
2.020000,0.28853010,-0.00685952,-0.34583066,1.26408998,-1.23191665,0.02930722,-3.06802711,0.299997,-0.049359,0.134056,0.300000,-0.049412,0.134036,0.019842,0.002507,0.000000,0.00010993,0.00069522,-0.00080462,0.99999943,1
2.040000,0.29947866,-0.00926243,-0.34513520,1.25215049,-1.23162297,0.03161739,-3.06595838,0.299992,-0.050200,0.132804,0.300000,-0.050252,0.132784,0.019372,0.004974,0.000000,0.00021755,0.00062355,-0.00084070,0.99999943,1
2.060000,0.31016915,-0.01288454,-0.34328419,1.24048347,-1.23131455,0.03408156,-3.06406534,0.299987,-0.051009,0.131531,0.300000,-0.051060,0.131510,0.018596,0.007362,0.000000,0.00032172,0.00054205,-0.00086350,0.99999943,1
2.080000,0.32049135,-0.01767212,-0.34038948,1.22920102,-1.23091843,0.03668137,-3.06234683,0.299983,-0.051787,0.130238,0.300000,-0.051835,0.130217,0.017526,0.009635,0.000000,0.00042080,0.00045199,-0.00087267,0.99999943,1
2.100000,0.33034106,-0.02355390,-0.33658084,1.21840748,-1.23036076,0.03939821,-3.06079729,0.299978,-0.052533,0.128926,0.300000,-0.052578,0.128905,0.016180,0.011756,0.000000,0.00051325,0.00035481,-0.00086805,0.99999943,1
2.120000,0.33962149,-0.03044240,-0.33200390,1.20819822,-1.22956788,0.04221328,-3.05940694,0.299974,-0.053246,0.127596,0.300000,-0.053288,0.127575,0.014579,0.013691,0.000000,0.00059759,0.00025205,-0.00084972,0.99999943,1
2.140000,0.34824436,-0.03823547,-0.32681785,1.19865860,-1.22846740,0.04510733,-3.05816204,0.299971,-0.053926,0.126249,0.300000,-0.053964,0.126227,0.012748,0.015410,0.000000,0.00067252,0.00014532,-0.00081797,0.99999943,1
2.160000,0.35613078,-0.04681805,-0.32119300,1.18986328,-1.22698918,0.04806058,-3.05704527,0.299967,-0.054572,0.124885,0.300000,-0.054606,0.124863,0.010717,0.016887,0.000000,0.00073684,0.00003632,-0.00077330,0.99999943,1
2.180000,0.36321196,-0.05606408,-0.31530812,1.18187573,-1.22506623,0.05105245,-3.05603629,0.299965,-0.055184,0.123505,0.300000,-0.055214,0.123482,0.008516,0.018097,0.000000,0.00078956,-0.00007324,-0.00071643,0.99999943,1
2.200000,0.36942971,-0.06583854,-0.30934771,1.17474800,-1.22263556,0.05406136,-3.05511229,0.299963,-0.055762,0.122110,0.300000,-0.055787,0.122087,0.006180,0.019021,0.000000,0.00082984,-0.00018164,-0.00064824,0.99999943,1
2.220000,0.37465200,-0.07583810,-0.30359525,1.16861976,-1.21968318,0.05701684,-3.05426197,0.299922,-0.056285,0.120725,0.300000,-0.056324,0.120679,0.003748,0.019646,0.000000,0.00085704,-0.00028715,-0.00056983,0.99999943,1
2.240000,0.37902463,-0.08623044,-0.29804415,1.16330991,-1.21607933,0.05998942,-3.05343312,0.299919,-0.056797,0.119304,0.300000,-0.056826,0.119257,0.001256,0.019961,0.000000,0.00087076,-0.00038813,-0.00048243,0.99999943,1
2.260000,0.38242918,-0.09672127,-0.29297020,1.15894299,-1.21181076,0.06290906,-3.05261330,0.299919,-0.057274,0.117870,0.300000,-0.057292,0.117822,-0.001256,0.019961,0.000000,0.00087076,-0.00048298,-0.00038743,0.99999943,1
2.280000,0.38484918,-0.10715704,-0.28855474,1.15552875,-1.20683920,0.06574807,-3.05177754,0.299919,-0.057715,0.116425,0.300000,-0.057722,0.116377,-0.003748,0.019646,0.000000,0.00085704,-0.00057020,-0.00028633,0.99999943,1
2.300000,0.38628250,-0.11739059,-0.28496722,1.15306261,-1.20113357,0.06847924,-3.05090176,0.299921,-0.058120,0.114970,0.300000,-0.058115,0.114921,-0.006180,0.019021,0.000000,0.00082984,-0.00064844,-0.00018072,0.99999943,1
2.320000,0.38673868,-0.12727909,-0.28236513,1.15152895,-1.19467156,0.07107492,-3.04996377,0.299924,-0.058487,0.113505,0.300000,-0.058472,0.113456,-0.008516,0.018097,0.000000,0.00078956,-0.00071645,-0.00007227,0.99999943,1
2.340000,0.38623886,-0.13668596,-0.28089136,1.15090148,-1.18744049,0.07350754,-3.04894390,0.299929,-0.058817,0.112031,0.300000,-0.058791,0.111983,-0.010717,0.016887,0.000000,0.00073684,-0.00077317,0.00003730,0.99999943,1
2.360000,0.38481581,-0.14548289,-0.28067158,1.15114334,-1.17943800,0.07575024,-3.04782553,0.299934,-0.059109,0.110550,0.300000,-0.059074,0.110501,-0.012748,0.015410,0.000000,0.00067252,-0.00081771,0.00014626,0.99999943,1
2.380000,0.38251393,-0.15355176,-0.28181195,1.15220735,-1.17067273,0.07777771,-3.04659536,0.299941,-0.059364,0.109062,0.300000,-0.059319,0.109014,-0.014579,0.013691,0.000000,0.00059759,-0.00084938,0.00025291,0.99999943,1
2.400000,0.37938912,-0.16078639,-0.28439709,1.15403617,-1.16116487,0.07956704,-3.04524358,0.299948,-0.059580,0.107569,0.300000,-0.059527,0.107520,-0.016180,0.011756,0.000000,0.00051325,-0.00086767,0.00035556,0.99999943,1
2.420000,0.37550865,-0.16709413,-0.28848844,1.15656249,-1.15094641,0.08109872,-3.04376379,0.299956,-0.059757,0.106070,0.300000,-0.059697,0.106022,-0.017526,0.009635,0.000000,0.00042080,-0.00087229,0.00045259,0.99999943,1
2.440000,0.37095080,-0.17239726,-0.29412306,1.15970933,-1.14006129,0.08235758,-3.04215275,0.299965,-0.059896,0.104568,0.300000,-0.059830,0.104520,-0.018596,0.007362,0.000000,0.00032172,-0.00086318,0.00054247,0.99999943,1
2.460000,0.36580433,-0.17663422,-0.30131289,1.16339029,-1.12856514,0.08333374,-3.04040989,0.299975,-0.059996,0.103063,0.300000,-0.059924,0.103015,-0.019372,0.004974,0.000000,0.00021755,-0.00084047,0.00062381,0.99999943,1
2.480000,0.36016782,-0.17976049,-0.31004454,1.16751001,-1.11652479,0.08402349,-3.03853661,0.299985,-0.060057,0.101556,0.300000,-0.059981,0.101508,-0.019842,0.002507,0.000000,0.00010993,-0.00080453,0.00069530,0.99999943,1
2.500000,0.35414860,-0.18174928,-0.32027952,1.17196467,-1.10401743,0.08443004,-3.03653555,0.299995,-0.060079,0.100048,0.300000,-0.060000,0.100000,-0.020000,0.000000,0.000000,0.00000057,-0.00075592,0.00075584,0.99999943,1
2.520000,0.34786155,-0.18259198,-0.33195502,1.17664276,-1.09112940,0.08456404,-3.03440967,0.300005,-0.060061,0.098540,0.300000,-0.059981,0.098492,-0.019842,-0.002507,0.000000,-0.00010881,-0.00069540,0.00080447,0.99999943,1
2.540000,0.34142753,-0.18229820,-0.34498510,1.18142592,-1.07795472,0.08444393,-3.03216137,0.300015,-0.060005,0.097033,0.300000,-0.059924,0.096985,-0.019372,-0.004974,0.000000,-0.00021650,-0.00062392,0.00084043,0.99999943,1
2.560000,0.33497156,-0.18089565,-0.35926232,1.18619019,-1.06459339,0.08409599,-3.02979170,0.300025,-0.059909,0.095527,0.300000,-0.059830,0.095480,-0.018596,-0.007362,0.000000,-0.00032078,-0.00054260,0.00086316,0.99999943,1
2.580000,0.32862081,-0.17842966,-0.37465978,1.19080744,-1.05114948,0.08355409,-3.02729970,0.300034,-0.059774,0.094025,0.300000,-0.059697,0.093978,-0.017526,-0.009635,0.000000,-0.00042001,-0.00045273,0.00087229,0.99999943,1
2.600000,0.32250225,-0.17496242,-0.39103332,1.19514715,-1.03772909,0.08285917,-3.02468193,0.300043,-0.059601,0.092526,0.300000,-0.059527,0.092480,-0.016180,-0.011756,0.000000,-0.00051263,-0.00035570,0.00086768,0.99999943,1
2.620000,0.31674031,-0.17057199,-0.40822410,1.19907855,-1.02443832,0.08205832,-3.02193236,0.300051,-0.059389,0.091033,0.300000,-0.059319,0.090986,-0.014579,-0.013691,0.000000,-0.00059717,-0.00025307,0.00084941,0.99999943,1
2.640000,0.31145431,-0.16535102,-0.42606129,1.20247302,-1.01138129,0.08120362,-3.01904248,0.300059,-0.059138,0.089544,0.300000,-0.059074,0.089499,-0.012748,-0.015410,0.000000,-0.00067228,-0.00014642,0.00081777,0.99999943,1
2.660000,0.30675601,-0.15940530,-0.44436483,1.20520685,-0.99865826,0.08035065,-3.01600179,0.300065,-0.058849,0.088063,0.300000,-0.058791,0.088017,-0.010717,-0.016887,0.000000,-0.00073679,-0.00003746,0.00077325,0.99999943,1
2.680000,0.30274716,-0.15285204,-0.46294835,1.20716424,-0.98636392,0.07955686,-3.01279857,0.300071,-0.058522,0.086589,0.300000,-0.058472,0.086544,-0.008516,-0.018097,0.000000,-0.00078966,0.00007211,0.00071654,0.99999943,1
2.700000,0.29951718,-0.14581805,-0.48162202,1.20824040,-0.97458589,0.07887963,-3.00942092,0.300075,-0.058158,0.085124,0.300000,-0.058115,0.085079,-0.006180,-0.019021,0.000000,-0.00083007,0.00018056,0.00064854,0.99999943,1
2.720000,0.29714110,-0.13843774,-0.50019544,1.20834476,-0.96340341,0.07837438,-3.00585803,0.300078,-0.057756,0.083668,0.300000,-0.057722,0.083623,-0.003748,-0.019646,0.000000,-0.00085737,0.00028618,0.00057032,0.99999943,1
2.740000,0.29567777,-0.13085104,-0.51848042,1.20740409,-0.95288619,0.07809264,-3.00210153,0.300080,-0.057318,0.082222,0.300000,-0.057292,0.082178,-0.001256,-0.019961,0.000000,-0.00087113,0.00038729,0.00048311,0.99999943,1
2.760000,0.29516836,-0.12320125,-0.53629375,1.20536535,-0.94309349,0.07808017,-2.99814687,0.300081,-0.056843,0.080788,0.300000,-0.056826,0.080743,0.001256,-0.019961,0.000000,-0.00087113,0.00048230,0.00038827,0.99999943,1
2.780000,0.29563526,-0.11563283,-0.55345986,1.20219815,-0.93407323,0.07837535,-2.99399465,0.300080,-0.056332,0.079365,0.300000,-0.056324,0.079321,0.003748,-0.019646,0.000000,-0.00085737,0.00056971,0.00028731,0.99999943,1
2.800000,0.29708138,-0.10828921,-0.56981326,1.19789666,-0.92586124,0.07900788,-2.98965167,0.300078,-0.055786,0.077956,0.300000,-0.055787,0.077913,0.006180,-0.019021,0.000000,-0.00083007,0.00064813,0.00018180,0.99999943,1
2.820000,0.29948986,-0.10131062,-0.58520099,1.19248079,-0.91848063,0.07999776,-2.98513179,0.300075,-0.055205,0.076561,0.300000,-0.055214,0.076518,0.008516,-0.018097,0.000000,-0.00078966,0.00071633,0.00007341,0.99999943,1
2.840000,0.30282424,-0.09483199,-0.59948476,1.18599655,-0.91194112,0.08135480,-2.98045634,0.300071,-0.054589,0.075181,0.300000,-0.054606,0.075137,0.010717,-0.016887,0.000000,-0.00073679,0.00077323,-0.00003616,0.99999943,1
2.860000,0.30702902,-0.08898093,-0.61254292,1.17851545,-0.90623859,0.08307857,-2.97565415,0.300066,-0.053940,0.073816,0.300000,-0.053964,0.073773,0.012748,-0.015410,0.000000,-0.00067228,0.00081791,-0.00014516,0.99999943,1
2.880000,0.31203071,-0.08387584,-0.62427222,1.17013307,-0.90135465,0.08515880,-2.97076110,0.300059,-0.053257,0.072468,0.300000,-0.053288,0.072425,0.014579,-0.013691,0.000000,-0.00059717,0.00084968,-0.00025190,0.99999943,1
2.900000,0.31773920,-0.07962408,-0.63458928,1.16096667,-0.89725654,0.08757621,-2.96581927,0.300052,-0.052541,0.071137,0.300000,-0.052578,0.071095,0.016180,-0.011756,0.000000,-0.00051263,0.00086803,-0.00035467,0.99999943,1
2.920000,0.32404956,-0.07632046,-0.64343169,1.15115209,-0.89389716,0.09030369,-2.96087566,0.300043,-0.051793,0.069825,0.300000,-0.051835,0.069783,0.017526,-0.009635,0.000000,-0.00042001,0.00087267,-0.00045185,0.99999943,1
2.940000,0.33084409,-0.07404574,-0.65075889,1.14084002,-0.89121555,0.09330777,-2.95598070,0.300035,-0.051013,0.068531,0.300000,-0.051060,0.068490,0.018596,-0.007362,0.000000,-0.00032078,0.00086353,-0.00054192,0.99999943,1
2.960000,0.33799467,-0.07286545,-0.65655260,1.13019192,-0.88913766,0.09655016,-2.95118648,0.300025,-0.050202,0.067257,0.300000,-0.050252,0.067216,0.019372,-0.004974,0.000000,-0.00021650,0.00084075,-0.00062344,0.99999943,1
2.980000,0.34536524,-0.07282884,-0.66081687,1.11937582,-0.88757757,0.09998934,-2.94654502,0.300015,-0.049361,0.066005,0.300000,-0.049412,0.065964,0.019842,-0.002507,0.000000,-0.00010881,0.00080469,-0.00069513,0.99999943,1
3.000000,0.35281435,-0.07396813,-0.66357788,1.10856222,-0.88643907,0.10358209,-2.94210661,0.300005,-0.048490,0.064773,0.300000,-0.048541,0.064733,0.020000,-0.000000,0.000000,0.00000057,0.00075592,-0.00075584,0.99999943,1
3.020000,0.36019774,-0.07629796,-0.66488323,1.09792030,-0.88561758,0.10728466,-2.93791833,0.299995,-0.047589,0.063564,0.300000,-0.047639,0.063524,0.019842,0.002507,0.000000,0.00010993,0.00069522,-0.00080462,0.99999943,1
3.040000,0.36737084,-0.07981510,-0.66480098,1.08761463,-0.88500231,0.11105385,-2.93402284,0.299985,-0.046659,0.062378,0.300000,-0.046708,0.062339,0.019372,0.004974,0.000000,0.00021755,0.00062355,-0.00084070,0.99999943,1
3.060000,0.37419107,-0.08449840,-0.66341835,1.07780254,-0.88447865,0.11484759,-2.93045764,0.299975,-0.045701,0.061215,0.300000,-0.045747,0.061177,0.018596,0.007362,0.000000,0.00032172,0.00054205,-0.00086350,0.99999943,1
3.080000,0.38052002,-0.09030907,-0.66084020,1.06863207,-0.88393051,0.11862533,-2.92725455,0.299966,-0.044715,0.060077,0.300000,-0.044756,0.060039,0.017526,0.009635,0.000000,0.00042080,0.00045199,-0.00087267,0.99999943,1
3.100000,0.38622526,-0.09719115,-0.65718719,1.06024064,-0.88324275,0.12234804,-2.92443968,0.299957,-0.043702,0.058964,0.300000,-0.043738,0.058927,0.016180,0.011756,0.000000,0.00051325,0.00035481,-0.00086805,0.99999943,1
3.120000,0.39118201,-0.10507225,-0.65259386,1.05275430,-0.88230339,0.12597797,-2.92203370,0.299948,-0.042663,0.057877,0.300000,-0.042692,0.057841,0.014579,0.013691,0.000000,0.00059759,0.00025205,-0.00084972,0.99999943,1
3.140000,0.39527446,-0.11386456,-0.64720657,1.04628747,-0.88100567,0.12947823,-2.92005234,0.299941,-0.041597,0.056817,0.300000,-0.041619,0.056781,0.012748,0.015410,0.000000,0.00067252,0.00014532,-0.00081797,0.99999943,1
3.160000,0.39839689,-0.12346602,-0.64118128,1.04094312,-0.87924991,0.13281224,-2.91850711,0.299934,-0.040507,0.055784,0.300000,-0.040520,0.055749,0.010717,0.016887,0.000000,0.00073684,0.00003632,-0.00077330,0.99999943,1
3.180000,0.40045461,-0.13376173,-0.63468139,1.03681322,-0.87694508,0.13594316,-2.91740621,0.299929,-0.039391,0.054779,0.300000,-0.039395,0.054745,0.008516,0.018097,0.000000,0.00078956,-0.00007324,-0.00071643,0.99999943,1
3.200000,0.40136467,-0.14462550,-0.62787550,1.03397928,-0.87401024,0.13883326,-2.91675537,0.299925,-0.038251,0.053802,0.300000,-0.038245,0.053769,0.006180,0.019021,0.000000,0.00082984,-0.00018164,-0.00064824,0.99999943,1
3.220000,0.40105658,-0.15592154,-0.62093515,1.03251305,-0.87037573,0.14144345,-2.91655879,0.299921,-0.037087,0.052855,0.300000,-0.037072,0.052823,0.003748,0.019646,0.000000,0.00085704,-0.00028715,-0.00056983,0.99999943,1
3.240000,0.39947289,-0.16750625,-0.61403264,1.03247705,-0.86598423,0.14373295,-2.91681995,0.299919,-0.035901,0.051937,0.300000,-0.035874,0.051906,0.001256,0.019961,0.000000,0.00087076,-0.00038813,-0.00048243,0.99999943,1
3.260000,0.39656986,-0.17923018,-0.60733879,1.03392505,-0.86079170,0.14565904,-2.91754229,0.299919,-0.034691,0.051050,0.300000,-0.034654,0.051020,-0.001256,0.019961,0.000000,0.00087076,-0.00048298,-0.00038743,0.99999943,1
3.280000,0.39231810,-0.19093999,-0.60102078,1.03690222,-0.85476828,0.14717715,-2.91872971,0.299919,-0.033460,0.050193,0.300000,-0.033413,0.050164,-0.003748,0.019646,0.000000,0.00085704,-0.00057020,-0.00028633,0.99999943,1
3.300000,0.38661166,-0.20266601,-0.59514376,1.04152182,-0.84779092,0.14825631,-2.92041624,0.299961,-0.032179,0.049354,0.300000,-0.032150,0.049340,-0.006180,0.019021,0.000000,0.00082984,-0.00064844,-0.00018072,0.99999943,1
3.320000,0.37961171,-0.21388013,-0.59006300,1.04768565,-0.84006155,0.14881060,-2.92255740,0.299963,-0.030900,0.048561,0.300000,-0.030866,0.048548,-0.008516,0.018097,0.000000,0.00078956,-0.00071645,-0.00007227,0.99999943,1
3.340000,0.37127011,-0.22461271,-0.58582009,1.05545951,-0.83150599,0.14881517,-2.92517952,0.299965,-0.029602,0.047801,0.300000,-0.029564,0.047789,-0.010717,0.016887,0.000000,0.00073684,-0.00077317,0.00003730,0.99999943,1
3.360000,0.36162207,-0.23471939,-0.58254402,1.06485025,-0.82215711,0.14822406,-2.92828890,0.299968,-0.028286,0.047074,0.300000,-0.028242,0.047063,-0.012748,0.015410,0.000000,0.00067252,-0.00081771,0.00014626,0.99999943,1
3.380000,0.35072220,-0.24406034,-0.58035100,1.07585096,-0.81206610,0.14699352,-2.93189037,0.299971,-0.026951,0.046380,0.300000,-0.026903,0.046370,-0.014579,0.013691,0.000000,0.00059759,-0.00084938,0.00025291,0.99999943,1
3.400000,0.33864407,-0.25250535,-0.57934073,1.08843965,-0.80130109,0.14508412,-2.93598645,0.299975,-0.025598,0.045721,0.300000,-0.025547,0.045710,-0.016180,0.011756,0.000000,0.00051325,-0.00086767,0.00035556,0.99999943,1
3.420000,0.32548050,-0.25993628,-0.57959438,1.10257680,-0.78994657,0.14246276,-2.94057566,0.299979,-0.024229,0.045095,0.300000,-0.024174,0.045086,-0.017526,0.009635,0.000000,0.00042080,-0.00087229,0.00045259,0.99999943,1
3.440000,0.31134346,-0.26624937,-0.58117285,1.11820256,-0.77810226,0.13910490,-2.94565066,0.299983,-0.022844,0.044504,0.300000,-0.022787,0.044495,-0.018596,0.007362,0.000000,0.00032172,-0.00086318,0.00054247,0.99999943,1
3.460000,0.29636346,-0.27135752,-0.58411508,1.13523392,-0.76588144,0.13499701,-2.95119612,0.299988,-0.021444,0.043948,0.300000,-0.021385,0.043940,-0.019372,0.004974,0.000000,0.00021755,-0.00084047,0.00062381,0.99999943,1
3.480000,0.28068832,-0.27519225,-0.58843680,1.15356181,-0.75340850,0.13013889,-2.95718662,0.299993,-0.020031,0.043428,0.300000,-0.019969,0.043421,-0.019842,0.002507,0.000000,0.00010993,-0.00080453,0.00069530,0.99999943,1
3.500000,0.26448137,-0.27770550,-0.59412959,1.17304873,-0.74081588,0.12454604,-2.96358460,0.299998,-0.018603,0.042943,0.300000,-0.018541,0.042937,-0.020000,0.000000,0.000000,0.00000057,-0.00075592,0.00075584,0.99999943,1
3.520000,0.24791890,-0.27887104,-0.60116037,1.19352678,-0.72824047,0.11825167,-2.97033871,0.300003,-0.017164,0.042495,0.300000,-0.017101,0.042489,-0.019842,-0.002507,0.000000,-0.00010881,-0.00069540,0.00080447,0.99999943,1
3.540000,0.23118702,-0.27868538,-0.60947153,1.21479695,-0.71581945,0.11130821,-2.97738278,0.300008,-0.015713,0.042082,0.300000,-0.015650,0.042077,-0.019372,-0.004974,0.000000,-0.00021650,-0.00062392,0.00084043,0.99999943,1
3.560000,0.21447799,-0.27716824,-0.61898159,1.23662954,-0.70368605,0.10378829,-2.98463548,0.300013,-0.014251,0.041707,0.300000,-0.014190,0.041702,-0.018596,-0.007362,0.000000,-0.00032078,-0.00054260,0.00086316,0.99999943,1
3.580000,0.19798617,-0.27436234,-0.62958642,1.25876639,-0.69196530,0.09578473,-2.99200117,0.300017,-0.012780,0.041368,0.300000,-0.012720,0.041364,-0.017526,-0.009635,0.000000,-0.00042001,-0.00045273,0.00087229,0.99999943,1
3.600000,0.18190369,-0.27033272,-0.64116119,1.28092493,-0.68077015,0.08740957,-2.99937170,0.300022,-0.011301,0.041066,0.300000,-0.011243,0.041063,-0.016180,-0.011756,0.000000,-0.00051263,-0.00035570,0.00086768,0.99999943,1
3.620000,0.16641615,-0.26516535,-0.65356279,1.30280418,-0.67019837,0.07879197,-3.00662941,0.300026,-0.009813,0.040801,0.300000,-0.009758,0.040799,-0.014579,-0.013691,0.000000,-0.00059717,-0.00025307,0.00084941,0.99999943,1
3.640000,0.15169839,-0.25896533,-0.66663268,1.32409260,-0.66033025,0.07007493,-3.01365112,0.300029,-0.008319,0.040574,0.300000,-0.008267,0.040572,-0.012748,-0.015410,0.000000,-0.00067228,-0.00014642,0.00081777,0.99999943,1
3.660000,0.13791062,-0.25185451,-0.68020014,1.34447745,-0.65122765,0.06141088,-3.02031278,0.300033,-0.006819,0.040385,0.300000,-0.006771,0.040383,-0.010717,-0.016887,0.000000,-0.00073679,-0.00003746,0.00077325,0.99999943,1
3.680000,0.12519493,-0.24396883,-0.69408559,1.36365515,-0.64293404,0.05295643,-3.02649452,0.300035,-0.005315,0.040233,0.300000,-0.005271,0.040232,-0.008516,-0.018097,0.000000,-0.00078966,0.00007211,0.00071654,0.99999943,1
3.700000,0.11367238,-0.23545537,-0.70810399,1.38134201,-0.63547590,0.04486646,-3.03208579,0.300037,-0.003807,0.040119,0.300000,-0.003767,0.040118,-0.006180,-0.019021,0.000000,-0.00083007,0.00018056,0.00064854,0.99999943,1
3.720000,0.10344070,-0.22646928,-0.72206815,1.39728458,-0.62886489,0.03728807,-3.03698992,0.300039,-0.002296,0.040042,0.300000,-0.002261,0.040043,-0.003748,-0.019646,0.000000,-0.00085737,0.00028618,0.00057032,0.99999943,1
3.740000,0.09471358,-0.21731953,-0.73557591,1.41104256,-0.62318785,0.03046717,-3.04105970,0.300080,-0.000814,0.040003,0.300000,-0.000754,0.040005,-0.001256,-0.019961,0.000000,-0.00087113,0.00038729,0.00048311,0.99999943,1
3.760000,0.08723742,-0.20787714,-0.74887651,1.42293038,-0.61825187,0.02428398,-3.04438613,0.300081,0.000703,0.040002,0.300000,0.000754,0.040005,0.001256,-0.019961,0.000000,-0.00087113,0.00048230,0.00038827,0.99999943,1
3.780000,0.08118603,-0.19843783,-0.76158734,1.43259098,-0.61413743,0.01894579,-3.04685798,0.300081,0.002220,0.040039,0.300000,0.002261,0.040043,0.003748,-0.019646,0.000000,-0.00085737,0.00056971,0.00028731,0.99999943,1
3.800000,0.07655807,-0.18916285,-0.77353450,1.43996001,-0.61083036,0.01452132,-3.04846254,0.300079,0.003737,0.040114,0.300000,0.003767,0.040118,0.006180,-0.019021,0.000000,-0.00083007,0.00064813,0.00018180,0.99999943,1
3.820000,0.07332164,-0.18020276,-0.78456103,1.44503980,-0.60831328,0.01104725,-3.04921455,0.300076,0.005250,0.040227,0.300000,0.005271,0.040232,0.008516,-0.018097,0.000000,-0.00078966,0.00071633,0.00007341,0.99999943,1
3.840000,0.07141984,-0.17169915,-0.79452295,1.44789158,-0.60656936,0.00853119,-3.04915342,0.300071,0.006760,0.040377,0.300000,0.006771,0.040383,0.010717,-0.016887,0.000000,-0.00073679,0.00077323,-0.00003616,0.99999943,1
3.860000,0.07077241,-0.16378260,-0.80329079,1.44863284,-0.60558271,0.00695249,-3.04834194,0.300066,0.008264,0.040565,0.300000,0.008267,0.040572,0.012748,-0.015410,0.000000,-0.00067228,0.00081791,-0.00014516,0.99999943,1
3.880000,0.07127761,-0.15657086,-0.81075126,1.44743329,-0.60533788,0.00626408,-3.04686452,0.300059,0.009763,0.040791,0.300000,0.009758,0.040799,0.014579,-0.013691,0.000000,-0.00059717,0.00084968,-0.00025190,0.99999943,1
3.900000,0.07281447,-0.15016731,-0.81680869,1.44450901,-0.60581873,0.00639537,-3.04482464,0.300052,0.011255,0.041054,0.300000,0.011243,0.041063,0.016180,-0.011756,0.000000,-0.00051263,0.00086803,-0.00035467,0.99999943,1
3.920000,0.07516714,-0.14483802,-0.82123955,1.44025590,-0.60696654,0.00722862,-3.04242120,0.300088,0.012757,0.041344,0.300000,0.012720,0.041364,0.017526,-0.009635,0.000000,-0.00042001,0.00087267,-0.00045185,0.99999943,1
3.940000,0.07831166,-0.14027743,-0.82432040,1.43472544,-0.60881454,0.00869062,-3.03964191,0.300073,0.014239,0.041680,0.300000,0.014190,0.041702,0.018596,-0.007362,0.000000,-0.00032078,0.00086353,-0.00054192,0.99999943,1
3.960000,0.08204431,-0.13672364,-0.82584054,1.42830461,-0.61132096,0.01066213,-3.03668306,0.300053,0.015708,0.042053,0.300000,0.015650,0.042077,0.019372,-0.004974,0.000000,-0.00021650,0.00084075,-0.00062344,0.99999943,1
3.980000,0.08619241,-0.13422513,-0.82577298,1.42131890,-0.61444972,0.01301909,-3.03369194,0.300033,0.017165,0.042463,0.300000,0.017101,0.042489,0.019842,-0.002507,0.000000,-0.00010881,0.00080469,-0.00069513,0.99999943,1
4.000000,0.09058094,-0.13280178,-0.82412174,1.41409294,-0.61815811,0.01563510,-3.03081213,0.300012,0.018609,0.042909,0.300000,0.018541,0.042937,0.020000,-0.000000,0.000000,0.00000057,0.00075592,-0.00075584,0.99999943,1
4.020000,0.09503350,-0.13245515,-0.82091228,1.40694594,-0.62239587,0.01838534,-3.02818227,0.299991,0.020038,0.043391,0.300000,0.019969,0.043421,0.019842,0.002507,0.000000,0.00010993,0.00069522,-0.00080462,0.99999943,1
4.040000,0.09937518,-0.13316928,-0.81619029,1.40018416,-0.62710589,0.02114997,-3.02593223,0.299970,0.021453,0.043909,0.300000,0.021385,0.043940,0.019372,0.004974,0.000000,0.00021755,0.00062355,-0.00084070,0.99999943,1
4.060000,0.10343563,-0.13491121,-0.81002088,1.39409433,-0.63222562,0.02381679,-3.02417989,0.299949,0.022851,0.044462,0.300000,0.022787,0.044495,0.018596,0.007362,0.000000,0.00032172,0.00054205,-0.00086350,0.99999943,1
4.080000,0.10705175,-0.13763149,-0.80248744,1.38893839,-0.63768911,0.02628320,-3.02302838,0.299929,0.024232,0.045050,0.300000,0.024174,0.045086,0.017526,0.009635,0.000000,0.00042080,0.00045199,-0.00087267,0.99999943,1
4.100000,0.11017034,-0.14138608,-0.79339622,1.38481978,-0.64362153,0.02852841,-3.02255079,0.299955,0.025572,0.045691,0.300000,0.025547,0.045710,0.016180,0.011756,0.000000,0.00051325,0.00035481,-0.00086805,0.99999943,1
4.120000,0.11242872,-0.14588406,-0.78340312,1.38224167,-0.64958646,0.03032035,-3.02286740,0.299948,0.026922,0.046350,0.300000,0.026903,0.046370,0.014579,0.013691,0.000000,0.00059759,0.00025205,-0.00084972,0.99999943,1
4.140000,0.11381339,-0.15111489,-0.77240306,1.38121386,-0.65569429,0.03166623,-3.02399343,0.299941,0.028255,0.047042,0.300000,0.028242,0.047063,0.012748,0.015410,0.000000,0.00067252,0.00014532,-0.00081797,0.99999943,1
4.160000,0.11421727,-0.15697392,-0.76052986,1.38186755,-0.66189628,0.03251099,-3.02595963,0.299934,0.029570,0.047768,0.300000,0.029564,0.047789,0.010717,0.016887,0.000000,0.00073684,0.00003632,-0.00077330,0.99999943,1
4.180000,0.11354735,-0.16334261,-0.74793395,1.38430566,-0.66814741,0.03280808,-3.02877980,0.299929,0.030865,0.048526,0.300000,0.030866,0.048548,0.008516,0.018097,0.000000,0.00078956,-0.00007324,-0.00071643,0.99999943,1
4.200000,0.11172922,-0.17009271,-0.73477321,1.38859867,-0.67441299,0.03252117,-3.03245050,0.299924,0.032140,0.049317,0.300000,0.032150,0.049340,0.006180,0.019021,0.000000,0.00082984,-0.00018164,-0.00064824,0.99999943,1
4.220000,0.10870818,-0.17708807,-0.72121052,1.39478484,-0.68066997,0.03162369,-3.03695183,0.299921,0.033394,0.050140,0.300000,0.033413,0.050164,0.003748,0.019646,0.000000,0.00085704,-0.00028715,-0.00056983,0.99999943,1
4.240000,0.10445013,-0.18418665,-0.70741130,1.40287056,-0.68690740,0.03009869,-3.04224816,0.299919,0.034627,0.050994,0.300000,0.034654,0.051020,0.001256,0.019961,0.000000,0.00087076,-0.00038813,-0.00048243,0.99999943,1
4.260000,0.09894218,-0.19124279,-0.69354117,1.41283060,-0.69312637,0.02793869,-3.04828900,0.299919,0.035837,0.051879,0.300000,0.035874,0.051906,-0.001256,0.019961,0.000000,0.00087076,-0.00048298,-0.00038743,0.99999943,1
4.280000,0.09219308,-0.19810947,-0.67976351,1.42460817,-0.69933918,0.02514595,-3.05500987,0.299919,0.037026,0.052795,0.300000,0.037072,0.052823,-0.003748,0.019646,0.000000,0.00085704,-0.00057020,-0.00028633,0.99999943,1
4.300000,0.08410568,-0.20474641,-0.66601639,1.43832903,-0.70567244,0.02168006,-3.06244917,0.299961,0.038218,0.053755,0.300000,0.038245,0.053769,-0.006180,0.019021,0.000000,0.00082984,-0.00064844,-0.00018072,0.99999943,1
4.320000,0.07496730,-0.21079410,-0.65289560,1.45347499,-0.71195060,0.01765887,-3.07029523,0.299963,0.039364,0.054730,0.300000,0.039395,0.054745,-0.008516,0.018097,0.000000,0.00078956,-0.00071645,-0.00007227,0.99999943,1
4.340000,0.06474731,-0.21622426,-0.64032622,1.47007689,-0.71830940,0.01307460,-3.07855129,0.299965,0.040484,0.055734,0.300000,0.040520,0.055749,-0.010717,0.016887,0.000000,0.00073684,-0.00077317,0.00003730,0.99999943,1
4.360000,0.05353875,-0.22091137,-0.62843596,1.48795906,-0.72478885,0.00797157,-3.08711017,0.299968,0.041580,0.056765,0.300000,0.041619,0.056781,-0.012748,0.015410,0.000000,0.00067252,-0.00081771,0.00014626,0.99999943,1
4.380000,0.04145562,-0.22473944,-0.61734287,1.50691686,-0.73142692,0.00240575,-3.09585656,0.299971,0.042649,0.057824,0.300000,0.042692,0.057841,-0.014579,0.013691,0.000000,0.00059759,-0.00084938,0.00025291,0.99999943,1
4.400000,0.02862955,-0.22760578,-0.60715037,1.52672265,-0.73825804,-0.00355635,-3.10467108,0.299975,0.043692,0.058910,0.300000,0.043738,0.058927,-0.016180,0.011756,0.000000,0.00051325,-0.00086767,0.00035556,0.99999943,1
4.420000,0.01520757,-0.22942303,-0.59794596,1.54713023,-0.74531023,-0.00983862,-3.11343310,0.299979,0.044708,0.060021,0.300000,0.044756,0.060039,-0.017526,0.009635,0.000000,0.00042080,-0.00087229,0.00045259,0.99999943,1
4.440000,0.00134945,-0.23012089,-0.58980020,1.56788022,-0.75260258,-0.01635703,-3.12202379,0.299983,0.045696,0.061158,0.300000,0.045747,0.061177,-0.018596,0.007362,0.000000,0.00032172,-0.00086318,0.00054247,0.99999943,1
4.460000,-0.01277549,-0.22964742,-0.58276602,1.58870612,-0.76014326,-0.02302174,-3.13032926,0.299988,0.046656,0.062319,0.300000,0.046708,0.062339,-0.019372,0.004974,0.000000,0.00021755,-0.00084047,0.00062381,0.99999943,1
4.480000,-0.02699181,-0.22797004,-0.57687834,1.60934094,-0.76792841,-0.02973960,-3.13824348,0.299993,0.047587,0.063505,0.300000,0.047639,0.063524,-0.019842,0.002507,0.000000,0.00010993,-0.00080453,0.00069530,0.99999943,1
4.500000,-0.04112166,-0.22507611,-0.57215390,1.62952372,-0.77594186,-0.03641698,-3.14567091,0.299998,0.048488,0.064713,0.300000,0.048541,0.064733,-0.020000,0.000000,0.000000,0.00000057,-0.00075592,0.00075584,0.99999943,1
4.520000,-0.05498605,-0.22115097,-0.56835378,1.64899770,-0.78421509,-0.04431067,-3.15000000,0.300003,0.049360,0.065943,0.300000,0.049412,0.065964,-0.019842,-0.002507,0.000000,-0.00010881,-0.00069540,0.00080447,0.99999943,1
4.540000,-0.06840555,-0.21653724,-0.56504555,1.66750878,-0.79280660,-0.05569447,-3.15000000,0.300008,0.050200,0.067195,0.300000,0.050252,0.067216,-0.019372,-0.004974,0.000000,-0.00021650,-0.00062392,0.00084043,0.99999943,1
4.560000,-0.08122184,-0.21085240,-0.56277398,1.68486542,-0.80151821,-0.06721688,-3.15000000,0.300012,0.051010,0.068468,0.300000,0.051060,0.068490,-0.018596,-0.007362,0.000000,-0.00032078,-0.00054260,0.00086316,0.99999943,1
4.580000,-0.09328622,-0.20403541,-0.56165558,1.70089545,-0.81025490,-0.07786002,-3.15000000,0.300017,0.051788,0.069761,0.300000,0.051835,0.069783,-0.017526,-0.009635,0.000000,-0.00042001,-0.00045273,0.00087229,0.99999943,1
4.600000,-0.10446220,-0.19614195,-0.56165581,1.71544892,-0.81895465,-0.08737280,-3.15000000,0.300021,0.052534,0.071072,0.300000,0.052578,0.071095,-0.016180,-0.011756,0.000000,-0.00051263,-0.00035570,0.00086768,0.99999943,1
4.620000,-0.11462835,-0.18726312,-0.56269731,1.72840176,-0.82756371,-0.09566333,-3.15000000,0.300026,0.053247,0.072403,0.300000,0.053288,0.072425,-0.014579,-0.013691,0.000000,-0.00059717,-0.00025307,0.00084941,0.99999943,1
4.640000,-0.12367995,-0.17750901,-0.56468097,1.73965623,-0.83603407,-0.10268638,-3.15000000,0.300029,0.053926,0.073750,0.300000,0.053964,0.073773,-0.012748,-0.015410,0.000000,-0.00067228,-0.00014642,0.00081777,0.99999943,1
4.660000,-0.13153001,-0.16700407,-0.56749115,1.74914028,-0.84432453,-0.10842124,-3.15000000,0.300032,0.054573,0.075114,0.300000,0.054606,0.075137,-0.010717,-0.016887,0.000000,-0.00073679,-0.00003746,0.00077325,0.99999943,1
4.680000,-0.13810982,-0.15588439,-0.57099824,1.75680645,-0.85240211,-0.11286598,-3.15000000,0.300035,0.055185,0.076494,0.300000,0.055214,0.076518,-0.008516,-0.018097,0.000000,-0.00078966,0.00007211,0.00071654,0.99999943,1
4.700000,-0.14336917,-0.14429546,-0.57506083,1.76263053,-0.86024307,-0.11603466,-3.15000000,0.300037,0.055762,0.077889,0.300000,0.055787,0.077913,-0.006180,-0.019021,0.000000,-0.00083007,0.00018056,0.00064854,0.99999943,1
4.720000,-0.14721497,-0.13259172,-0.57944491,1.76654872,-0.86771235,-0.11802293,-3.14984807,0.300078,0.056286,0.079274,0.300000,0.056324,0.079321,-0.003748,-0.019646,0.000000,-0.00085737,0.00028618,0.00057032,0.99999943,1
4.740000,-0.14977517,-0.12061901,-0.58405365,1.76872559,-0.87506288,-0.11936683,-3.14898203,0.300081,0.056798,0.080695,0.300000,0.056826,0.080743,-0.001256,-0.019961,0.000000,-0.00087113,0.00038729,0.00048311,0.99999943,1
4.760000,-0.15097590,-0.10871811,-0.58866019,1.76911457,-0.88217838,-0.12013296,-3.14754699,0.300082,0.057275,0.082129,0.300000,0.057292,0.082178,0.001256,-0.019961,0.000000,-0.00087113,0.00048230,0.00038827,0.99999943,1
4.780000,-0.15083653,-0.09704811,-0.59310822,1.76777104,-0.88906511,-0.12033381,-3.14559942,0.300081,0.057715,0.083574,0.300000,0.057722,0.083623,0.003748,-0.019646,0.000000,-0.00085737,0.00056971,0.00028731,0.99999943,1
4.800000,-0.14939549,-0.08575953,-0.59724343,1.76477061,-0.89574208,-0.11998486,-3.14319606,0.300079,0.058120,0.085030,0.300000,0.058115,0.085079,0.006180,-0.019021,0.000000,-0.00083007,0.00064813,0.00018180,0.99999943,1
4.820000,-0.14670735,-0.07499760,-0.60091366,1.76020585,-0.90223649,-0.11910620,-3.14039625,0.300076,0.058487,0.086495,0.300000,0.058472,0.086544,0.008516,-0.018097,0.000000,-0.00078966,0.00071633,0.00007341,0.99999943,1
4.840000,-0.14284189,-0.06490019,-0.60397119,1.75418543,-0.90858239,-0.11772242,-3.13726162,0.300072,0.058817,0.087969,0.300000,0.058791,0.088017,0.010717,-0.016887,0.000000,-0.00073679,0.00077323,-0.00003616,0.99999943,1
4.860000,-0.13788319,-0.05559577,-0.60627498,1.74683320,-0.91481931,-0.11586246,-3.13385569,0.300066,0.059109,0.089450,0.300000,0.059074,0.089499,0.012748,-0.015410,0.000000,-0.00067228,0.00081791,-0.00014516,0.99999943,1
4.880000,-0.13192854,-0.04720140,-0.60769294,1.73828721,-0.92099062,-0.11355944,-3.13024346,0.300060,0.059363,0.090938,0.300000,0.059319,0.090986,0.014579,-0.013691,0.000000,-0.00059717,0.00084968,-0.00025190,0.99999943,1
4.900000,-0.12508720,-0.03982085,-0.60810415,1.72869840,-0.92714201,-0.11085047,-3.12649101,0.300053,0.059579,0.092431,0.300000,0.059527,0.092480,0.016180,-0.011756,0.000000,-0.00051263,0.00086803,-0.00035467,0.99999943,1
4.920000,-0.11747895,-0.03354296,-0.60740093,1.71822902,-0.93331970,-0.10777630,-3.12266495,0.300044,0.059757,0.093930,0.300000,0.059697,0.093978,0.017526,-0.009635,0.000000,-0.00042001,0.00087267,-0.00045185,0.99999943,1
4.940000,-0.10923239,-0.02844020,-0.60549079,1.70705068,-0.93956885,-0.10438095,-3.11883178,0.300035,0.059895,0.095432,0.300000,0.059830,0.095480,0.018596,-0.007362,0.000000,-0.00032078,0.00086353,-0.00054192,0.99999943,1
4.960000,-0.10048314,-0.02456749,-0.60229814,1.69534203,-0.94593200,-0.10071112,-3.11505716,0.300026,0.059995,0.096937,0.300000,0.059924,0.096985,0.019372,-0.004974,0.000000,-0.00021650,0.00084075,-0.00062344,0.99999943,1
4.980000,-0.09137171,-0.02196129,-0.59776583,1.68328607,-0.95244760,-0.09681551,-3.11140497,0.300016,0.060056,0.098444,0.300000,0.059981,0.098492,0.019842,-0.002507,0.000000,-0.00010881,0.00080469,-0.00069513,0.99999943,1
5.000000,-0.08204135,-0.02063910,-0.59185627,1.67106720,-0.95914887,-0.09274400,-3.10793634,0.300005,0.060078,0.099952,0.300000,0.060000,0.100000,0.020000,-0.000000,0.000000,0.00000057,0.00075592,-0.00075584,0.99999943,1
5.020000,0.14170487,-0.11065341,-0.48753918,1.39983714,-0.97940087,-0.00317976,-3.04245650,0.319964,0.002201,0.099575,0.319981,0.002142,0.099583,0.019842,0.002507,0.000000,0.00010977,0.00069525,-0.00057058,0.99999959,0
5.040000,0.14170487,-0.11065341,-0.48753918,1.39983714,-0.97940087,-0.00317976,-3.04245650,0.319479,0.005042,0.099618,0.319496,0.004984,0.099626,0.019372,0.004974,0.000000,0.00021697,0.00062376,0.00008921,0.99999978,0
5.060000,0.14170487,-0.11065341,-0.48753918,1.39983714,-0.97940087,-0.00317976,-3.04245650,0.318686,0.008086,0.099667,0.318703,0.008027,0.099675,0.018596,0.007362,0.000000,0.00032059,0.00054271,0.00121466,0.99999906,0
5.080000,0.14170487,-0.11065341,-0.48753918,1.39983714,-0.97940087,-0.00317976,-3.04245650,0.317595,0.011288,0.099721,0.317612,0.011230,0.099729,0.017526,0.009635,0.000000,0.00041914,0.00045353,0.00279671,0.99999590,0
5.100000,0.14170487,-0.11065341,-0.48753918,1.39983714,-0.97940087,-0.00317976,-3.04245650,0.316221,0.014608,0.099779,0.316238,0.014550,0.099787,0.016180,0.011756,0.000000,0.00051122,0.00035773,0.00482607,0.99998816,0
5.120000,0.14170487,-0.11065341,-0.48753918,1.39983714,-0.97940087,-0.00317976,-3.04245650,0.314582,0.018006,0.099841,0.314600,0.017948,0.099848,0.014579,0.013691,0.000000,0.00059552,0.00025691,0.00729323,0.99997319,0
5.140000,0.14170487,-0.11065341,-0.48753918,1.39983714,-0.97940087,-0.00317976,-3.04245650,0.312700,0.021447,0.099905,0.312718,0.021389,0.099912,0.012748,0.015410,0.000000,0.00067088,0.00015272,0.01018842,0.99994786,0
5.160000,0.14170487,-0.11065341,-0.48753918,1.39983714,-0.97940087,-0.00317976,-3.04245650,0.310600,0.024898,0.099970,0.310619,0.024840,0.099978,0.010717,0.016887,0.000000,0.00073625,0.00004683,0.01350168,0.99990858,0
5.180000,0.14170487,-0.11065341,-0.48753918,1.39983714,-0.97940087,-0.00317976,-3.04245650,0.308309,0.028328,0.100036,0.308329,0.028270,0.100043,0.008516,0.018097,0.000000,0.00079075,-0.00005907,0.01722278,0.99985136,0
5.200000,0.14170487,-0.11065341,-0.48753918,1.39983714,-0.97940087,-0.00317976,-3.04245650,0.305858,0.031713,0.100101,0.305878,0.031656,0.100109,0.006180,0.019021,0.000000,0.00083363,-0.00016335,0.02134128,0.99977189,0
5.220000,0.14170487,-0.11065341,-0.48753918,1.39983714,-0.97940087,-0.00317976,-3.04245650,0.303278,0.035032,0.100165,0.303298,0.034974,0.100172,0.003748,0.019646,0.000000,0.00086433,-0.00026441,0.02584650,0.99966551,0
5.240000,0.14170487,-0.11065341,-0.48753918,1.39983714,-0.97940087,-0.00317976,-3.04245650,0.300602,0.038267,0.100225,0.300623,0.038210,0.100232,0.001256,0.019961,0.000000,0.00088244,-0.00036076,0.03072758,0.99952734,0
5.260000,0.14170487,-0.11065341,-0.48753918,1.39983714,-0.97940087,-0.00317976,-3.04245650,0.297863,0.041407,0.100282,0.297884,0.041350,0.100289,-0.001256,0.019961,0.000000,0.00088774,-0.00045099,0.03597343,0.99935225,0
5.280000,0.14170487,-0.11065341,-0.48753918,1.39983714,-0.97940087,-0.00317976,-3.04245650,0.295094,0.044444,0.100334,0.295116,0.044387,0.100342,-0.003748,0.019646,0.000000,0.00088016,-0.00053383,0.04157281,0.99913495,0
5.300000,0.14170487,-0.11065341,-0.48753918,1.39983714,-0.97940087,-0.00317976,-3.04245650,0.292329,0.047376,0.100381,0.292352,0.047320,0.100389,-0.006180,0.019021,0.000000,0.00085982,-0.00060812,0.04751430,0.99887000,0
5.320000,0.14170487,-0.11065341,-0.48753918,1.39983714,-0.97940087,-0.00317976,-3.04245650,0.289600,0.050205,0.100422,0.289623,0.050149,0.100430,-0.008516,0.018097,0.000000,0.00082700,-0.00067288,0.05378632,0.99855190,0
5.340000,0.14170487,-0.11065341,-0.48753918,1.39983714,-0.97940087,-0.00317976,-3.04245650,0.286936,0.052937,0.100456,0.286960,0.052882,0.100464,-0.010717,0.016887,0.000000,0.00078215,-0.00072730,0.06037722,0.99817506,0
5.360000,0.14170487,-0.11065341,-0.48753918,1.39983714,-0.97940087,-0.00317976,-3.04245650,0.284367,0.055584,0.100483,0.284392,0.055528,0.100490,-0.012748,0.015410,0.000000,0.00072589,-0.00077072,0.06727519,0.99773390,0
5.380000,0.14170487,-0.11065341,-0.48753918,1.39983714,-0.97940087,-0.00317976,-3.04245650,0.281917,0.058159,0.100502,0.281943,0.058104,0.100510,-0.014579,0.013691,0.000000,0.00065898,-0.00080268,0.07446840,0.99722283,0
5.400000,0.14170487,-0.11065341,-0.48753918,1.39983714,-0.97940087,-0.00317976,-3.04245650,0.279609,0.060682,0.100513,0.279636,0.060627,0.100521,-0.016180,0.011756,0.000000,0.00058233,-0.00082290,0.08194494,0.99663635,0
5.420000,0.14170487,-0.11065341,-0.48753918,1.39983714,-0.97940087,-0.00317976,-3.04245650,0.277463,0.063174,0.100516,0.277490,0.063120,0.100523,-0.017526,0.009635,0.000000,0.00049697,-0.00083126,0.08969288,0.99596900,0
5.440000,0.14170487,-0.11065341,-0.48753918,1.39983714,-0.97940087,-0.00317976,-3.04245650,0.275492,0.065659,0.100511,0.275520,0.065605,0.100518,-0.018596,0.007362,0.000000,0.00040406,-0.00082784,0.09770030,0.99521545,0
5.460000,0.14170487,-0.11065341,-0.48753918,1.39983714,-0.97940087,-0.00317976,-3.04245650,0.273708,0.068165,0.100497,0.273737,0.068111,0.100504,-0.019372,0.004974,0.000000,0.00030487,-0.00081288,0.10595531,0.99437051,0
5.480000,0.14170487,-0.11065341,-0.48753918,1.39983714,-0.97940087,-0.00317976,-3.04245650,0.272117,0.070718,0.100475,0.272147,0.070665,0.100483,-0.019842,0.002507,0.000000,0.00020074,-0.00078681,0.11444606,0.99342913,0
5.500000,0.14170487,-0.11065341,-0.48753918,1.39983714,-0.97940087,-0.00317976,-3.04245650,0.270721,0.073349,0.100446,0.270752,0.073297,0.100453,-0.020000,0.000000,0.000000,0.00009310,-0.00075017,0.12316076,0.99238644,0
5.520000,0.14170487,-0.11065341,-0.48753918,1.39983714,-0.97940087,-0.00317976,-3.04245650,0.269517,0.076088,0.100410,0.269549,0.076036,0.100417,-0.019842,-0.002507,0.000000,-0.00001657,-0.00070367,0.13208773,0.99123778,0
5.540000,0.14170487,-0.11065341,-0.48753918,1.39983714,-0.97940087,-0.00317976,-3.04245650,0.268498,0.078964,0.100367,0.268531,0.078913,0.100374,-0.019372,-0.004974,0.000000,-0.00012677,-0.00064813,0.14121538,0.98997868,0
5.560000,0.14170487,-0.11065341,-0.48753918,1.39983714,-0.97940087,-0.00317976,-3.04245650,0.267652,0.082007,0.100318,0.267686,0.081957,0.100325,-0.018596,-0.007362,0.000000,-0.00023595,-0.00058450,0.15053227,0.98860490,0
5.580000,0.14170487,-0.11065341,-0.48753918,1.39983714,-0.97940087,-0.00317976,-3.04245650,0.266961,0.085245,0.100264,0.266996,0.085195,0.100271,-0.017526,-0.009635,0.000000,-0.00034260,-0.00051381,0.16002705,0.98711244,0
5.600000,0.14170487,-0.11065341,-0.48753918,1.39983714,-0.97940087,-0.00317976,-3.04245650,0.266406,0.088703,0.100206,0.266442,0.088654,0.100213,-0.016180,-0.011756,0.000000,-0.00044522,-0.00043715,0.16968857,0.98549754,0
5.620000,0.14170487,-0.11065341,-0.48753918,1.39983714,-0.97940087,-0.00317976,-3.04245650,0.265961,0.092406,0.100144,0.265998,0.092357,0.100151,-0.014579,-0.013691,0.000000,-0.00054234,-0.00035569,0.17950581,0.98375670,0
5.640000,0.14170487,-0.11065341,-0.48753918,1.39983714,-0.97940087,-0.00317976,-3.04245650,0.265598,0.096373,0.100080,0.265636,0.096325,0.100087,-0.012748,-0.015410,0.000000,-0.00063258,-0.00027063,0.18946788,0.98188668,0
5.660000,0.14170487,-0.11065341,-0.48753918,1.39983714,-0.97940087,-0.00317976,-3.04245650,0.265285,0.100623,0.100015,0.265324,0.100576,0.100022,-0.010717,-0.016887,0.000000,-0.00071463,-0.00018319,0.19956411,0.97988449,0
5.680000,0.14170487,-0.11065341,-0.48753918,1.39983714,-0.97940087,-0.00317976,-3.04245650,0.264988,0.105169,0.099949,0.265027,0.105123,0.099956,-0.008516,-0.018097,0.000000,-0.00078729,-0.00009459,0.20978394,0.97774745,0
5.700000,0.14170487,-0.11065341,-0.48753918,1.39983714,-0.97940087,-0.00317976,-3.04245650,0.264670,0.110021,0.099884,0.264710,0.109975,0.099891,-0.006180,-0.019021,0.000000,-0.00084946,-0.00000603,0.22011698,0.97547311,0
5.720000,0.14170487,-0.11065341,-0.48753918,1.39983714,-0.97940087,-0.00317976,-3.04245650,0.264292,0.115183,0.099820,0.264334,0.115138,0.099828,-0.003748,-0.019646,0.000000,-0.00090021,0.00008131,0.23055300,0.97305935,0
5.740000,0.14170487,-0.11065341,-0.48753918,1.39983714,-0.97940087,-0.00317976,-3.04245650,0.263816,0.120656,0.099760,0.263859,0.120612,0.099767,-0.001256,-0.019961,0.000000,-0.00093872,0.00016630,0.24108190,0.97050431,0
5.760000,0.14170487,-0.11065341,-0.48753918,1.39983714,-0.97940087,-0.00317976,-3.04245650,0.263202,0.126436,0.099703,0.263245,0.126393,0.099710,0.001256,-0.019961,0.000000,-0.00096438,0.00024789,0.25169370,0.96780643,0
5.780000,0.14170487,-0.11065341,-0.48753918,1.39983714,-0.97940087,-0.00317976,-3.04245650,0.262409,0.132513,0.099650,0.262454,0.132471,0.099658,0.003748,-0.019646,0.000000,-0.00097672,0.00032507,0.26237854,0.96496448,0
5.800000,0.14170487,-0.11065341,-0.48753918,1.39983714,-0.97940087,-0.00317976,-3.04245650,0.261399,0.138874,0.099603,0.261444,0.138833,0.099611,0.006180,-0.019021,0.000000,-0.00097546,0.00039695,0.27312667,0.96197750,0
5.820000,0.14170487,-0.11065341,-0.48753918,1.39983714,-0.97940087,-0.00317976,-3.04245650,0.260134,0.145499,0.099563,0.260180,0.145460,0.099570,0.008516,-0.018097,0.000000,-0.00096052,0.00046272,0.28392843,0.95884488,0
5.840000,0.14170487,-0.11065341,-0.48753918,1.39983714,-0.97940087,-0.00317976,-3.04245650,0.258579,0.152366,0.099528,0.258626,0.152328,0.099536,0.010717,-0.016887,0.000000,-0.00093199,0.00052165,0.29477421,0.95556634,0
5.860000,0.14170487,-0.11065341,-0.48753918,1.39983714,-0.97940087,-0.00317976,-3.04245650,0.256700,0.159447,0.099502,0.256748,0.159410,0.099509,0.012748,-0.015410,0.000000,-0.00089019,0.00057315,0.30565447,0.95214192,0
5.880000,0.14170487,-0.11065341,-0.48753918,1.39983714,-0.97940087,-0.00317976,-3.04245650,0.254468,0.166711,0.099483,0.254517,0.166674,0.099490,0.014579,-0.013691,0.000000,-0.00083558,0.00061673,0.31655970,0.94857202,0
5.900000,0.14170487,-0.11065341,-0.48753918,1.39983714,-0.97940087,-0.00317976,-3.04245650,0.251857,0.174121,0.099472,0.251907,0.174085,0.099479,0.016180,-0.011756,0.000000,-0.00076886,0.00065202,0.32748043,0.94485742,0
5.920000,0.14170487,-0.11065341,-0.48753918,1.39983714,-0.97940087,-0.00317976,-3.04245650,0.248845,0.181639,0.099469,0.248895,0.181605,0.099476,0.017526,-0.009635,0.000000,-0.00069086,0.00067873,0.33840719,0.94099928,0
5.940000,0.14170487,-0.11065341,-0.48753918,1.39983714,-0.97940087,-0.00317976,-3.04245650,0.245413,0.189225,0.099474,0.245465,0.189192,0.099482,0.018596,-0.007362,0.000000,-0.00060261,0.00069674,0.34933050,0.93699912,0
5.960000,0.14170487,-0.11065341,-0.48753918,1.39983714,-0.97940087,-0.00317976,-3.04245650,0.241551,0.196835,0.099488,0.241603,0.196803,0.099495,0.019372,-0.004974,0.000000,-0.00050527,0.00070599,0.36024090,0.93285891,0
5.980000,0.14170487,-0.11065341,-0.48753918,1.39983714,-0.97940087,-0.00317976,-3.04245650,0.237249,0.204424,0.099510,0.237302,0.204394,0.099517,0.019842,-0.002507,0.000000,-0.00040018,0.00070655,0.37112887,0.92858101,0
6.000000,0.14170487,-0.11065341,-0.48753918,1.39983714,-0.97940087,-0.00317976,-3.04245650,0.232506,0.211947,0.099539,0.232559,0.211918,0.099546,0.020000,-0.000000,0.000000,-0.00028875,0.00069860,0.38198491,0.92416825,0
6.020000,0.14170487,-0.11065341,-0.48753918,1.39983714,-0.97940087,-0.00317976,-3.04245650,0.227325,0.219357,0.099575,0.227379,0.219329,0.099583,0.019842,0.002507,0.000000,-0.00017254,0.00068239,0.39279946,0.91962389,0
6.040000,0.14170487,-0.11065341,-0.48753918,1.39983714,-0.97940087,-0.00317976,-3.04245650,0.221715,0.226608,0.099618,0.221770,0.226581,0.099626,0.019372,0.004974,0.000000,-0.00005315,0.00065827,0.40356295,0.91495164,0
6.060000,0.14170487,-0.11065341,-0.48753918,1.39983714,-0.97940087,-0.00317976,-3.04245650,0.215690,0.233655,0.099667,0.215745,0.233630,0.099675,0.018596,0.007362,0.000000,0.00006772,0.00062668,0.41426581,0.91015572,0
6.080000,0.14170487,-0.11065341,-0.48753918,1.39983714,-0.97940087,-0.00317976,-3.04245650,0.209269,0.240456,0.099721,0.209325,0.240432,0.099729,0.017526,0.009635,0.000000,0.00018837,0.00058812,0.42489843,0.90524082,0
6.100000,0.14170487,-0.11065341,-0.48753918,1.39983714,-0.97940087,-0.00317976,-3.04245650,0.202478,0.246970,0.099779,0.202534,0.246947,0.099787,0.016180,0.011756,0.000000,0.00030706,0.00054317,0.43545122,0.90021211,0
6.120000,0.14170487,-0.11065341,-0.48753918,1.39983714,-0.97940087,-0.00317976,-3.04245650,0.195344,0.253157,0.099841,0.195401,0.253136,0.099848,0.014579,0.013691,0.000000,0.00042208,0.00049244,0.44591459,0.89507528,0
6.140000,0.14170487,-0.11065341,-0.48753918,1.39983714,-0.97940087,-0.00317976,-3.04245650,0.187903,0.258984,0.099905,0.187960,0.258964,0.099912,0.012748,0.015410,0.000000,0.00053177,0.00043661,0.45627899,0.88983651,0
6.160000,0.14170487,-0.11065341,-0.48753918,1.39983714,-0.97940087,-0.00317976,-3.04245650,0.180191,0.264419,0.099970,0.180249,0.264400,0.099978,0.010717,0.016887,0.000000,0.00063451,0.00037638,0.46653492,0.88450247,0
6.180000,0.14170487,-0.11065341,-0.48753918,1.39983714,-0.97940087,-0.00317976,-3.04245650,0.172251,0.269436,0.100036,0.172310,0.269419,0.100043,0.008516,0.018097,0.000000,0.00072878,0.00031250,0.47667296,0.87908035,0
6.200000,0.14170487,-0.11065341,-0.48753918,1.39983714,-0.97940087,-0.00317976,-3.04245650,0.164127,0.274013,0.100101,0.164186,0.273997,0.100109,0.006180,0.019021,0.000000,0.00081317,0.00024572,0.48668376,0.87357781,0
6.220000,0.14170487,-0.11065341,-0.48753918,1.39983714,-0.97940087,-0.00317976,-3.04245650,0.155865,0.278133,0.100165,0.155924,0.278118,0.100172,0.003748,0.019646,0.000000,0.00088640,0.00017683,0.49655813,0.86800300,0
6.240000,0.14170487,-0.11065341,-0.48753918,1.39983714,-0.97940087,-0.00317976,-3.04245650,0.147515,0.281784,0.100225,0.147574,0.281770,0.100232,0.001256,0.019961,0.000000,0.00094736,0.00010660,0.50628699,0.86236452,0
6.260000,0.14170487,-0.11065341,-0.48753918,1.39983714,-0.97940087,-0.00317976,-3.04245650,0.139126,0.284960,0.100282,0.139185,0.284948,0.100289,-0.001256,0.019961,0.000000,0.00099509,0.00003582,0.51586148,0.85667143,0
6.280000,0.14170487,-0.11065341,-0.48753918,1.39983714,-0.97940087,-0.00317976,-3.04245650,0.130748,0.287661,0.100334,0.130808,0.287650,0.100342,-0.003748,0.019646,0.000000,0.00102881,-0.00003473,0.52527289,0.85093321,0
6.300000,0.14170487,-0.11065341,-0.48753918,1.39983714,-0.97940087,-0.00317976,-3.04245650,0.122432,0.289892,0.100381,0.122492,0.289882,0.100389,-0.006180,0.019021,0.000000,0.00104796,-0.00010428,0.53451278,0.84515974,0
6.320000,0.14170487,-0.11065341,-0.48753918,1.39983714,-0.97940087,-0.00317976,-3.04245650,0.114227,0.291662,0.100422,0.114287,0.291654,0.100430,-0.008516,0.018097,0.000000,0.00105218,-0.00017210,0.54357295,0.83936125,0
6.340000,0.14170487,-0.11065341,-0.48753918,1.39983714,-0.97940087,-0.00317976,-3.04245650,0.106181,0.292988,0.100456,0.106241,0.292981,0.100464,-0.010717,0.016887,0.000000,0.00104132,-0.00023745,0.55244548,0.83354835,0
6.360000,0.14170487,-0.11065341,-0.48753918,1.39983714,-0.97940087,-0.00317976,-3.04245650,0.098340,0.293890,0.100483,0.098401,0.293884,0.100490,-0.012748,0.015410,0.000000,0.00101546,-0.00029963,0.56112274,0.82773193,0
6.380000,0.14170487,-0.11065341,-0.48753918,1.39983714,-0.97940087,-0.00317976,-3.04245650,0.090747,0.294393,0.100502,0.090808,0.294389,0.100510,-0.014579,0.013691,0.000000,0.00097489,-0.00035798,0.56959745,0.82192315,0
6.400000,0.14170487,-0.11065341,-0.48753918,1.39983714,-0.97940087,-0.00317976,-3.04245650,0.083443,0.294529,0.100513,0.083504,0.294525,0.100521,-0.016180,0.011756,0.000000,0.00092012,-0.00041187,0.57786263,0.81613342,0
6.420000,0.14170487,-0.11065341,-0.48753918,1.39983714,-0.97940087,-0.00317976,-3.04245650,0.076463,0.294330,0.100516,0.076523,0.294327,0.100523,-0.017526,0.009635,0.000000,0.00085189,-0.00046071,0.58591168,0.81037434,0
6.440000,0.14170487,-0.11065341,-0.48753918,1.39983714,-0.97940087,-0.00317976,-3.04245650,0.069839,0.293833,0.100511,0.069900,0.293832,0.100518,-0.018596,0.007362,0.000000,0.00077110,-0.00050397,0.59373834,0.80465765,0
6.460000,0.14170487,-0.11065341,-0.48753918,1.39983714,-0.97940087,-0.00317976,-3.04245650,0.063599,0.293079,0.100497,0.063660,0.293079,0.100504,-0.019372,0.004974,0.000000,0.00067889,-0.00054114,0.60133675,0.79899522,0
6.480000,0.14170487,-0.11065341,-0.48753918,1.39983714,-0.97940087,-0.00317976,-3.04245650,0.057766,0.292110,0.100475,0.057827,0.292111,0.100483,-0.019842,0.002507,0.000000,0.00057654,-0.00057180,0.60870138,0.79339900,0
6.500000,0.14170487,-0.11065341,-0.48753918,1.39983714,-0.97940087,-0.00317976,-3.04245650,0.052357,0.290970,0.100446,0.052417,0.290972,0.100453,-0.020000,-0.000000,0.000000,0.00046552,-0.00059558,0.61582710,0.78788096,0
6.520000,0.14170487,-0.11065341,-0.48753918,1.39983714,-0.97940087,-0.00317976,-3.04245650,0.047384,0.289703,0.100410,0.047445,0.289707,0.100417,-0.019842,-0.002507,0.000000,0.00034740,-0.00061216,0.62270914,0.78245308,0
6.540000,0.14170487,-0.11065341,-0.48753918,1.39983714,-0.97940087,-0.00317976,-3.04245650,0.042855,0.288356,0.100367,0.042916,0.288361,0.100374,-0.019372,-0.004974,0.000000,0.00022389,-0.00062130,0.62934308,0.77712730,0
6.560000,0.14170487,-0.11065341,-0.48753918,1.39983714,-0.97940087,-0.00317976,-3.04245650,0.038772,0.286973,0.100318,0.038833,0.286979,0.100325,-0.018596,-0.007362,0.000000,0.00009679,-0.00062285,0.63572485,0.77191549,0
6.580000,0.14170487,-0.11065341,-0.48753918,1.39983714,-0.97940087,-0.00317976,-3.04245650,0.035131,0.285598,0.100264,0.035192,0.285605,0.100271,-0.017526,-0.009635,0.000000,-0.00003204,-0.00061672,0.64185068,0.76682939,0
6.600000,0.14170487,-0.11065341,-0.48753918,1.39983714,-0.97940087,-0.00317976,-3.04245650,0.031924,0.284273,0.100206,0.031984,0.284281,0.100213,-0.016180,-0.011756,0.000000,-0.00016069,-0.00060291,0.64771715,0.76188064,0
6.620000,0.14170487,-0.11065341,-0.48753918,1.39983714,-0.97940087,-0.00317976,-3.04245650,0.029137,0.283038,0.100144,0.029198,0.283047,0.100151,-0.014579,-0.013691,0.000000,-0.00028726,-0.00058149,0.65332108,0.75708067,0
6.640000,0.14170487,-0.11065341,-0.48753918,1.39983714,-0.97940087,-0.00317976,-3.04245650,0.026755,0.281931,0.100080,0.026815,0.281940,0.100087,-0.012748,-0.015410,0.000000,-0.00040986,-0.00055264,0.65865956,0.75244077,0
6.660000,0.14170487,-0.11065341,-0.48753918,1.39983714,-0.97940087,-0.00317976,-3.04245650,0.024754,0.280985,0.100015,0.024814,0.280995,0.100022,-0.010717,-0.016887,0.000000,-0.00052663,-0.00051664,0.66372989,0.74797198,0
6.680000,0.14170487,-0.11065341,-0.48753918,1.39983714,-0.97940087,-0.00317976,-3.04245650,0.023110,0.280229,0.099949,0.023170,0.280240,0.099956,-0.008516,-0.018097,0.000000,-0.00063581,-0.00047383,0.66852958,0.74368513,0
6.700000,0.14170487,-0.11065341,-0.48753918,1.39983714,-0.97940087,-0.00317976,-3.04245650,0.021795,0.279691,0.099884,0.021855,0.279702,0.099891,-0.006180,-0.019021,0.000000,-0.00073572,-0.00042467,0.67305627,0.73959079,0
6.720000,0.14170487,-0.11065341,-0.48753918,1.39983714,-0.97940087,-0.00317976,-3.04245650,0.020779,0.279390,0.099820,0.020839,0.279403,0.099828,-0.003748,-0.019646,0.000000,-0.00082481,-0.00036969,0.67730772,0.73569928,0
6.740000,0.14170487,-0.11065341,-0.48753918,1.39983714,-0.97940087,-0.00317976,-3.04245650,0.020030,0.279344,0.099760,0.020089,0.279357,0.099767,-0.001256,-0.019961,0.000000,-0.00090169,-0.00030955,0.68128176,0.73202066,0
6.760000,0.14170487,-0.11065341,-0.48753918,1.39983714,-0.97940087,-0.00317976,-3.04245650,0.019513,0.279563,0.099703,0.019572,0.279576,0.099710,0.001256,-0.019961,0.000000,-0.00096513,-0.00024494,0.68497625,0.72856471,0
6.780000,0.14170487,-0.11065341,-0.48753918,1.39983714,-0.97940087,-0.00317976,-3.04245650,0.019195,0.280053,0.099650,0.019255,0.280067,0.099658,0.003748,-0.019646,0.000000,-0.00101412,-0.00017668,0.68838904,0.72534093,0
6.800000,0.14170487,-0.11065341,-0.48753918,1.39983714,-0.97940087,-0.00317976,-3.04245650,0.019043,0.280815,0.099603,0.019102,0.280830,0.099611,0.006180,-0.019021,0.000000,-0.00104783,-0.00010563,0.69151792,0.72235854,0
6.820000,0.14170487,-0.11065341,-0.48753918,1.39983714,-0.97940087,-0.00317976,-3.04245650,0.019022,0.281845,0.099563,0.019081,0.281860,0.099570,0.008516,-0.018097,0.000000,-0.00106566,-0.00003274,0.69436057,0.71962648,0
6.840000,0.14170487,-0.11065341,-0.48753918,1.39983714,-0.97940087,-0.00317976,-3.04245650,0.019101,0.283134,0.099528,0.019160,0.283149,0.099536,0.010717,-0.016887,0.000000,-0.00106726,0.00004101,0.69691452,0.71715341,0
6.860000,0.14170487,-0.11065341,-0.48753918,1.39983714,-0.97940087,-0.00317976,-3.04245650,0.019250,0.284665,0.099502,0.019308,0.284681,0.099509,0.012748,-0.015410,0.000000,-0.00105253,0.00011457,0.69917712,0.71494772,0
6.880000,0.14170487,-0.11065341,-0.48753918,1.39983714,-0.97940087,-0.00317976,-3.04245650,0.019441,0.286422,0.099483,0.019500,0.286438,0.099490,0.014579,-0.013691,0.000000,-0.00102159,0.00018688,0.70114546,0.71301750,0
6.900000,0.14170487,-0.11065341,-0.48753918,1.39983714,-0.97940087,-0.00317976,-3.04245650,0.019651,0.288380,0.099472,0.019709,0.288397,0.099479,0.016180,-0.011756,0.000000,-0.00097483,0.00025686,0.70281636,0.71137061,0
6.920000,0.14170487,-0.11065341,-0.48753918,1.39983714,-0.97940087,-0.00317976,-3.04245650,0.019858,0.290513,0.099469,0.019916,0.290529,0.099476,0.017526,-0.009635,0.000000,-0.00091289,0.00032343,0.70418630,0.71001459,0
6.940000,0.14170487,-0.11065341,-0.48753918,1.39983714,-0.97940087,-0.00317976,-3.04245650,0.020046,0.292789,0.099474,0.020104,0.292806,0.099482,0.018596,-0.007362,0.000000,-0.00083663,0.00038552,0.70525138,0.70895673,0
6.960000,0.14170487,-0.11065341,-0.48753918,1.39983714,-0.97940087,-0.00317976,-3.04245650,0.020202,0.295176,0.099488,0.020261,0.295193,0.099495,0.019372,-0.004974,0.000000,-0.00074717,0.00044210,0.70600728,0.70820405,0
6.980000,0.14170487,-0.11065341,-0.48753918,1.39983714,-0.97940087,-0.00317976,-3.04245650,0.020320,0.297636,0.099510,0.020378,0.297653,0.099517,0.019842,-0.002507,0.000000,-0.00064583,0.00049221,0.70644922,0.70776327,0
7.000000,0.14170487,-0.11065341,-0.48753918,1.39983714,-0.97940087,-0.00317976,-3.04245650,0.020395,0.300133,0.099539,0.020454,0.300150,0.099546,0.020000,-0.000000,0.000000,-0.00053411,0.00053492,0.70657192,0.70764084,0
7.020000,0.31123473,-0.09487940,-0.42737926,1.21485320,-1.07463838,0.03639107,-3.00484303,0.069349,0.300007,0.102497,0.069440,0.300000,0.102512,0.019842,0.002507,0.000000,-0.00041386,0.00056933,0.70653742,0.70767533,1
7.040000,0.30841512,-0.08356533,-0.42682167,1.22000605,-1.08547643,0.03270578,-3.00730650,0.068880,0.300038,0.104979,0.068880,0.300000,0.105018,0.019372,0.004974,0.000000,-0.00028709,0.00059475,0.70651191,0.70770084,1
7.060000,0.30634766,-0.07251795,-0.42539678,1.22431878,-1.09705206,0.02924045,-3.00965511,0.068317,0.300037,0.107472,0.068320,0.300000,0.107511,0.018596,0.007362,0.000000,-0.00015580,0.00061077,0.70649579,0.70771697,1
7.080000,0.30532399,-0.06203733,-0.42281932,1.22749263,-1.10938699,0.02607535,-3.01187920,0.067752,0.300036,0.109947,0.067760,0.300000,0.109985,0.017526,0.009635,0.000000,-0.00002205,0.00061716,0.70648931,0.70772345,1
7.100000,0.30527815,-0.05228094,-0.41900667,1.22960001,-1.12238233,0.02320607,-3.01401772,0.067188,0.300033,0.112396,0.067200,0.300000,0.112434,0.016180,0.011756,0.000000,0.00011203,0.00061381,0.70649258,0.70772018,1
7.120000,0.30612560,-0.04339249,-0.41389951,1.23073269,-1.13592891,0.02062344,-3.01611051,0.066624,0.300030,0.114814,0.066640,0.300000,0.114852,0.014579,0.013691,0.000000,0.00024434,0.00060079,0.70650554,0.70770722,1
7.140000,0.30774476,-0.03562456,-0.40756566,1.23098985,-1.14968787,0.01835251,-3.01816248,0.066040,0.300053,0.117158,0.066080,0.300000,0.117232,0.012748,0.015410,0.000000,0.00037278,0.00057830,0.70652799,0.70768477,1
7.160000,0.31007040,-0.02883014,-0.39980233,1.23050171,-1.16397342,0.01630434,-3.02027511,0.065472,0.300047,0.119495,0.065520,0.300000,0.119569,0.010717,0.016887,0.000000,0.00049535,0.00054671,0.70655957,0.70765318,1
7.180000,0.31297872,-0.02323542,-0.39069344,1.22936812,-1.17846032,0.01450416,-3.02244894,0.064907,0.300038,0.121784,0.064960,0.300000,0.121856,0.008516,0.018097,0.000000,0.00061009,0.00050651,0.70659979,0.70761297,1
7.200000,0.31635288,-0.01891947,-0.38026880,1.22770838,-1.19301963,0.01294045,-3.02471018,0.064342,0.300029,0.124017,0.064400,0.300000,0.124088,0.006180,0.019021,0.000000,0.00071522,0.00045835,0.70664800,0.70756475,1
7.220000,0.32007378,-0.01593630,-0.36857678,1.22564331,-1.20753058,0.01160147,-3.02708053,0.063779,0.300019,0.126190,0.063840,0.300000,0.126259,0.003748,0.019646,0.000000,0.00080907,0.00040297,0.70670345,0.70750931,1
7.240000,0.32402170,-0.01431778,-0.35568615,1.22329295,-1.22187626,0.01047667,-3.02957567,0.063216,0.300009,0.128297,0.063280,0.300000,0.128363,0.001256,0.019961,0.000000,0.00089017,0.00034127,0.70676524,0.70744751,1
7.260000,0.32807824,-0.01407341,-0.34168516,1.22077483,-1.23594503,0.00955678,-3.03220504,0.062656,0.299999,0.130332,0.062720,0.300000,0.130397,-0.001256,0.019961,0.000000,0.00095723,0.00027420,0.70683242,0.70738033,1
7.280000,0.33212796,-0.01519038,-0.32668038,1.21820262,-1.24963170,0.00883369,-3.03497179,0.062096,0.299989,0.132291,0.062160,0.300000,0.132353,-0.003748,0.019646,0.000000,0.00100921,0.00020283,0.70690391,0.70730884,1
7.300000,0.33605991,-0.01763404,-0.31079551,1.21568492,-1.26283836,0.00830018,-3.03787288,0.061538,0.299979,0.134168,0.061600,0.300000,0.134227,-0.006180,0.019021,0.000000,0.00104530,0.00012827,0.70697859,0.70723417,1
7.320000,0.33976900,-0.02134878,-0.29416990,1.21332416,-1.27547495,0.00794950,-3.04089940,0.060980,0.299970,0.135959,0.061040,0.300000,0.136015,-0.008516,0.018097,0.000000,0.00106491,0.00005170,0.70705527,0.70715748,1
7.340000,0.34315708,-0.02625926,-0.27695715,1.21121578,-1.28745937,0.00777494,-3.04403691,0.060425,0.299961,0.137659,0.060480,0.300000,0.137713,-0.010717,0.016887,0.000000,0.00106774,-0.00002569,0.70713275,0.70708001,1
7.360000,0.34613391,-0.03227187,-0.25932351,1.20944748,-1.29871747,0.00776929,-3.04726593,0.059870,0.299952,0.139263,0.059920,0.300000,0.139314,-0.012748,0.015410,0.000000,0.00105375,-0.00010267,0.70720980,0.70700295,1
7.380000,0.34861792,-0.03927653,-0.24144624,1.20809854,-1.30918261,0.00792428,-3.05056245,0.059316,0.299945,0.140769,0.059360,0.300000,0.140817,-0.014579,0.013691,0.000000,0.00102316,-0.00017804,0.70728521,0.70692754,1
7.400000,0.35053683,-0.04714856,-0.22351192,1.20723930,-1.31879527,0.00823010,-3.05389846,0.058763,0.299938,0.142172,0.058800,0.300000,0.142216,-0.016180,0.011756,0.000000,0.00097645,-0.00025061,0.70735779,0.70685496,1
7.420000,0.35182813,-0.05575084,-0.20571457,1.20693069,-1.32750239,0.00867489,-3.05724261,0.058212,0.299932,0.143468,0.058240,0.300000,0.143509,-0.017526,0.009635,0.000000,0.00091436,-0.00031925,0.70742640,0.70678635,1
7.440000,0.35243946,-0.06493593,-0.18825370,1.20722385,-1.33525684,0.00924434,-3.06056077,0.057661,0.299927,0.144654,0.057680,0.300000,0.144692,-0.018596,0.007362,0.000000,0.00083785,-0.00038287,0.70748996,0.70672279,1
7.460000,0.35232888,-0.07454847,-0.17133216,1.20815975,-1.34201684,0.00992133,-3.06381674,0.057110,0.299923,0.145727,0.057120,0.300000,0.145762,-0.019372,0.004974,0.000000,0.00074813,-0.00044048,0.70754747,0.70666528,1
7.480000,0.35146511,-0.08442745,-0.15515381,1.20976896,-1.34774561,0.01068576,-3.06697295,0.056560,0.299921,0.146685,0.056560,0.300000,0.146716,-0.019842,0.002507,0.000000,0.00064663,-0.00049116,0.70759803,0.70661472,1
7.500000,0.34982771,-0.09440873,-0.13992096,1.21207135,-1.35241108,0.01151447,-3.06999126,0.056010,0.299920,0.147525,0.056000,0.300000,0.147553,-0.020000,0.000000,0.000000,0.00053492,-0.00053411,0.70764084,0.70657192,1
7.520000,0.34740718,-0.10432748,-0.12583158,1.21507593,-1.35598593,0.01238129,-3.07283375,0.055461,0.299920,0.148245,0.055440,0.300000,0.148269,-0.019842,-0.002507,0.000000,0.00041478,-0.00056867,0.70767522,0.70653753,1
7.540000,0.34420506,-0.11402071,-0.11307635,1.21878074,-1.35844780,0.01325737,-3.07546370,0.054911,0.299921,0.148843,0.054880,0.300000,0.148863,-0.019372,-0.004974,0.000000,0.00028809,-0.00059426,0.70770065,0.70651210,1
7.560000,0.34023400,-0.12332983,-0.10183546,1.22317274,-1.35977970,0.01411160,-3.07784644,0.054361,0.299924,0.149317,0.054320,0.300000,0.149334,-0.018596,-0.007362,0.000000,0.00015685,-0.00061050,0.70771672,0.70649603,1
7.580000,0.33551773,-0.13210319,-0.09227533,1.22822785,-1.35997068,0.01491134,-3.07995038,0.053811,0.299927,0.149668,0.053760,0.300000,0.149681,-0.017526,-0.009635,0.000000,0.00002313,-0.00061712,0.70772318,0.70648958,1
7.600000,0.33009101,-0.14019853,-0.08454532,1.23391104,-1.35901663,0.01562320,-3.08174788,0.053260,0.299932,0.149892,0.053200,0.300000,0.149901,-0.016180,-0.011756,0.000000,-0.00011096,-0.00061401,0.70771992,0.70649283,1
7.620000,0.32399948,-0.14748544,-0.07877454,1.24017655,-1.35692114,0.01621417,-3.08321614,0.052709,0.299938,0.149991,0.052640,0.300000,0.149996,-0.014579,-0.013691,0.000000,-0.00024332,-0.00060120,0.70770700,0.70650575,1
7.640000,0.31729941,-0.15384757,-0.07506887,1.24696826,-1.35369637,0.01665272,-3.08433787,0.052157,0.299945,0.149963,0.052080,0.300000,0.149964,-0.012748,-0.015410,0.000000,-0.00037184,-0.00057891,0.70768463,0.70652813,1
7.660000,0.31005732,-0.15918467,-0.07350835,1.25422010,-1.34936381,0.01691005,-3.08510177,0.051604,0.299953,0.149809,0.051520,0.300000,0.149807,-0.010717,-0.016887,0.000000,-0.00049450,-0.00054747,0.70765315,0.70655961,1
7.680000,0.30234948,-0.16341437,-0.07414519,1.26185669,-1.34395483,0.01696138,-3.08550279,0.051050,0.299961,0.149530,0.050960,0.300000,0.149523,-0.008516,-0.018097,0.000000,-0.00060937,-0.00050738,0.70761305,0.70659971,1
7.700000,0.29426116,-0.16647359,-0.07700229,1.26979411,-1.33751094,0.01678708,-3.08554198,0.050494,0.299971,0.149125,0.050400,0.300000,0.149114,-0.006180,-0.019021,0.000000,-0.00071462,-0.00045927,0.70756497,0.70664779,1
7.720000,0.28574967,-0.16834986,-0.08215145,1.27807361,-1.32996588,0.01636601,-3.08522281,0.049889,0.299990,0.148589,0.049840,0.300000,0.148582,-0.003748,-0.019646,0.000000,-0.00080861,-0.00040390,0.70750966,0.70670310,1
7.740000,0.27718261,-0.16894161,-0.08943413,1.28633521,-1.32159972,0.01570323,-3.08455836,0.049329,0.299995,0.147935,0.049280,0.300000,0.147926,-0.001256,-0.019961,0.000000,-0.00088984,-0.00034213,0.70744799,0.70676477,1
7.760000,0.26853939,-0.16829707,-0.09882553,1.29460007,-1.31238369,0.01479682,-3.08356665,0.048770,0.300000,0.147161,0.048720,0.300000,0.147150,0.001256,-0.019961,0.000000,-0.00095702,-0.00027494,0.70738093,0.70683183,1
7.780000,0.25992898,-0.16643776,-0.11023246,1.30276189,-1.30239351,0.01365635,-3.08226644,0.048210,0.300005,0.146267,0.048160,0.300000,0.146254,0.003748,-0.019646,0.000000,-0.00100910,-0.00020341,0.70730953,0.70690322,1
7.800000,0.25146522,-0.16340481,-0.12353600,1.31070935,-1.29171209,0.01229956,-3.08067798,0.047649,0.300010,0.145256,0.047600,0.300000,0.145241,0.006180,-0.019021,0.000000,-0.00104525,-0.00012865,0.70723493,0.70697783,1
7.820000,0.24326313,-0.15925870,-0.13859474,1.31832940,-1.28042636,0.01075205,-3.07882176,0.047087,0.300015,0.144131,0.047040,0.300000,0.144115,0.008516,-0.018097,0.000000,-0.00106490,-0.00005185,0.70715828,0.70705447,1
7.840000,0.23543711,-0.15407799,-0.15524786,1.32550877,-1.26862532,0.00904674,-3.07671738,0.046525,0.300019,0.142895,0.046480,0.300000,0.142876,0.010717,-0.016887,0.000000,-0.00106774,0.00002577,0.70708081,0.70713194,1
7.860000,0.22809908,-0.14795780,-0.17331831,1.33213543,-1.25639819,0.00722315,-3.07438250,0.045963,0.300023,0.141550,0.045920,0.300000,0.141530,0.012748,-0.015410,0.000000,-0.00105372,0.00010298,0.70700373,0.70720902,1
7.880000,0.22135663,-0.14100804,-0.19261622,1.33810010,-1.24383265,0.00532642,-3.07183211,0.045400,0.300027,0.140101,0.045360,0.300000,0.140078,0.014579,-0.013691,0.000000,-0.00102307,0.00017855,0.70692826,0.70728449,1
7.900000,0.21531117,-0.13335149,-0.21294211,1.34329791,-1.23101337,0.00340628,-3.06907797,0.044836,0.300030,0.138550,0.044800,0.300000,0.138526,0.016180,-0.011756,0.000000,-0.00097627,0.00025130,0.70685559,0.70735716,1
7.920000,0.21005611,-0.12512180,-0.23409003,1.34762994,-1.21802068,0.00151582,-3.06612851,0.044272,0.300033,0.136901,0.044240,0.300000,0.136876,0.017526,-0.009635,0.000000,-0.00091407,0.00032008,0.70678687,0.70742589,1
7.940000,0.20567525,-0.11646137,-0.25585058,1.35100490,-1.20492968,-0.00028977,-3.06298882,0.043707,0.300036,0.135160,0.043680,0.300000,0.135132,0.018596,-0.007362,0.000000,-0.00083743,0.00038378,0.70672318,0.70748957,1
7.960000,0.20224116,-0.10751919,-0.27801357,1.35334077,-1.19180965,-0.00195450,-3.05966104,0.043143,0.300037,0.133330,0.043120,0.300000,0.133301,0.019372,-0.004974,0.000000,-0.00074758,0.00044141,0.70666554,0.70754722,1
7.980000,0.19981380,-0.09844864,-0.30037059,1.35456646,-1.17872372,-0.00342288,-3.05614492,0.042578,0.300039,0.131415,0.042560,0.300000,0.131385,0.019842,-0.002507,0.000000,-0.00064594,0.00049206,0.70661485,0.70759791,1
8.000000,0.19843926,-0.08940528,-0.32271732,1.35462334,-1.16572884,-0.00464120,-3.05243856,0.042012,0.300039,0.129421,0.042000,0.300000,0.129389,0.020000,-0.000000,0.000000,-0.00053411,0.00053492,0.70657192,0.70764084,1
8.020000,0.19814870,-0.08054460,-0.34485557,1.35346687,-1.15287599,-0.00555880,-3.04853926,0.041447,0.300039,0.127353,0.041440,0.300000,0.127320,0.019842,0.002507,0.000000,-0.00041386,0.00056933,0.70653742,0.70767533,1
8.040000,0.19895753,-0.07201982,-0.36659527,1.35106795,-1.14021045,-0.00612922,-3.04444448,0.040882,0.300039,0.125216,0.040880,0.300000,0.125181,0.019372,0.004974,0.000000,-0.00028709,0.00059475,0.70651191,0.70770084,1
8.060000,0.20086474,-0.06397967,-0.38775625,1.34741428,-1.12777225,-0.00631133,-3.04015283,0.040317,0.300037,0.123015,0.040320,0.300000,0.122979,0.018596,0.007362,0.000000,-0.00015580,0.00061077,0.70649579,0.70771697,1
8.080000,0.20385257,-0.05656623,-0.40816991,1.34251141,-1.11559643,-0.00607036,-3.03566500,0.039752,0.300036,0.120755,0.039760,0.300000,0.120719,0.017526,0.009635,0.000000,-0.00002205,0.00061716,0.70648931,0.70772345,1
8.100000,0.20788629,-0.04991277,-0.42768086,1.33638362,-1.10371343,-0.00537874,-3.03098467,0.039188,0.300033,0.118444,0.039200,0.300000,0.118406,0.016180,0.011756,0.000000,0.00011203,0.00061381,0.70649258,0.70772018,1
8.120000,0.21291445,-0.04414178,-0.44614835,1.32907449,-1.09214918,-0.00421691,-3.02611929,0.038623,0.300030,0.116085,0.038640,0.300000,0.116047,0.014579,0.013691,0.000000,0.00024434,0.00060079,0.70650554,0.70770722,1
8.140000,0.21886924,-0.03936305,-0.46344777,1.32064712,-1.08092506,-0.00257392,-3.02108076,0.038059,0.300027,0.113687,0.038080,0.300000,0.113648,0.012748,0.015410,0.000000,0.00037278,0.00057830,0.70652799,0.70768477,1
8.160000,0.22566727,-0.03567191,-0.47947191,1.31118389,-1.07005771,-0.00044778,-3.01588590,0.037496,0.300023,0.111253,0.037520,0.300000,0.111214,0.010717,0.016887,0.000000,0.00049535,0.00054671,0.70655957,0.70765318,1
8.180000,0.23321063,-0.03314778,-0.49413221,1.30078586,-1.05955864,0.00215429,-3.01055669,0.036933,0.300019,0.108791,0.036960,0.300000,0.108751,0.008516,0.018097,0.000000,0.00061009,0.00050651,0.70659979,0.70761297,1
8.200000,0.24138823,-0.03185282,-0.50735976,1.28957162,-1.04943362,0.00521587,-3.00512036,0.036371,0.300014,0.106307,0.036400,0.300000,0.106267,0.006180,0.019021,0.000000,0.00071522,0.00045835,0.70664800,0.70756475,1
8.220000,0.25007744,-0.03183102,-0.51910621,1.27767563,-1.03968212,0.00871171,-2.99960915,0.035809,0.300010,0.103807,0.035840,0.300000,0.103766,0.003748,0.019646,0.000000,0.00080907,0.00040297,0.70670345,0.70750931,1
8.240000,0.25914602,-0.03310754,-0.52934433,1.26524620,-1.03029656,0.01260812,-2.99405989,0.035248,0.300005,0.101297,0.035280,0.300000,0.101257,0.001256,0.019961,0.000000,0.00089017,0.00034127,0.70676524,0.70744751,1
8.260000,0.26845416,-0.03568838,-0.53806843,1.25244289,-1.02126181,0.01686383,-2.98851332,0.034688,0.300000,0.098784,0.034720,0.300000,0.098743,-0.001256,0.019961,0.000000,0.00095723,0.00027420,0.70683242,0.70738033,1
8.280000,0.27785677,-0.03956043,-0.54529437,1.23943370,-1.01255466,0.02143085,-2.98301322,0.034128,0.299995,0.096274,0.034160,0.300000,0.096234,-0.003748,0.019646,0.000000,0.00100921,0.00020283,0.70690391,0.70730884,1
8.300000,0.28720582,-0.04469183,-0.55105931,1.22639193,-1.00414373,0.02625562,-2.97760544,0.033569,0.299990,0.093774,0.033600,0.300000,0.093733,-0.006180,0.019021,0.000000,0.00104530,0.00012827,0.70697859,0.70723417,1
8.320000,0.29635263,-0.05103262,-0.55542110,1.21349303,-0.99598946,0.03128014,-2.97233678,0.033010,0.299985,0.091289,0.033040,0.300000,0.091249,-0.008516,0.018097,0.000000,0.00106491,0.00005170,0.70705527,0.70715748,1
8.340000,0.30515025,-0.05851574,-0.55845735,1.20091142,-0.98804470,0.03644323,-2.96725385,0.032452,0.299981,0.088826,0.032480,0.300000,0.088786,-0.010717,0.016887,0.000000,0.00106774,-0.00002569,0.70713275,0.70708001,1
8.360000,0.31345562,-0.06705810,-0.56026412,1.18881747,-0.98025544,0.04168169,-2.96240209,0.031895,0.299977,0.086391,0.031920,0.300000,0.086352,-0.012748,0.015410,0.000000,0.00105375,-0.00010267,0.70720980,0.70700295,1
8.380000,0.32113165,-0.07656199,-0.56095443,1.17737484,-0.97256207,0.04693135,-2.95782478,0.031338,0.299973,0.083991,0.031360,0.300000,0.083953,-0.014579,0.013691,0.000000,0.00102316,-0.00017804,0.70728521,0.70692754,1
8.400000,0.32804909,-0.08691652,-0.56065634,1.16673810,-0.96490086,0.05212804,-2.95356223,0.030782,0.299969,0.081631,0.030800,0.300000,0.081594,-0.016180,0.011756,0.000000,0.00097645,-0.00025061,0.70735779,0.70685496,1
8.420000,0.33408826,-0.09799920,-0.55951094,1.15705082,-0.95720575,0.05720833,-2.94965129,0.030226,0.299966,0.079318,0.030240,0.300000,0.079281,-0.017526,0.009635,0.000000,0.00091436,-0.00031925,0.70742640,0.70678635,1
8.440000,0.33914057,-0.10967754,-0.55767005,1.14844408,-0.94941036,0.06211011,-2.94612489,0.029670,0.299964,0.077057,0.029680,0.300000,0.077021,-0.018596,0.007362,0.000000,0.00083785,-0.00038287,0.70748996,0.70672279,1
8.460000,0.34310987,-0.12181075,-0.55529387,1.14103541,-0.94145010,0.06677301,-2.94301189,0.029115,0.299962,0.074854,0.029120,0.300000,0.074819,-0.019372,0.004974,0.000000,0.00074813,-0.00044048,0.70754747,0.70666528,1
8.480000,0.34591371,-0.13425144,-0.55254836,1.13492796,-0.93326435,0.07113873,-2.94033710,0.028560,0.299961,0.072714,0.028560,0.300000,0.072680,-0.019842,0.002507,0.000000,0.00064663,-0.00049116,0.70759803,0.70661472,1
8.500000,0.34748444,-0.14684736,-0.54960269,1.13021010,-0.92479865,0.07515120,-2.93812136,0.028005,0.299960,0.070643,0.028000,0.300000,0.070611,-0.020000,-0.000000,0.000000,0.00053492,-0.00053411,0.70764084,0.70657192,1
8.520000,0.34777028,-0.15944313,-0.54662655,1.12695496,-0.91600683,0.07875683,-2.93638178,0.027450,0.299960,0.068646,0.027440,0.300000,0.068615,-0.019842,-0.002507,0.000000,0.00041478,-0.00056867,0.70767522,0.70653753,1
8.540000,0.34673632,-0.17188215,-0.54378739,1.12522023,-0.90685302,0.08190472,-2.93513186,0.026896,0.299961,0.066729,0.026880,0.300000,0.066699,-0.019372,-0.004974,0.000000,0.00028809,-0.00059426,0.70770065,0.70651210,1
8.560000,0.34436545,-0.18400840,-0.54124776,1.12504770,-0.89731352,0.08454699,-2.93438173,0.026341,0.299962,0.064896,0.026320,0.300000,0.064868,-0.018596,-0.007362,0.000000,0.00015685,-0.00061050,0.70771672,0.70649603,1
8.580000,0.34065928,-0.19566841,-0.53916247,1.12646283,-0.88737839,0.08663933,-2.93413809,0.025786,0.299964,0.063151,0.025760,0.300000,0.063124,-0.017526,-0.009635,0.000000,0.00002313,-0.00061712,0.70772318,0.70648958,1
8.600000,0.33563894,-0.20671330,-0.53767598,1.12947397,-0.87705288,0.08814163,-2.93440407,0.025230,0.299966,0.061499,0.025200,0.300000,0.061474,-0.016180,-0.011756,0.000000,-0.00011096,-0.00061401,0.70771992,0.70649283,1
8.620000,0.32934576,-0.21700087,-0.53691968,1.13407141,-0.86635844,0.08901897,-2.93517886,0.024674,0.299969,0.059945,0.024640,0.300000,0.059922,-0.014579,-0.013691,0.000000,-0.00024332,-0.00060120,0.70770700,0.70650575,1
8.640000,0.32184178,-0.22639769,-0.53700932,1.14022613,-0.85533334,0.08924276,-2.93645708,0.024118,0.299973,0.058492,0.024080,0.300000,0.058470,-0.012748,-0.015410,0.000000,-0.00037184,-0.00057891,0.70768463,0.70652813,1
8.660000,0.31320991,-0.23478131,-0.53804259,1.14788834,-0.84403284,0.08879211,-2.93822793,0.023562,0.299977,0.057144,0.023520,0.300000,0.057124,-0.010717,-0.016887,0.000000,-0.00049450,-0.00054747,0.70765315,0.70655961,1
8.680000,0.30355374,-0.24204234,-0.54009686,1.15698587,-0.83252882,0.08765540,-2.94047408,0.023005,0.299981,0.055904,0.022960,0.300000,0.055885,-0.008516,-0.018097,0.000000,-0.00060937,-0.00050738,0.70761305,0.70659971,1
8.700000,0.29299688,-0.24808657,-0.54322716,1.16742253,-0.82090875,0.08583197,-2.94317047,0.022447,0.299985,0.054775,0.022400,0.300000,0.054759,-0.006180,-0.019021,0.000000,-0.00071462,-0.00045927,0.70756497,0.70664779,1
8.720000,0.28168168,-0.25283681,-0.54746457,1.17907665,-0.80927408,0.08333372,-2.94628310,0.021889,0.299990,0.053761,0.021840,0.300000,0.053746,-0.003748,-0.019646,0.000000,-0.00080861,-0.00040390,0.70750966,0.70670310,1
8.740000,0.26976740,-0.25623456,-0.55281496,1.19180007,-0.79773803,0.08018670,-2.94976780,0.021330,0.299995,0.052863,0.021280,0.300000,0.052850,-0.001256,-0.019961,0.000000,-0.00088984,-0.00034213,0.70744799,0.70676477,1
8.760000,0.25742761,-0.25824140,-0.55925819,1.20541770,-0.78642275,0.07643230,-2.95356947,0.020770,0.300000,0.052085,0.020720,0.300000,0.052074,0.001256,-0.019961,0.000000,-0.00095702,-0.00027494,0.70738093,0.70683183,1
8.780000,0.24484708,-0.25883992,-0.56674802,1.21972816,-0.77545610,0.07212801,-2.95762164,0.020210,0.300005,0.051428,0.020160,0.300000,0.051418,0.003748,-0.019646,0.000000,-0.00100910,-0.00020341,0.70730953,0.70690322,1
8.800000,0.23221799,-0.25803417,-0.57521243,1.23450564,-0.76496815,0.06734755,-2.96184682,0.019649,0.300010,0.050893,0.019600,0.300000,0.050886,0.006180,-0.019021,0.000000,-0.00104525,-0.00012865,0.70723493,0.70697783,1
8.820000,0.21973574,-0.25584972,-0.58455479,1.24950316,-0.75508760,0.06218014,-2.96615751,0.019088,0.300015,0.050482,0.019040,0.300000,0.050477,0.008516,-0.018097,0.000000,-0.00106490,-0.00005185,0.70715828,0.70705447,1
8.840000,0.20778857,-0.25239008,-0.59449673,1.26421315,-0.74608002,0.05681933,-2.97038548,0.018571,0.300039,0.050201,0.018480,0.300000,0.050193,0.010717,-0.016887,0.000000,-0.00106774,0.00002577,0.70708081,0.70713194,1
8.860000,0.19617398,-0.24762953,-0.60520084,1.27884953,-0.73776902,0.05120403,-2.97457557,0.018007,0.300048,0.050039,0.017920,0.300000,0.050036,0.012748,-0.015410,0.000000,-0.00105372,0.00010298,0.70700373,0.70720902,1
8.880000,0.18525742,-0.24168537,-0.61637176,1.29290830,-0.73040571,0.04553639,-2.97855760,0.017440,0.300056,0.050004,0.017360,0.300000,0.050004,0.014579,-0.013691,0.000000,-0.00102307,0.00017855,0.70692826,0.70728449,1
8.900000,0.17520819,-0.23465962,-0.62783270,1.30611497,-0.72408904,0.03994441,-2.98223014,0.016873,0.300062,0.050095,0.016800,0.300000,0.050099,0.016180,-0.011756,0.000000,-0.00097627,0.00025130,0.70685559,0.70735716,1
8.920000,0.16617130,-0.22666752,-0.63939968,1.31821972,-0.71890117,0.03455167,-2.98550161,0.016304,0.300068,0.050312,0.016240,0.300000,0.050319,0.017526,-0.009635,0.000000,-0.00091407,0.00032008,0.70678687,0.70742589,1
8.940000,0.15826967,-0.21783613,-0.65088123,1.32900011,-0.71491129,0.02947461,-2.98829267,0.015735,0.300073,0.050654,0.015680,0.300000,0.050666,0.018596,-0.007362,0.000000,-0.00083743,0.00038378,0.70672318,0.70748957,1
8.960000,0.15160168,-0.20830189,-0.66208191,1.33827010,-0.71217599,0.02481732,-2.99054042,0.015165,0.300077,0.051121,0.015120,0.300000,0.051137,0.019372,-0.004974,0.000000,-0.00074758,0.00044141,0.70666554,0.70754722,1
8.980000,0.14623912,-0.19820812,-0.67280594,1.34588790,-0.71073983,0.02066680,-2.99220204,0.014595,0.300079,0.051712,0.014560,0.300000,0.051731,0.019842,-0.002507,0.000000,-0.00064594,0.00049206,0.70661485,0.70759791,1
9.000000,0.14222603,-0.18770269,-0.68286060,1.35176201,-0.71063597,0.01708917,-2.99325744,0.014025,0.300081,0.052425,0.014000,0.300000,0.052447,0.020000,-0.000000,0.000000,-0.00053411,0.00053492,0.70657192,0.70764084,1
9.020000,0.13957815,-0.17693577,-0.69205951,1.35585479,-0.71188651,0.01412698,-2.99371081,0.013454,0.300081,0.053257,0.013440,0.300000,0.053284,0.019842,0.002507,0.000000,-0.00041386,0.00056933,0.70653742,0.70767533,1
9.040000,0.13828316,-0.16605782,-0.70022559,1.35818349,-0.71450260,0.01179803,-2.99359083,0.012884,0.300079,0.054208,0.012880,0.300000,0.054238,0.019372,0.004974,0.000000,-0.00028709,0.00059475,0.70651191,0.70770084,1
9.060000,0.13830152,-0.15521780,-0.70719381,1.35881850,-0.71848400,0.01009566,-2.99294966,0.012314,0.300077,0.055275,0.012320,0.300000,0.055308,0.018596,0.007362,0.000000,-0.00015580,0.00061077,0.70649579,0.70771697,1
9.080000,0.13956800,-0.14456151,-0.71281371,1.35787910,-0.72381834,0.00899050,-2.99186057,0.011744,0.300073,0.056454,0.011760,0.300000,0.056491,0.017526,0.009635,0.000000,-0.00002205,0.00061716,0.70648931,0.70772345,1
9.100000,0.14199371,-0.13423011,-0.71695151,1.35552694,-0.73048012,0.00843348,-2.99041460,0.011175,0.300068,0.057743,0.011200,0.300000,0.057784,0.016180,0.011756,0.000000,0.00011203,0.00061381,0.70649258,0.70772018,1
9.120000,0.14546855,-0.12435871,-0.71949206,1.35195791,-0.73842959,0.00835975,-2.98871620,0.010607,0.300062,0.059140,0.010640,0.300000,0.059183,0.014579,0.013691,0.000000,0.00024434,0.00060079,0.70650554,0.70770722,1
9.140000,0.14986419,-0.11507501,-0.72034047,1.34739281,-0.74761196,0.00869327,-2.98687845,0.010039,0.300055,0.060639,0.010080,0.300000,0.060686,0.012748,0.015410,0.000000,0.00037278,0.00057830,0.70652799,0.70768477,1
9.160000,0.15503718,-0.10649787,-0.71942334,1.34206779,-0.75795702,0.00935158,-2.98501789,0.009473,0.300047,0.062237,0.009520,0.300000,0.062287,0.010717,0.016887,0.000000,0.00049535,0.00054671,0.70655957,0.70765318,1
9.180000,0.16083244,-0.09873582,-0.71668977,1.33622498,-0.76937951,0.01025039,-2.98324959,0.008907,0.300039,0.063932,0.008960,0.300000,0.063985,0.008516,0.018097,0.000000,0.00061009,0.00050651,0.70659979,0.70761297,1
9.200000,0.16708675,-0.09188549,-0.71211197,1.33010399,-0.78178015,0.01130766,-2.98168263,0.008342,0.300029,0.065717,0.008400,0.300000,0.065773,0.006180,0.019021,0.000000,0.00071522,0.00045835,0.70664800,0.70756475,1
9.220000,0.17363235,-0.08602997,-0.70568554,1.32393477,-0.79504765,0.01244705,-2.98041626,0.007779,0.300020,0.067588,0.007840,0.300000,0.067647,0.003748,0.019646,0.000000,0.00080907,0.00040297,0.70670345,0.70750931,1
9.240000,0.18030040,-0.08123715,-0.69742931,1.31793201,-0.80906133,0.01360037,-2.97953697,0.007217,0.300010,0.069542,0.007280,0.300000,0.069603,0.001256,0.019961,0.000000,0.00089017,0.00034127,0.70676524,0.70744751,1
9.260000,0.18692429,-0.07755814,-0.68738490,1.31229113,-0.82369438,0.01470918,-2.97911652,0.006656,0.300000,0.071573,0.006720,0.300000,0.071637,-0.001256,0.019961,0.000000,0.00095723,0.00027420,0.70683242,0.70738033,1
9.280000,0.19334276,-0.07502588,-0.67561584,1.30718585,-0.83881739,0.01572552,-2.97921089,0.006096,0.299989,0.073675,0.006160,0.300000,0.073741,-0.003748,0.019646,0.000000,0.00100921,0.00020283,0.70690391,0.70730884,1
9.300000,0.19940263,-0.07365399,-0.66220641,1.30276708,-0.85430198,0.01661188,-2.97986004,0.005538,0.299979,0.075844,0.005600,0.300000,0.075912,-0.006180,0.019021,0.000000,0.00104530,0.00012827,0.70697859,0.70723417,1
9.320000,0.20496115,-0.07343608,-0.64726011,1.29916282,-0.87002421,0.01734057,-2.98108839,0.004981,0.299970,0.078074,0.005040,0.300000,0.078144,-0.008516,0.018097,0.000000,0.00106491,0.00005170,0.70705527,0.70715748,1
9.340000,0.20988805,-0.07434543,-0.63089796,1.29647885,-0.88586769,0.01789266,-2.98290572,0.004425,0.299960,0.080359,0.004480,0.300000,0.080431,-0.010717,0.016887,0.000000,0.00106774,-0.00002569,0.70713275,0.70708001,1
9.360000,0.21413309,-0.07636996,-0.61296985,1.29477388,-0.90198084,0.01826210,-2.98534875,0.003895,0.299976,0.082731,0.003920,0.300000,0.082768,-0.012748,0.015410,0.000000,0.00105375,-0.00010267,0.70720980,0.70700295,1
9.380000,0.21745071,-0.07939105,-0.59417651,1.29418066,-0.91776208,0.01843034,-2.98833111,0.003339,0.299972,0.085111,0.003360,0.300000,0.085148,-0.014579,0.013691,0.000000,0.00102316,-0.00017804,0.70728521,0.70692754,1
9.400000,0.21983187,-0.08334014,-0.57442251,1.29470487,-0.93337663,0.01840461,-2.99185689,0.002782,0.299969,0.087527,0.002800,0.300000,0.087566,-0.016180,0.011756,0.000000,0.00097645,-0.00025061,0.70735779,0.70685496,1
9.420000,0.22120959,-0.08811624,-0.55387488,1.29637475,-0.94876017,0.01818803,-2.99589183,0.002226,0.299966,0.089976,0.002240,0.300000,0.090015,-0.017526,0.009635,0.000000,0.00091436,-0.00031925,0.70742640,0.70678635,1
9.440000,0.22153266,-0.09360339,-0.53271185,1.29920294,-0.96385781,0.01778608,-3.00039370,0.001671,0.299964,0.092449,0.001680,0.300000,0.092489,-0.018596,0.007362,0.000000,0.00083785,-0.00038287,0.70748996,0.70672279,1
9.460000,0.22076676,-0.09967325,-0.51111681,1.30318684,-0.97862716,0.01720578,-3.00531398,0.001115,0.299962,0.094942,0.001120,0.300000,0.094982,-0.019372,0.004974,0.000000,0.00074813,-0.00044048,0.70754747,0.70666528,1
9.480000,0.21889446,-0.10618754,-0.48927625,1.30830928,-0.99303722,0.01645504,-3.01059904,0.000560,0.299961,0.097448,0.000560,0.300000,0.097488,-0.019842,0.002507,0.000000,0.00064663,-0.00049116,0.70759803,0.70661472,1
9.500000,0.21591488,-0.11300060,-0.46737775,1.31453914,-1.00706707,0.01554213,-3.01619114,0.000005,0.299960,0.099960,0.000000,0.300000,0.100000,-0.020000,0.000000,0.000000,0.00053492,-0.00053411,0.70764084,0.70657192,1
9.520000,0.21184341,-0.11996211,-0.44560801,1.32183187,-1.02070423,0.01447533,-3.02202937,-0.000550,0.299960,0.102472,-0.000560,0.300000,0.102512,-0.019842,-0.002507,0.000000,0.00041478,-0.00056867,0.70767522,0.70653753,1
9.540000,0.20671118,-0.12691972,-0.42415098,1.33012995,-1.03394296,0.01326275,-3.02805051,-0.001105,0.299961,0.104978,-0.001120,0.300000,0.105018,-0.019372,-0.004974,0.000000,0.00028809,-0.00059426,0.70770065,0.70651210,1
9.560000,0.20056451,-0.13372177,-0.40318589,1.33936346,-1.04678262,0.01191221,-3.03418989,-0.001660,0.299962,0.107471,-0.001680,0.300000,0.107511,-0.018596,-0.007362,0.000000,0.00015685,-0.00061050,0.70771672,0.70649603,1
9.580000,0.19346417,-0.14021992,-0.38288537,1.34945067,-1.05922598,0.01043122,-3.04038227,-0.002215,0.299964,0.109945,-0.002240,0.300000,0.109985,-0.017526,-0.009635,0.000000,0.00002313,-0.00061712,0.70772318,0.70648958,1
9.600000,0.18548454,-0.14627169,-0.36341351,1.36029884,-1.07127774,0.00882708,-3.04656272,-0.002771,0.299966,0.112395,-0.002800,0.300000,0.112434,-0.016180,-0.011756,0.000000,-0.00011096,-0.00061401,0.70771992,0.70649283,1
9.620000,0.17671257,-0.15174292,-0.34492395,1.37180514,-1.08294322,0.00710693,-3.05266755,-0.003326,0.299969,0.114813,-0.003360,0.300000,0.114852,-0.014579,-0.013691,0.000000,-0.00024332,-0.00060120,0.70770700,0.70650575,1
9.640000,0.16724657,-0.15651008,-0.32755801,1.38385786,-1.09422720,0.00527795,-3.05863529,-0.003883,0.299973,0.117193,-0.003920,0.300000,0.117232,-0.012748,-0.015410,0.000000,-0.00037184,-0.00057891,0.70768463,0.70652813,1
9.660000,0.15719480,-0.16046241,-0.31144285,1.39633773,-1.10513309,0.00334752,-3.06440765,-0.004439,0.299977,0.119530,-0.004480,0.300000,0.119569,-0.010717,-0.016887,0.000000,-0.00049450,-0.00054747,0.70765315,0.70655961,1
9.680000,0.14667392,-0.16350386,-0.29668974,1.40911950,-1.11566235,0.00132341,-3.06993047,-0.004996,0.299981,0.121818,-0.005040,0.300000,0.121856,-0.008516,-0.018097,0.000000,-0.00060937,-0.00050738,0.70761305,0.70659971,1
9.700000,0.13580716,-0.16555478,-0.28339243,1.42207369,-1.12581406,-0.00078604,-3.07515469,-0.005554,0.299986,0.124051,-0.005600,0.300000,0.124088,-0.006180,-0.019021,0.000000,-0.00071462,-0.00045927,0.70756497,0.70664779,1
9.720000,0.12472247,-0.16655329,-0.27162582,1.43506845,-1.13558487,-0.00297167,-3.08003714,-0.006112,0.299990,0.126223,-0.006160,0.300000,0.126259,-0.003748,-0.019646,0.000000,-0.00080861,-0.00040390,0.70750966,0.70670310,1
9.740000,0.11355043,-0.16645645,-0.26144478,1.44797151,-1.14496911,-0.00522339,-3.08454123,-0.006671,0.299995,0.128329,-0.006720,0.300000,0.128363,-0.001256,-0.019961,0.000000,-0.00088984,-0.00034213,0.70744799,0.70676477,1
9.760000,0.10242221,-0.16524090,-0.25288334,1.46065218,-1.15395900,-0.00752996,-3.08863752,-0.007231,0.300000,0.130363,-0.007280,0.300000,0.130397,0.001256,-0.019961,0.000000,-0.00095702,-0.00027494,0.70738093,0.70683183,1
9.780000,0.09146746,-0.16290333,-0.24595429,1.47298329,-1.16254508,-0.00987893,-3.09230399,-0.007791,0.300005,0.132321,-0.007840,0.300000,0.132353,0.003748,-0.019646,0.000000,-0.00100910,-0.00020341,0.70730953,0.70690322,1
9.800000,0.08081227,-0.15946044,-0.24064903,1.48484301,-1.17071666,-0.01225654,-3.09552620,-0.008352,0.300010,0.134197,-0.008400,0.300000,0.134227,0.006180,-0.019021,0.000000,-0.00104525,-0.00012865,0.70723493,0.70697783,1
9.820000,0.07057723,-0.15494854,-0.23693806,1.49611664,-1.17846229,-0.01464772,-3.09829715,-0.008913,0.300015,0.135986,-0.008960,0.300000,0.136015,0.008516,-0.018097,0.000000,-0.00106490,-0.00005185,0.70715828,0.70705447,1
9.840000,0.06087566,-0.14942285,-0.23477165,1.50669808,-1.18577020,-0.01703616,-3.10061694,-0.009475,0.300019,0.137685,-0.009520,0.300000,0.137713,0.010717,-0.016887,0.000000,-0.00106774,0.00002577,0.70708081,0.70713194,1
9.860000,0.05181201,-0.14295638,-0.23408115,1.51649122,-1.19262866,-0.01940443,-3.10249230,-0.010038,0.300024,0.139288,-0.010080,0.300000,0.139314,0.012748,-0.015410,0.000000,-0.00105372,0.00010298,0.70700373,0.70720902,1
9.880000,0.04348049,-0.13563855,-0.23478048,1.52541102,-1.19902630,-0.02173417,-3.10393590,-0.010601,0.300027,0.140793,-0.010640,0.300000,0.140817,0.014579,-0.013691,0.000000,-0.00102307,0.00017855,0.70692826,0.70728449,1
9.900000,0.03596389,-0.12757353,-0.23676805,1.53338445,-1.20495228,-0.02400632,-3.10496558,-0.011164,0.300031,0.142194,-0.011200,0.300000,0.142216,0.016180,-0.011756,0.000000,-0.00097627,0.00025130,0.70685559,0.70735716,1
9.920000,0.02933272,-0.11887840,-0.23992888,1.54035116,-1.21039638,-0.02620141,-3.10560355,-0.011728,0.300034,0.143488,-0.011760,0.300000,0.143509,0.017526,-0.009635,0.000000,-0.00091407,0.00032008,0.70678687,0.70742589,1
9.940000,0.02373409,-0.10982654,-0.24407343,1.54617112,-1.21526740,-0.02826748,-3.10587138,-0.012266,0.300072,0.144654,-0.012320,0.300000,0.144692,0.018596,-0.007362,0.000000,-0.00083743,0.00038378,0.70672318,0.70748957,1
9.960000,0.01901992,-0.10027387,-0.24917760,1.55101046,-1.21972501,-0.03025073,-3.10581062,-0.012834,0.300077,0.145728,-0.012880,0.300000,0.145762,0.019372,-0.004974,0.000000,-0.00074758,0.00044141,0.70666554,0.70754722,1
9.980000,0.01531908,-0.09049198,-0.25505709,1.55474574,-1.22367672,-0.03210050,-3.10544205,-0.013404,0.300079,0.146686,-0.013440,0.300000,0.146716,0.019842,-0.002507,0.000000,-0.00064594,0.00049206,0.70661485,0.70759791,1
10.000000,0.01265100,-0.08063181,-0.26156642,1.55736711,-1.22711161,-0.03379787,-3.10479663,-0.013974,0.300080,0.147526,-0.014000,0.300000,0.147553,0.020000,-0.000000,0.000000,-0.00053411,0.00053492,0.70657192,0.70764084,1
10.020000,0.01101821,-0.07084226,-0.26856001,1.55888130,-1.23002184,-0.03532595,-3.10390606,-0.014545,0.300080,0.148247,-0.014560,0.300000,0.148269,0.019842,0.002507,0.000000,-0.00041386,0.00056933,0.70653742,0.70767533,1
10.040000,0.01040933,-0.06127160,-0.27589336,1.55930839,-1.23239992,-0.03666923,-3.10280195,-0.015115,0.300079,0.148845,-0.015120,0.300000,0.148863,0.019372,0.004974,0.000000,-0.00028709,0.00059475,0.70651191,0.70770084,1
10.060000,0.01079945,-0.05206534,-0.28342529,1.55868139,-1.23423866,-0.03781382,-3.10151542,-0.015685,0.300076,0.149320,-0.015680,0.300000,0.149334,0.018596,0.007362,0.000000,-0.00015580,0.00061077,0.70649579,0.70771697,1
10.080000,0.01215049,-0.04336401,-0.29101995,1.55704577,-1.23553119,-0.03874763,-3.10007667,-0.016255,0.300073,0.149671,-0.016240,0.300000,0.149681,0.017526,0.009635,0.000000,-0.00002205,0.00061716,0.70648931,0.70772345,1
10.100000,0.01441174,-0.03530105,-0.29854873,1.55445895,-1.23627110,-0.03946061,-3.09851474,-0.016824,0.300068,0.149896,-0.016800,0.300000,0.149901,0.016180,0.011756,0.000000,0.00011203,0.00061381,0.70649258,0.70772018,1
10.120000,0.01752049,-0.02800076,-0.30589198,1.55098962,-1.23645256,-0.03994488,-3.09685732,-0.017393,0.300062,0.149995,-0.017360,0.300000,0.149996,0.014579,0.013691,0.000000,0.00024434,0.00060079,0.70650554,0.70770722,1
10.140000,0.02140278,-0.02157643,-0.31294060,1.54671699,-1.23607052,-0.04019497,-3.09513065,-0.017961,0.300055,0.149967,-0.017920,0.300000,0.149964,0.012748,0.015410,0.000000,0.00037278,0.00057830,0.70652799,0.70768477,1
10.160000,0.02597430,-0.01612857,-0.31959736,1.54172994,-1.23512089,-0.04020795,-3.09335944,-0.018528,0.300047,0.149814,-0.018480,0.300000,0.149807,0.010717,0.016887,0.000000,0.00049535,0.00054671,0.70655957,0.70765318,1
10.180000,0.03114144,-0.01174332,-0.32577819,1.53612605,-1.23360077,-0.03998367,-3.09156690,-0.019093,0.300038,0.149534,-0.019040,0.300000,0.149523,0.008516,0.018097,0.000000,0.00061009,0.00050651,0.70659979,0.70761297,1
10.200000,0.03680241,-0.00849113,-0.33141313,1.53001047,-1.23150855,-0.03952495,-3.08977479,-0.019658,0.300029,0.149129,-0.019600,0.300000,0.149114,0.006180,0.019021,0.000000,0.00071522,0.00045835,0.70664800,0.70756475,1
10.220000,0.04284856,-0.00642558,-0.33644725,1.52349480,-1.22884406,-0.03883774,-3.08800346,-0.020222,0.300019,0.148600,-0.020160,0.300000,0.148582,0.003748,0.019646,0.000000,0.00080907,0.00040297,0.70670345,0.70750931,1
10.240000,0.04916571,-0.00558256,-0.34084127,1.51669578,-1.22560861,-0.03793135,-3.08627203,-0.020784,0.300009,0.147949,-0.020720,0.300000,0.147926,0.001256,0.019961,0.000000,0.00089017,0.00034127,0.70676524,0.70744751,1
10.260000,0.05563571,-0.00597962,-0.34457208,1.50973396,-1.22180495,-0.03681860,-3.08459844,-0.021345,0.299999,0.147176,-0.021280,0.300000,0.147150,-0.001256,0.019961,0.000000,0.00095723,0.00027420,0.70683242,0.70738033,1
10.280000,0.06213793,-0.00761575,-0.34763298,1.50273232,-1.21743718,-0.03551596,-3.08299962,-0.021905,0.299989,0.146284,-0.021840,0.300000,0.146254,-0.003748,0.019646,0.000000,0.00100921,0.00020283,0.70690391,0.70730884,1
10.300000,0.06855086,-0.01047135,-0.35003380,1.49581483,-1.21251058,-0.03404370,-3.08149156,-0.022463,0.299979,0.145275,-0.022400,0.300000,0.145241,-0.006180,0.019021,0.000000,0.00104530,0.00012827,0.70697859,0.70723417,1
10.320000,0.07475371,-0.01450857,-0.35180073,1.48910504,-1.20703140,-0.03242588,-3.08008943,-0.023020,0.299970,0.144152,-0.022960,0.300000,0.144115,-0.008516,0.018097,0.000000,0.00106491,0.00005170,0.70705527,0.70715748,1
10.340000,0.08062799,-0.01967194,-0.35297597,1.48272468,-1.20100656,-0.03069041,-3.07880762,-0.023576,0.299961,0.142917,-0.023520,0.300000,0.142876,-0.010717,0.016887,0.000000,0.00106774,-0.00002569,0.70713275,0.70708001,1
10.360000,0.08605907,-0.02588928,-0.35361720,1.47679231,-1.19444346,-0.02886893,-3.07765983,-0.024131,0.299952,0.141574,-0.024080,0.300000,0.141530,-0.012748,0.015410,0.000000,0.00105375,-0.00010267,0.70720980,0.70700295,1
10.380000,0.09093762,-0.03307288,-0.35379671,1.47142202,-1.18734970,-0.02699670,-3.07665904,-0.024684,0.299944,0.140125,-0.024640,0.300000,0.140078,-0.014579,0.013691,0.000000,0.00102316,-0.00017804,0.70728521,0.70692754,1
10.400000,0.09516106,-0.04112086,-0.35360044,1.46672217,-1.17973297,-0.02511238,-3.07581748,-0.025237,0.299937,0.138576,-0.025200,0.300000,0.138526,-0.016180,0.011756,0.000000,0.00097645,-0.00025061,0.70735779,0.70685496,1
10.420000,0.09863482,-0.04991882,-0.35312667,1.46279430,-1.17160095,-0.02325770,-3.07514664,-0.025789,0.299931,0.136928,-0.025760,0.300000,0.136876,-0.017526,0.009635,0.000000,0.00091436,-0.00031925,0.70742640,0.70678635,1
10.440000,0.10127361,-0.05934157,-0.35248459,1.45973205,-1.16296133,-0.02147716,-3.07465720,-0.026340,0.299927,0.135188,-0.026320,0.300000,0.135132,-0.018596,0.007362,0.000000,0.00083785,-0.00038287,0.70748996,0.70672279,1
10.460000,0.10300250,-0.06925507,-0.35179259,1.45762013,-1.15382205,-0.01981748,-3.07435893,-0.026890,0.299923,0.133359,-0.026880,0.300000,0.133301,-0.019372,0.004974,0.000000,0.00074813,-0.00044048,0.70754747,0.70666528,1
10.480000,0.10377033,-0.07968505,-0.35116293,1.45651556,-1.14403864,-0.01830281,-3.07425922,-0.027440,0.299960,0.131415,-0.027440,0.300000,0.131385,-0.019842,0.002507,0.000000,0.00064663,-0.00049116,0.70759803,0.70661472,1
10.500000,0.10348476,-0.09015864,-0.35075638,1.45653603,-1.13391613,-0.01703492,-3.07437215,-0.027995,0.299960,0.129420,-0.028000,0.300000,0.129389,-0.020000,-0.000000,0.000000,0.00053492,-0.00053411,0.70764084,0.70657192,1
10.520000,0.10213570,-0.10068334,-0.35069311,1.45770016,-1.12332480,-0.01603737,-3.07469960,-0.028550,0.299960,0.127352,-0.028560,0.300000,0.127320,-0.019842,-0.002507,0.000000,0.00041478,-0.00056867,0.70767522,0.70653753,1
10.540000,0.09969999,-0.11111308,-0.35110742,1.46004759,-1.11227539,-0.01535939,-3.07524682,-0.029104,0.299961,0.125214,-0.029120,0.300000,0.125181,-0.019372,-0.004974,0.000000,0.00028809,-0.00059426,0.70770065,0.70651210,1
10.560000,0.09616880,-0.12130131,-0.35213198,1.46360538,-1.10078339,-0.01504937,-3.07601774,-0.029659,0.299962,0.123013,-0.029680,0.300000,0.122979,-0.018596,-0.007362,0.000000,0.00015685,-0.00061050,0.70771672,0.70649603,1
10.580000,0.09154863,-0.13110566,-0.35389504,1.46838672,-1.08886760,-0.01515342,-3.07701478,-0.030214,0.299964,0.120753,-0.030240,0.300000,0.120719,-0.017526,-0.009635,0.000000,0.00002313,-0.00061712,0.70772318,0.70648958,1
10.600000,0.08586180,-0.14039020,-0.35651777,1.47439014,-1.07655063,-0.01571429,-3.07823867,-0.030770,0.299966,0.118442,-0.030800,0.300000,0.118406,-0.016180,-0.011756,0.000000,-0.00011096,-0.00061401,0.70771992,0.70649283,1
10.620000,0.07914672,-0.14902768,-0.36011173,1.48159879,-1.06385927,-0.01677023,-3.07968817,-0.031326,0.299969,0.116083,-0.031360,0.300000,0.116047,-0.014579,-0.013691,0.000000,-0.00024332,-0.00060120,0.70770700,0.70650575,1
10.640000,0.07145807,-0.15690170,-0.36477644,1.48997978,-1.05082473,-0.01835371,-3.08135985,-0.031882,0.299973,0.113684,-0.031920,0.300000,0.113648,-0.012748,-0.015410,0.000000,-0.00037184,-0.00057891,0.70768463,0.70652813,1
10.660000,0.06286658,-0.16390870,-0.37059704,1.49948352,-1.03748258,-0.02049020,-3.08324766,-0.032438,0.299977,0.111251,-0.032480,0.300000,0.111214,-0.010717,-0.016887,0.000000,-0.00049450,-0.00054747,0.70765315,0.70655961,1
10.680000,0.05345869,-0.16995991,-0.37764223,1.51004329,-1.02387244,-0.02319689,-3.08534265,-0.032995,0.299981,0.108789,-0.033040,0.300000,0.108751,-0.008516,-0.018097,0.000000,-0.00060937,-0.00050738,0.70761305,0.70659971,1
10.700000,0.04333582,-0.17498303,-0.38596248,1.52157492,-1.01003732,-0.02648151,-3.08763245,-0.033553,0.299986,0.106305,-0.033600,0.300000,0.106267,-0.006180,-0.019021,0.000000,-0.00071462,-0.00045927,0.70756497,0.70664779,1
10.720000,0.03261328,-0.17892369,-0.39558860,1.53397674,-0.99602273,-0.03034128,-3.09010087,-0.034111,0.299990,0.103805,-0.034160,0.300000,0.103766,-0.003748,-0.019646,0.000000,-0.00080861,-0.00040390,0.70750966,0.70670310,1
10.740000,0.02141890,-0.18174666,-0.40653068,1.54712986,-0.98187546,-0.03476196,-3.09272753,-0.034670,0.299995,0.101295,-0.034720,0.300000,0.101257,-0.001256,-0.019961,0.000000,-0.00088984,-0.00034213,0.70744799,0.70676477,1
10.760000,0.00989121,-0.18343662,-0.41877748,1.56089879,-0.96764219,-0.03971728,-3.09548748,-0.035230,0.300000,0.098782,-0.035280,0.300000,0.098743,0.001256,-0.019961,0.000000,-0.00095702,-0.00027494,0.70738093,0.70683183,1
10.780000,-0.00182262,-0.18399865,-0.43229629,1.57513250,-0.95336798,-0.04516851,-3.09835101,-0.035790,0.300005,0.096272,-0.035840,0.300000,0.096234,0.003748,-0.019646,0.000000,-0.00100910,-0.00020341,0.70730953,0.70690322,1
10.800000,-0.01356917,-0.18345831,-0.44703317,1.58966597,-0.93909472,-0.05106455,-3.10128357,-0.036351,0.300010,0.093772,-0.036400,0.300000,0.093733,0.006180,-0.019021,0.000000,-0.00104525,-0.00012865,0.70723493,0.70697783,1
10.820000,-0.02519138,-0.18186123,-0.46291364,1.60432217,-0.92485976,-0.05734224,-3.10424587,-0.036912,0.300015,0.091287,-0.036960,0.300000,0.091249,0.008516,-0.018097,0.000000,-0.00106490,-0.00005185,0.70715828,0.70705447,1
10.840000,-0.03653130,-0.17927232,-0.47984377,1.61891447,-0.91069480,-0.06392714,-3.10719422,-0.037474,0.300019,0.088825,-0.037520,0.300000,0.088786,0.010717,-0.016887,0.000000,-0.00106774,0.00002577,0.70708081,0.70713194,1
10.860000,-0.04743291,-0.17577466,-0.49771151,1.63324946,-0.89662514,-0.07073463,-3.11008097,-0.038037,0.300024,0.086390,-0.038080,0.300000,0.086352,0.012748,-0.015410,0.000000,-0.00105372,0.00010298,0.70700373,0.70720902,1
10.880000,-0.05774494,-0.17146784,-0.51638836,1.64713008,-0.88266944,-0.07767136,-3.11285522,-0.038600,0.300027,0.083991,-0.038640,0.300000,0.083953,0.014579,-0.013691,0.000000,-0.00102307,0.00017855,0.70692826,0.70728449,1
10.900000,-0.06732363,-0.16646613,-0.53573112,1.66035888,-0.86884008,-0.08463693,-3.11546357,-0.039164,0.300031,0.081631,-0.039200,0.300000,0.081594,0.016180,-0.011756,0.000000,-0.00097627,0.00025130,0.70685559,0.70735716,1
10.920000,-0.07603526,-0.16089621,-0.55558385,1.67274140,-0.85514409,-0.09152577,-3.11785108,-0.039728,0.300034,0.079318,-0.039760,0.300000,0.079281,0.017526,-0.009635,0.000000,-0.00091407,0.00032008,0.70678687,0.70742589,1
10.940000,-0.08375859,-0.15489477,-0.57577985,1.68408951,-0.84158467,-0.09822919,-3.11996215,-0.040292,0.300036,0.077057,-0.040320,0.300000,0.077021,0.018596,-0.007362,0.000000,-0.00083743,0.00038378,0.70672318,0.70748957,1
10.960000,-0.09038703,-0.14860580,-0.59614366,1.69422466,-0.82816323,-0.10463738,-3.12174158,-0.040857,0.300038,0.074854,-0.040880,0.300000,0.074819,0.019372,-0.004974,0.000000,-0.00074758,0.00044141,0.70666554,0.70754722,1
10.980000,-0.09583058,-0.14217778,-0.61649309,1.70298089,-0.81488185,-0.11064161,-3.12313549,-0.041422,0.300039,0.072715,-0.041440,0.300000,0.072680,0.019842,-0.002507,0.000000,-0.00064594,0.00049206,0.70661485,0.70759791,1
11.000000,-0.10001750,-0.13576074,-0.63664126,1.71020781,-0.80174603,-0.11613624,-3.12409245,-0.041987,0.300040,0.070644,-0.042000,0.300000,0.070611,0.020000,-0.000000,0.000000,-0.00053411,0.00053492,0.70657192,0.70764084,1
11.020000,-0.10289584,-0.12950327,-0.65639868,1.71577338,-0.78876752,-0.12102087,-3.12456447,-0.042553,0.300040,0.068648,-0.042560,0.300000,0.068615,0.019842,0.002507,0.000000,-0.00041386,0.00056933,0.70653742,0.70767533,1
11.040000,-0.10440984,-0.12364245,-0.67527237,1.71950400,-0.77617015,-0.12513528,-3.12450748,-0.043116,0.300078,0.066762,-0.043120,0.300000,0.066699,0.019372,0.004974,0.000000,-0.00028709,0.00059475,0.70651191,0.70770084,1
11.060000,-0.10462118,-0.11812484,-0.69368267,1.72146697,-0.76358324,-0.12854180,-3.12389547,-0.043686,0.300076,0.064929,-0.043680,0.300000,0.064868,0.018596,0.007362,0.000000,-0.00015580,0.00061077,0.70649579,0.70771697,1
11.080000,-0.10349916,-0.11316911,-0.71115215,1.72151538,-0.75124500,-0.13109454,-3.12268966,-0.044256,0.300073,0.063183,-0.044240,0.300000,0.063124,0.017526,0.009635,0.000000,-0.00002205,0.00061716,0.70648931,0.70772345,1
11.100000,-0.10107912,-0.10889170,-0.72749401,1.71961686,-0.73922120,-0.13273426,-3.12086973,-0.044825,0.300068,0.061530,-0.044800,0.300000,0.061474,0.016180,0.011756,0.000000,0.00011203,0.00061381,0.70649258,0.70772018,1
11.120000,-0.09742118,-0.10539101,-0.74253952,1.71577622,-0.72758652,-0.13342145,-3.11842765,-0.045394,0.300062,0.059974,-0.045360,0.300000,0.059922,0.014579,0.013691,0.000000,0.00024434,0.00060079,0.70650554,0.70770722,1
11.140000,-0.09260873,-0.10274793,-0.75613234,1.71003678,-0.71642926,-0.13313683,-3.11536979,-0.045962,0.300055,0.058519,-0.045920,0.300000,0.058470,0.012748,0.015410,0.000000,0.00037278,0.00057830,0.70652799,0.70768477,1
11.160000,-0.08674768,-0.10102432,-0.76813122,1.70248419,-0.70584938,-0.13188401,-3.11171949,-0.046528,0.300047,0.057170,-0.046480,0.300000,0.057124,0.010717,0.016887,0.000000,0.00049535,0.00054671,0.70655957,0.70765318,1
11.180000,-0.07996525,-0.10026190,-0.77841302,1.69325000,-0.69595512,-0.12969184,-3.10751959,-0.047094,0.300039,0.055928,-0.047040,0.300000,0.055885,0.008516,0.018097,0.000000,0.00061009,0.00050651,0.70659979,0.70761297,1
11.200000,-0.07240819,-0.10048174,-0.78687560,1.68251405,-0.68685845,-0.12661605,-3.10283447,-0.047659,0.300029,0.054797,-0.047600,0.300000,0.054759,0.006180,0.019021,0.000000,0.00071522,0.00045835,0.70664800,0.70756475,1
11.220000,-0.06424040,-0.10168441,-0.79344049,1.67050519,-0.67866966,-0.12273977,-3.09775124,-0.048222,0.300020,0.053781,-0.048160,0.300000,0.053746,0.003748,0.019646,0.000000,0.00080907,0.00040297,0.70670345,0.70750931,1
11.240000,-0.05563992,-0.10385068,-0.79805509,1.65749936,-0.67149148,-0.11817261,-3.09237980,-0.048784,0.300010,0.052881,-0.048720,0.300000,0.052850,0.001256,0.019961,0.000000,0.00089017,0.00034127,0.70676524,0.70744751,1
11.260000,-0.04679543,-0.10694287,-0.80069425,1.64381471,-0.66541324,-0.11304792,-3.08685117,-0.049345,0.300000,0.052101,-0.049280,0.300000,0.052074,-0.001256,0.019961,0.000000,0.00095723,0.00027420,0.70683242,0.70738033,1
11.280000,-0.03790230,-0.11090661,-0.80136112,1.62980344,-0.66050574,-0.10751838,-3.08131408,-0.049905,0.299990,0.051441,-0.049840,0.300000,0.051418,-0.003748,0.019646,0.000000,0.00100921,0.00020283,0.70690391,0.70730884,1
11.300000,-0.02915844,-0.11567296,-0.80008711,1.61584044,-0.65681731,-0.10174995,-3.07592980,-0.050463,0.299980,0.050904,-0.050400,0.300000,0.050886,-0.006180,0.019021,0.000000,0.00104530,0.00012827,0.70697859,0.70723417,1
11.320000,-0.02075993,-0.12116065,-0.79693099,1.60230970,-0.65437164,-0.09591474,-3.07086540,-0.051020,0.299970,0.050491,-0.050960,0.300000,0.050477,-0.008516,0.018097,0.000000,0.00106491,0.00005170,0.70705527,0.70715748,1
11.340000,-0.01289683,-0.12727830,-0.79197720,1.58958936,-0.65316753,-0.09018348,-3.06628612,-0.051575,0.299961,0.050203,-0.051520,0.300000,0.050193,-0.010717,0.016887,0.000000,0.00106774,-0.00002569,0.70713275,0.70708001,1
11.360000,-0.00574914,-0.13392648,-0.78533345,1.57803694,-0.65318066,-0.08471825,-3.06234743,-0.052130,0.299952,0.050041,-0.052080,0.300000,0.050036,-0.012748,0.015410,0.000000,0.00105375,-0.00010267,0.70720980,0.70700295,1
11.380000,0.00051685,-0.14099954,-0.77712780,1.56797580,-0.65436702,-0.07966617,-3.05918755,-0.052683,0.299945,0.050005,-0.052640,0.300000,0.050004,-0.014579,0.013691,0.000000,0.00102316,-0.00017804,0.70728521,0.70692754,1
11.400000,0.00575188,-0.14838700,-0.76750545,1.55968418,-0.65666763,-0.07515454,-3.05692111,-0.053236,0.299938,0.050096,-0.053200,0.300000,0.050099,-0.016180,0.011756,0.000000,0.00097645,-0.00025061,0.70735779,0.70685496,1
11.420000,0.00982650,-0.15597479,-0.75662529,1.55338702,-0.66001398,-0.07128751,-3.05563436,-0.053788,0.299932,0.050312,-0.053760,0.300000,0.050319,-0.017526,0.009635,0.000000,0.00091436,-0.00031925,0.70742640,0.70678635,1
11.440000,0.01263344,-0.16364614,-0.74465655,1.54925107,-0.66433351,-0.06814439,-3.05538219,-0.054339,0.299927,0.050654,-0.054320,0.300000,0.050666,-0.018596,0.007362,0.000000,0.00083785,-0.00038287,0.70748996,0.70672279,1
11.460000,0.01408953,-0.17128244,-0.73177537,1.54738275,-0.66955464,-0.06577927,-3.05618691,-0.054889,0.299923,0.051121,-0.054880,0.300000,0.051137,-0.019372,0.004974,0.000000,0.00074813,-0.00044048,0.70754747,0.70666528,1
11.480000,0.01413712,-0.17876405,-0.71816163,1.54782851,-0.67561096,-0.06422161,-3.05803855,-0.055439,0.299920,0.051711,-0.055440,0.300000,0.051731,-0.019842,0.002507,0.000000,0.00064663,-0.00049116,0.70759803,0.70661472,1
11.500000,0.01274509,-0.18597125,-0.70399587,1.55057701,-0.68244418,-0.06347763,-3.06089660,-0.055989,0.299919,0.052423,-0.056000,0.300000,0.052447,-0.020000,0.000000,0.000000,0.00053492,-0.00053411,0.70764084,0.70657192,1
11.520000,0.00990938,-0.19278530,-0.68945650,1.55556258,-0.69000576,-0.06353205,-3.06469264,-0.056539,0.299919,0.053255,-0.056560,0.300000,0.053284,-0.019842,-0.002507,0.000000,0.00041478,-0.00056867,0.70767522,0.70653753,1
11.540000,0.00565307,-0.19908978,-0.67471710,1.56266968,-0.69825728,-0.06435000,-3.06933378,-0.057089,0.299920,0.054206,-0.057120,0.300000,0.054238,-0.019372,-0.004974,0.000000,0.00028809,-0.00059426,0.70770065,0.70651210,1
11.560000,0.00002596,-0.20477210,-0.65994411,1.57173812,-0.70716944,-0.06587917,-3.07470667,-0.057639,0.299923,0.055272,-0.057680,0.300000,0.055308,-0.018596,-0.007362,0.000000,0.00015685,-0.00061050,0.70771672,0.70649603,1
11.580000,-0.00689642,-0.20972525,-0.64529463,1.58256881,-0.71672024,-0.06805198,-3.08068183,-0.058189,0.299927,0.056451,-0.058240,0.300000,0.056491,-0.017526,-0.009635,0.000000,0.00002313,-0.00061712,0.70772318,0.70648958,1
11.600000,-0.01514374,-0.21391740,-0.63067989,1.59512264,-0.72705902,-0.07082795,-3.08721834,-0.058770,0.299966,0.057762,-0.058800,0.300000,0.057784,-0.016180,-0.011756,0.000000,-0.00011096,-0.00061401,0.70771992,0.70649283,1
11.620000,-0.02435399,-0.21710900,-0.61670503,1.60877944,-0.73784914,-0.07404391,-3.09397408,-0.059326,0.299969,0.059160,-0.059360,0.300000,0.059183,-0.014579,-0.013691,0.000000,-0.00024332,-0.00060120,0.70770700,0.70650575,1
11.640000,-0.03449222,-0.21929965,-0.60325794,1.62342733,-0.74922410,-0.07763220,-3.10088995,-0.059882,0.299973,0.060661,-0.059920,0.300000,0.060686,-0.012748,-0.015410,0.000000,-0.00037184,-0.00057891,0.70768463,0.70652813,1
11.660000,-0.04540193,-0.22042450,-0.59043904,1.63878261,-0.76116409,-0.08149053,-3.10782024,-0.060439,0.299977,0.062261,-0.060480,0.300000,0.062287,-0.010717,-0.016887,0.000000,-0.00049450,-0.00054747,0.70765315,0.70655961,1
11.680000,-0.05691228,-0.22043191,-0.57833667,1.65455672,-0.77364000,-0.08551508,-3.11462497,-0.060996,0.299981,0.063956,-0.061040,0.300000,0.063985,-0.008516,-0.018097,0.000000,-0.00060937,-0.00050738,0.70761305,0.70659971,1
11.700000,-0.06884361,-0.21928595,-0.56702303,1.67046610,-0.78661426,-0.08960415,-3.12117489,-0.061554,0.299985,0.065743,-0.061600,0.300000,0.065773,-0.006180,-0.019021,0.000000,-0.00071462,-0.00045927,0.70756497,0.70664779,1
11.720000,-0.08101163,-0.21696740,-0.55655377,1.68623921,-0.80004023,-0.09366116,-3.12735463,-0.062113,0.299990,0.067616,-0.062160,0.300000,0.067647,-0.003748,-0.019646,0.000000,-0.00080861,-0.00040390,0.70750966,0.70670310,1
11.740000,-0.09323155,-0.21347442,-0.54696791,1.70162258,-0.81386250,-0.09759735,-3.13306509,-0.062671,0.299995,0.069571,-0.062720,0.300000,0.069603,-0.001256,-0.019961,0.000000,-0.00088984,-0.00034213,0.70744799,0.70676477,1
11.760000,-0.10532205,-0.20882276,-0.53828778,1.71638565,-0.82801798,-0.10133393,-3.13822495,-0.063231,0.300000,0.071603,-0.063280,0.300000,0.071637,0.001256,-0.019961,0.000000,-0.00095702,-0.00027494,0.70738093,0.70683183,1
11.780000,-0.11710903,-0.20304574,-0.53051922,1.73032429,-0.84243778,-0.10480355,-3.14277136,-0.063791,0.300005,0.073707,-0.063840,0.300000,0.073741,0.003748,-0.019646,0.000000,-0.00100910,-0.00020341,0.70730953,0.70690322,1
11.800000,-0.12842880,-0.19619384,-0.52365181,1.74326292,-0.85704932,-0.10795109,-3.14665993,-0.064352,0.300010,0.075877,-0.064400,0.300000,0.075912,0.006180,-0.019021,0.000000,-0.00104525,-0.00012865,0.70723493,0.70697783,1
11.820000,-0.13913090,-0.18833391,-0.51765935,1.75505540,-0.87177888,-0.11073378,-3.14986400,-0.064913,0.300015,0.078108,-0.064960,0.300000,0.078144,0.008516,-0.018097,0.000000,-0.00106490,-0.00005185,0.70715828,0.70705447,1
11.840000,-0.14907798,-0.17976154,-0.51223045,1.76557298,-0.88660934,-0.11468751,-3.15000000,-0.065476,0.300019,0.080394,-0.065520,0.300000,0.080431,0.010717,-0.016887,0.000000,-0.00106774,0.00002577,0.70708081,0.70713194,1
11.860000,-0.15815343,-0.17040038,-0.50753513,1.77473704,-0.90141947,-0.11851016,-3.15000000,-0.066038,0.300023,0.082730,-0.066080,0.300000,0.082768,0.012748,-0.015410,0.000000,-0.00105372,0.00010298,0.70700373,0.70720902,1
11.880000,-0.16625850,-0.16025427,-0.50363655,1.78249168,-0.91611909,-0.12142224,-3.15000000,-0.066601,0.300027,0.085110,-0.066640,0.300000,0.085148,0.014579,-0.013691,0.000000,-0.00102307,0.00017855,0.70692826,0.70728449,1
11.900000,-0.17331197,-0.14942509,-0.50047261,1.78879984,-0.93065009,-0.12329537,-3.15000000,-0.067165,0.300031,0.087527,-0.067200,0.300000,0.087566,0.016180,-0.011756,0.000000,-0.00097627,0.00025130,0.70685559,0.70735716,1
11.920000,-0.17925097,-0.13804225,-0.49794670,1.79364531,-0.94496700,-0.12414075,-3.15000000,-0.067729,0.300034,0.089976,-0.067760,0.300000,0.090015,0.017526,-0.009635,0.000000,-0.00091407,0.00032008,0.70678687,0.70742589,1
11.940000,-0.18403065,-0.12630488,-0.49587867,1.79702937,-0.95904374,-0.12442438,-3.14935519,-0.068293,0.300036,0.092450,-0.068320,0.300000,0.092489,0.018596,-0.007362,0.000000,-0.00083743,0.00038378,0.70672318,0.70748957,1
11.960000,-0.18762466,-0.11437580,-0.49413362,1.79897381,-0.97285131,-0.12430929,-3.14819946,-0.068858,0.300038,0.094943,-0.068880,0.300000,0.094982,0.019372,-0.004974,0.000000,-0.00074758,0.00044141,0.70666554,0.70754722,1
11.980000,-0.19002441,-0.10240159,-0.49259483,1.79951769,-0.98636424,-0.12381763,-3.14659303,-0.069423,0.300039,0.097448,-0.069440,0.300000,0.097488,0.019842,-0.002507,0.000000,-0.00064594,0.00049206,0.70661485,0.70759791,1
12.000000,-0.19123819,-0.09052985,-0.49114197,1.79871491,-0.99956421,-0.12297037,-3.14459536,-0.069988,0.300040,0.099961,-0.070000,0.300000,0.100000,0.020000,-0.000000,0.000000,-0.00053411,0.00053492,0.70657192,0.70764084,1
12.020000,0.14148306,-0.11195580,-0.48611658,1.40011938,-0.97947908,-0.01221197,-3.03360701,0.020118,0.302650,0.099568,0.020207,0.302645,0.099583,0.019842,0.002507,0.000000,-0.00041400,0.00056923,0.70670303,0.70750995,0
12.040000,0.14148306,-0.11195580,-0.48611658,1.40011938,-0.97947908,-0.01221197,-3.03360701,0.019273,0.305103,0.099611,0.019361,0.305098,0.099626,0.019372,0.004974,0.000000,-0.00028764,0.00059448,0.70716970,0.70704354,0
12.060000,0.14148306,-0.11195580,-0.48611658,1.40011938,-0.97947908,-0.01221197,-3.03360701,0.017842,0.307475,0.099660,0.017931,0.307470,0.099675,0.018596,0.007362,0.000000,-0.00015707,0.00061045,0.70796501,0.70624723,0
12.080000,0.14148306,-0.11195580,-0.48611658,1.40011938,-0.97947908,-0.01221197,-3.03360701,0.015843,0.309725,0.099714,0.015932,0.309721,0.099729,0.017526,0.009635,0.000000,-0.00002432,0.00061707,0.70908145,0.70512631,0
12.100000,0.14148306,-0.11195580,-0.48611658,1.40011938,-0.97947908,-0.01221197,-3.03360701,0.013298,0.311818,0.099772,0.013387,0.311814,0.099787,0.016180,0.011756,0.000000,0.00010853,0.00061444,0.71051096,0.70368586,0
12.120000,0.14148306,-0.11195580,-0.48611658,1.40011938,-0.97947908,-0.01221197,-3.03360701,0.010233,0.313715,0.099834,0.010322,0.313711,0.099848,0.014579,0.013691,0.000000,0.00023944,0.00060276,0.71224492,0.70193074,0
12.140000,0.14148306,-0.11195580,-0.48611658,1.40011938,-0.97947908,-0.01221197,-3.03360701,0.006681,0.315383,0.099898,0.006770,0.315380,0.099912,0.012748,0.015410,0.000000,0.00036640,0.00058237,0.71427422,0.69986561,0
12.160000,0.14148306,-0.11195580,-0.48611658,1.40011938,-0.97947908,-0.01221197,-3.03360701,0.002675,0.316791,0.099963,0.002763,0.316789,0.099978,0.010717,0.016887,0.000000,0.00048749,0.00055372,0.71658927,0.69749500,0
12.180000,0.14148306,-0.11195580,-0.48611658,1.40011938,-0.97947908,-0.01221197,-3.03360701,-0.001747,0.317911,0.100029,-0.001658,0.317909,0.100043,0.008516,0.018097,0.000000,0.00060091,0.00051737,0.71918002,0.69482333,0
12.200000,0.14148306,-0.11195580,-0.48611658,1.40011938,-0.97947908,-0.01221197,-3.03360701,-0.006543,0.318720,0.100094,-0.006454,0.318719,0.100109,0.006180,0.019021,0.000000,0.00070497,0.00047396,0.72203604,0.69185492,0
12.220000,0.14148306,-0.11195580,-0.48611658,1.40011938,-0.97947908,-0.01221197,-3.03360701,-0.011670,0.319197,0.100158,-0.011581,0.319196,0.100172,0.003748,0.019646,0.000000,0.00079814,0.00042421,0.72514650,0.68859403,0
12.240000,0.14148306,-0.11195580,-0.48611658,1.40011938,-0.97947908,-0.01221197,-3.03360701,-0.017082,0.319327,0.100218,-0.016993,0.319327,0.100232,0.001256,0.019961,0.000000,0.00087908,0.00036888,0.72850024,0.68504488,0
12.260000,0.14148306,-0.11195580,-0.48611658,1.40011938,-0.97947908,-0.01221197,-3.03360701,-0.022734,0.319099,0.100275,-0.022645,0.319100,0.100289,-0.001256,0.019961,0.000000,0.00094663,0.00030883,0.73208581,0.68121169,0
12.280000,0.14148306,-0.11195580,-0.48611658,1.40011938,-0.97947908,-0.01221197,-3.03360701,-0.028578,0.318507,0.100327,-0.028489,0.318509,0.100342,-0.003748,0.019646,0.000000,0.00099984,0.00024489,0.73589151,0.67709868,0
12.300000,0.14148306,-0.11195580,-0.48611658,1.40011938,-0.97947908,-0.01221197,-3.03360701,-0.034568,0.317549,0.100374,-0.034479,0.317553,0.100389,-0.006180,0.019021,0.000000,0.00103799,0.00017798,0.73990543,0.67271007,0
12.320000,0.14148306,-0.11195580,-0.48611658,1.40011938,-0.97947908,-0.01221197,-3.03360701,-0.040657,0.316230,0.100415,-0.040568,0.316235,0.100430,-0.008516,0.018097,0.000000,0.00106058,0.00010898,0.74411549,0.66805014,0
12.340000,0.14148306,-0.11195580,-0.48611658,1.40011938,-0.97947908,-0.01221197,-3.03360701,-0.046800,0.314557,0.100449,-0.046711,0.314563,0.100464,-0.010717,0.016887,0.000000,0.00106735,0.00003879,0.74850949,0.66312321,0
12.360000,0.14148306,-0.11195580,-0.48611658,1.40011938,-0.97947908,-0.01221197,-3.03360701,-0.052955,0.312543,0.100476,-0.052867,0.312550,0.100490,-0.012748,0.015410,0.000000,0.00105827,-0.00003170,0.75307515,0.65793366,0
12.380000,0.14148306,-0.11195580,-0.48611658,1.40011938,-0.97947908,-0.01221197,-3.03360701,-0.059081,0.310205,0.100495,-0.058993,0.310213,0.100510,-0.014579,0.013691,0.000000,0.00103356,-0.00010161,0.75780014,0.65248592,0
12.400000,0.14148306,-0.11195580,-0.48611658,1.40011938,-0.97947908,-0.01221197,-3.03360701,-0.065140,0.307562,0.100506,-0.065052,0.307572,0.100521,-0.016180,0.011756,0.000000,0.00099364,-0.00017011,0.76267214,0.64678450,0
12.420000,0.14148306,-0.11195580,-0.48611658,1.40011938,-0.97947908,-0.01221197,-3.03360701,-0.071099,0.304640,0.100509,-0.071011,0.304651,0.100523,-0.017526,0.009635,0.000000,0.00093920,-0.00023638,0.76767888,0.64083399,0
12.440000,0.14148306,-0.11195580,-0.48611658,1.40011938,-0.97947908,-0.01221197,-3.03360701,-0.076926,0.301465,0.100503,-0.076838,0.301478,0.100518,-0.018596,0.007362,0.000000,0.00087108,-0.00029965,0.77280815,0.63463905,0
12.460000,0.14148306,-0.11195580,-0.48611658,1.40011938,-0.97947908,-0.01221197,-3.03360701,-0.082597,0.298068,0.100490,-0.082509,0.298082,0.100504,-0.019372,0.004974,0.000000,0.00079037,-0.00035922,0.77804785,0.62820441,0
12.480000,0.14148306,-0.11195580,-0.48611658,1.40011938,-0.97947908,-0.01221197,-3.03360701,-0.088088,0.294480,0.100468,-0.088001,0.294496,0.100483,-0.019842,0.002507,0.000000,0.00069830,-0.00041441,0.78338606,0.62153489,0
12.500000,0.14148306,-0.11195580,-0.48611658,1.40011938,-0.97947908,-0.01221197,-3.03360701,-0.093384,0.290735,0.100439,-0.093297,0.290752,0.100453,-0.020000,-0.000000,0.000000,0.00059628,-0.00046462,0.78881099,0.61463537,0
12.520000,0.14148306,-0.11195580,-0.48611658,1.40011938,-0.97947908,-0.01221197,-3.03360701,-0.098472,0.286866,0.100403,-0.098385,0.286885,0.100417,-0.019842,-0.002507,0.000000,0.00048585,-0.00050929,0.79431109,0.60751083,0
12.540000,0.14148306,-0.11195580,-0.48611658,1.40011938,-0.97947908,-0.01221197,-3.03360701,-0.103345,0.282909,0.100360,-0.103259,0.282929,0.100374,-0.019372,-0.004974,0.000000,0.00036866,-0.00054794,0.79987499,0.60016628,0
12.560000,0.14148306,-0.11195580,-0.48611658,1.40011938,-0.97947908,-0.01221197,-3.03360701,-0.108001,0.278897,0.100311,-0.107915,0.278919,0.100325,-0.018596,-0.007362,0.000000,0.00024646,-0.00058015,0.80549161,0.59260684,0
12.580000,0.14148306,-0.11195580,-0.48611658,1.40011938,-0.97947908,-0.01221197,-3.03360701,-0.112442,0.274864,0.100257,-0.112356,0.274887,0.100271,-0.017526,-0.009635,0.000000,0.00012106,-0.00060557,0.81115011,0.58483768,0
12.600000,0.14148306,-0.11195580,-0.48611658,1.40011938,-0.97947908,-0.01221197,-3.03360701,-0.116675,0.270841,0.100199,-0.116590,0.270866,0.100213,-0.016180,-0.011756,0.000000,-0.00000571,-0.00062393,0.81683993,0.57686405,0
12.620000,0.14148306,-0.11195580,-0.48611658,1.40011938,-0.97947908,-0.01221197,-3.03360701,-0.120712,0.266859,0.100137,-0.120627,0.266886,0.100151,-0.014579,-0.013691,0.000000,-0.00013198,-0.00063500,0.82255081,0.56869126,0
12.640000,0.14148306,-0.11195580,-0.48611658,1.40011938,-0.97947908,-0.01221197,-3.03360701,-0.124568,0.262945,0.100073,-0.124484,0.262974,0.100087,-0.012748,-0.015410,0.000000,-0.00025594,-0.00063867,0.82827275,0.56032470,0
12.660000,0.14148306,-0.11195580,-0.48611658,1.40011938,-0.97947908,-0.01221197,-3.03360701,-0.128263,0.259123,0.100007,-0.128179,0.259153,0.100022,-0.010717,-0.016887,0.000000,-0.00037579,-0.00063485,0.83399611,0.55176983,0
12.680000,0.14148306,-0.11195580,-0.48611658,1.40011938,-0.97947908,-0.01221197,-3.03360701,-0.131818,0.255414,0.099942,-0.131735,0.255446,0.099956,-0.008516,-0.018097,0.000000,-0.00048981,-0.00062358,0.83971150,0.54303220,0
12.700000,0.14148306,-0.11195580,-0.48611658,1.40011938,-0.97947908,-0.01221197,-3.03360701,-0.135259,0.251836,0.099877,-0.135177,0.251869,0.099891,-0.006180,-0.019021,0.000000,-0.00059640,-0.00060492,0.84540986,0.53411744,0
12.720000,0.14148306,-0.11195580,-0.48611658,1.40011938,-0.97947908,-0.01221197,-3.03360701,-0.138613,0.248400,0.099813,-0.138532,0.248436,0.099828,-0.003748,-0.019646,0.000000,-0.00069404,-0.00057905,0.85108246,0.52503127,0
12.740000,0.14148306,-0.11195580,-0.48611658,1.40011938,-0.97947908,-0.01221197,-3.03360701,-0.141909,0.245117,0.099753,-0.141829,0.245154,0.099767,-0.001256,-0.019961,0.000000,-0.00078137,-0.00054618,0.85672082,0.51577953,0
12.760000,0.14148306,-0.11195580,-0.48611658,1.40011938,-0.97947908,-0.01221197,-3.03360701,-0.145177,0.241990,0.099696,-0.145098,0.242029,0.099710,0.001256,-0.019961,0.000000,-0.00085720,-0.00050664,0.86231681,0.50636817,0
12.780000,0.14148306,-0.11195580,-0.48611658,1.40011938,-0.97947908,-0.01221197,-3.03360701,-0.148448,0.239019,0.099643,-0.148369,0.239060,0.099658,0.003748,-0.019646,0.000000,-0.00092051,-0.00046078,0.86786257,0.49680328,0
12.800000,0.14148306,-0.11195580,-0.48611658,1.40011938,-0.97947908,-0.01221197,-3.03360701,-0.151752,0.236200,0.099596,-0.151674,0.236243,0.099611,0.006180,-0.019021,0.000000,-0.00097044,-0.00040907,0.87335054,0.48709109,0
12.820000,0.14148306,-0.11195580,-0.48611658,1.40011938,-0.97947908,-0.01221197,-3.03360701,-0.155118,0.233524,0.099555,-0.155041,0.233568,0.099570,0.008516,-0.018097,0.000000,-0.00100638,-0.00035200,0.87877344,0.47723800,0
12.840000,0.14148306,-0.11195580,-0.48611658,1.40011938,-0.97947908,-0.01221197,-3.03360701,-0.158574,0.230977,0.099521,-0.158498,0.231023,0.099536,0.010717,-0.016887,0.000000,-0.00102788,-0.00029016,0.88412428,0.46725060,0
12.860000,0.14148306,-0.11195580,-0.48611658,1.40011938,-0.97947908,-0.01221197,-3.03360701,-0.162146,0.228542,0.099495,-0.162072,0.228589,0.099509,0.012748,-0.015410,0.000000,-0.00103474,-0.00022418,0.88939635,0.45713566,0
12.880000,0.14148306,-0.11195580,-0.48611658,1.40011938,-0.97947908,-0.01221197,-3.03360701,-0.165859,0.226197,0.099476,-0.165786,0.226247,0.099490,0.014579,-0.013691,0.000000,-0.00102694,-0.00015475,0.89458322,0.44690020,0
12.900000,0.14148306,-0.11195580,-0.48611658,1.40011938,-0.97947908,-0.01221197,-3.03360701,-0.169733,0.223920,0.099465,-0.169661,0.223971,0.099479,0.016180,-0.011756,0.000000,-0.00100471,-0.00008262,0.89967872,0.43655146,0
12.920000,0.14148306,-0.11195580,-0.48611658,1.40011938,-0.97947908,-0.01221197,-3.03360701,-0.173785,0.221681,0.099462,-0.173714,0.221734,0.099476,0.017526,-0.009635,0.000000,-0.00096845,-0.00000857,0.90467699,0.42609695,0
12.940000,0.14148306,-0.11195580,-0.48611658,1.40011938,-0.97947908,-0.01221197,-3.03360701,-0.178029,0.219452,0.099467,-0.177959,0.219507,0.099482,0.018596,-0.007362,0.000000,-0.00091878,0.00006656,0.90957240,0.41554446,0
12.960000,0.14148306,-0.11195580,-0.48611658,1.40011938,-0.97947908,-0.01221197,-3.03360701,-0.182474,0.217201,0.099481,-0.182406,0.217257,0.099495,0.019372,-0.004974,0.000000,-0.00085649,0.00014193,0.91435964,0.40490208,0
12.980000,0.14148306,-0.11195580,-0.48611658,1.40011938,-0.97947908,-0.01221197,-3.03360701,-0.187126,0.214895,0.099503,-0.187058,0.214953,0.099517,0.019842,-0.002507,0.000000,-0.00078258,0.00021664,0.91903367,0.39417819,0
13.000000,0.14148306,-0.11195580,-0.48611658,1.40011938,-0.97947908,-0.01221197,-3.03360701,-0.191984,0.212500,0.099532,-0.191918,0.212559,0.099546,0.020000,0.000000,0.000000,-0.00069816,0.00028981,0.92358976,0.38338152,0
13.020000,0.14148306,-0.11195580,-0.48611658,1.40011938,-0.97947908,-0.01221197,-3.03360701,-0.197044,0.209983,0.099568,-0.196980,0.210043,0.099583,0.019842,0.002507,0.000000,-0.00060452,0.00036052,0.92802345,0.37252113,0
13.040000,0.14148306,-0.11195580,-0.48611658,1.40011938,-0.97947908,-0.01221197,-3.03360701,-0.202299,0.207310,0.099611,-0.202236,0.207372,0.099626,0.019372,0.004974,0.000000,-0.00050305,0.00042788,0.93233061,0.36160641,0
13.060000,0.14148306,-0.11195580,-0.48611658,1.40011938,-0.97947908,-0.01221197,-3.03360701,-0.207734,0.204449,0.099660,-0.207672,0.204512,0.099675,0.018596,0.007362,0.000000,-0.00039525,0.00049102,0.93650745,0.35064712,0
13.080000,0.14148306,-0.11195580,-0.48611658,1.40011938,-0.97947908,-0.01221197,-3.03360701,-0.213331,0.201369,0.099714,-0.213271,0.201434,0.099729,0.017526,0.009635,0.000000,-0.00028267,0.00054906,0.94055048,0.33965336,0
13.100000,0.14148306,-0.11195580,-0.48611658,1.40011938,-0.97947908,-0.01221197,-3.03360701,-0.219070,0.198043,0.099772,-0.219011,0.198109,0.099787,0.016180,0.011756,0.000000,-0.00016696,0.00060120,0.94445660,0.32863558,0
13.120000,0.14148306,-0.11195580,-0.48611658,1.40011938,-0.97947908,-0.01221197,-3.03360701,-0.224923,0.194445,0.099834,-0.224865,0.194513,0.099848,0.014579,0.013691,0.000000,-0.00004975,0.00064666,0.94822303,0.31760457,0
13.140000,0.14148306,-0.11195580,-0.48611658,1.40011938,-0.97947908,-0.01221197,-3.03360701,-0.230861,0.190553,0.099898,-0.230805,0.190622,0.099912,0.012748,0.015410,0.000000,0.00006729,0.00068474,0.95184740,0.30657146,0
13.160000,0.14148306,-0.11195580,-0.48611658,1.40011938,-0.97947908,-0.01221197,-3.03360701,-0.236851,0.186349,0.099963,-0.236797,0.186419,0.099978,0.010717,0.016887,0.000000,0.00018252,0.00071480,0.95532770,0.29554769,0
13.180000,0.14148306,-0.11195580,-0.48611658,1.40011938,-0.97947908,-0.01221197,-3.03360701,-0.242859,0.181819,0.100029,-0.242807,0.181891,0.100043,0.008516,0.018097,0.000000,0.00029435,0.00073629,0.95866236,0.28454500,0
13.200000,0.14148306,-0.11195580,-0.48611658,1.40011938,-0.97947908,-0.01221197,-3.03360701,-0.248846,0.176954,0.100094,-0.248795,0.177027,0.100109,0.006180,0.019021,0.000000,0.00040125,0.00074875,0.96185018,0.27357541,0
13.220000,0.14148306,-0.11195580,-0.48611658,1.40011938,-0.97947908,-0.01221197,-3.03360701,-0.254774,0.171748,0.100158,-0.254725,0.171822,0.100172,0.003748,0.019646,0.000000,0.00050175,0.00075182,0.96489043,0.26265119,0
13.240000,0.14148306,-0.11195580,-0.48611658,1.40011938,-0.97947908,-0.01221197,-3.03360701,-0.260601,0.166204,0.100218,-0.260554,0.166279,0.100232,0.001256,0.019961,0.000000,0.00059451,0.00074526,0.96778277,0.25178484,0
13.260000,0.14148306,-0.11195580,-0.48611658,1.40011938,-0.97947908,-0.01221197,-3.03360701,-0.266289,0.160325,0.100275,-0.266243,0.160401,0.100289,-0.001256,0.019961,0.000000,0.00067830,0.00072896,0.97052733,0.24098903,0
13.280000,0.14148306,-0.11195580,-0.48611658,1.40011938,-0.97947908,-0.01221197,-3.03360701,-0.271796,0.154124,0.100327,-0.271752,0.154201,0.100342,-0.003748,0.019646,0.000000,0.00075203,0.00070292,0.97312467,0.23027662,0
13.300000,0.14148306,-0.11195580,-0.48611658,1.40011938,-0.97947908,-0.01221197,-3.03360701,-0.277084,0.147615,0.100374,-0.277041,0.147693,0.100389,-0.006180,0.019021,0.000000,0.00081476,0.00066728,0.97557579,0.21966057,0
13.320000,0.14148306,-0.11195580,-0.48611658,1.40011938,-0.97947908,-0.01221197,-3.03360701,-0.282113,0.140820,0.100415,-0.282073,0.140899,0.100430,-0.008516,0.018097,0.000000,0.00086570,0.00062231,0.97788215,0.20915391,0
13.340000,0.14148306,-0.11195580,-0.48611658,1.40011938,-0.97947908,-0.01221197,-3.03360701,-0.286850,0.133765,0.100449,-0.286811,0.133844,0.100464,-0.010717,0.016887,0.000000,0.00090423,0.00056842,0.98004563,0.19876975,0
13.360000,0.14148306,-0.11195580,-0.48611658,1.40011938,-0.97947908,-0.01221197,-3.03360701,-0.291259,0.126479,0.100476,-0.291222,0.126559,0.100490,-0.012748,0.015410,0.000000,0.00092991,0.00050617,0.98206856,0.18852116,0
13.380000,0.14148306,-0.11195580,-0.48611658,1.40011938,-0.97947908,-0.01221197,-3.03360701,-0.295313,0.118997,0.100495,-0.295277,0.119078,0.100510,-0.014579,0.013691,0.000000,0.00094248,0.00043622,0.98395365,0.17842122,0
13.400000,0.14148306,-0.11195580,-0.48611658,1.40011938,-0.97947908,-0.01221197,-3.03360701,-0.298984,0.111358,0.100506,-0.298950,0.111440,0.100521,-0.016180,0.011756,0.000000,0.00094186,0.00035939,0.98570406,0.16848290,0
13.420000,0.14148306,-0.11195580,-0.48611658,1.40011938,-0.97947908,-0.01221197,-3.03360701,-0.302251,0.103602,0.100509,-0.302219,0.103685,0.100523,-0.017526,0.009635,0.000000,0.00092815,0.00027660,0.98732331,0.15871907,0
13.440000,0.14148306,-0.11195580,-0.48611658,1.40011938,-0.97947908,-0.01221197,-3.03360701,-0.305096,0.095774,0.100503,-0.305065,0.095858,0.100518,-0.018596,0.007362,0.000000,0.00090161,0.00018889,0.98881529,0.14914247,0
13.460000,0.14148306,-0.11195580,-0.48611658,1.40011938,-0.97947908,-0.01221197,-3.03360701,-0.307506,0.087921,0.100490,-0.307477,0.088005,0.100504,-0.019372,0.004974,0.000000,0.00086269,0.00009740,0.99018423,0.13976565,0
13.480000,0.14148306,-0.11195580,-0.48611658,1.40011938,-0.97947908,-0.01221197,-3.03360701,-0.309474,0.080091,0.100468,-0.309447,0.080176,0.100483,-0.019842,0.002507,0.000000,0.00081200,0.00000335,0.99143469,0.13060094,0
13.500000,0.14148306,-0.11195580,-0.48611658,1.40011938,-0.97947908,-0.01221197,-3.03360701,-0.310998,0.072333,0.100439,-0.310972,0.072417,0.100453,-0.020000,0.000000,0.000000,0.00075031,-0.00009197,0.99257149,0.12166045,0
13.520000,0.14148306,-0.11195580,-0.48611658,1.40011938,-0.97947908,-0.01221197,-3.03360701,-0.312081,0.064695,0.100403,-0.312056,0.064781,0.100417,-0.019842,-0.002507,0.000000,0.00067851,-0.00018721,0.99359974,0.11295602,0
13.540000,0.14148306,-0.11195580,-0.48611658,1.40011938,-0.97947908,-0.01221197,-3.03360701,-0.312730,0.057228,0.100360,-0.312706,0.057314,0.100374,-0.019372,-0.004974,0.000000,0.00059764,-0.00028101,0.99452475,0.10449922,0
13.560000,0.14148306,-0.11195580,-0.48611658,1.40011938,-0.97947908,-0.01221197,-3.03360701,-0.312959,0.049980,0.100311,-0.312937,0.050066,0.100325,-0.018596,-0.007362,0.000000,0.00050887,-0.00037198,0.99535203,0.09630133,0
13.580000,0.14148306,-0.11195580,-0.48611658,1.40011938,-0.97947908,-0.01221197,-3.03360701,-0.312786,0.042996,0.100257,-0.312766,0.043083,0.100271,-0.017526,-0.009635,0.000000,0.00041344,-0.00045874,0.99608724,0.08837329,0
13.600000,0.14148306,-0.11195580,-0.48611658,1.40011938,-0.97947908,-0.01221197,-3.03360701,-0.312236,0.036322,0.100199,-0.312217,0.036409,0.100213,-0.016180,-0.011756,0.000000,0.00031269,-0.00053994,0.99673615,0.08072578,0
13.620000,0.14148306,-0.11195580,-0.48611658,1.40011938,-0.97947908,-0.01221197,-3.03360701,-0.311335,0.029999,0.100137,-0.311317,0.030086,0.100151,-0.014579,-0.013691,0.000000,0.00020805,-0.00061430,0.99730464,0.07336911,0
13.640000,0.14148306,-0.11195580,-0.48611658,1.40011938,-0.97947908,-0.01221197,-3.03360701,-0.310115,0.024066,0.100073,-0.310099,0.024153,0.100087,-0.012748,-0.015410,0.000000,0.00010096,-0.00068059,0.99779861,0.06631333,0
13.660000,0.14148306,-0.11195580,-0.48611658,1.40011938,-0.97947908,-0.01221197,-3.03360701,-0.308613,0.018556,0.100007,-0.308598,0.018644,0.100022,-0.010717,-0.016887,0.000000,-0.00000707,-0.00073770,0.99822397,0.05956815,0
13.680000,0.14148306,-0.11195580,-0.48611658,1.40011938,-0.97947908,-0.01221197,-3.03360701,-0.306866,0.013501,0.099942,-0.306852,0.013589,0.099956,-0.008516,-0.018097,0.000000,-0.00011454,-0.00078463,0.99858660,0.05314299,0
13.700000,0.14148306,-0.11195580,-0.48611658,1.40011938,-0.97947908,-0.01221197,-3.03360701,-0.304917,0.008926,0.099877,-0.304904,0.009014,0.099891,-0.006180,-0.019021,0.000000,-0.00021995,-0.00082051,0.99889232,0.04704700,0
13.720000,0.14148306,-0.11195580,-0.48611658,1.40011938,-0.97947908,-0.01221197,-3.03360701,-0.302808,0.004853,0.099813,-0.302796,0.004941,0.099828,-0.003748,-0.019646,0.000000,-0.00032181,-0.00084464,0.99914683,0.04128907,0
13.740000,0.14148306,-0.11195580,-0.48611658,1.40011938,-0.97947908,-0.01221197,-3.03360701,-0.300584,0.001296,0.099753,-0.300573,0.001384,0.099767,-0.001256,-0.019961,0.000000,-0.00041871,-0.00085647,0.99935573,0.03587782,0
13.760000,0.14148306,-0.11195580,-0.48611658,1.40011938,-0.97947908,-0.01221197,-3.03360701,-0.298291,-0.001732,0.099696,-0.298281,-0.001644,0.099710,0.001256,-0.019961,0.000000,-0.00050925,-0.00085565,0.99952440,0.03082169,0
13.780000,0.14148306,-0.11195580,-0.48611658,1.40011938,-0.97947908,-0.01221197,-3.03360701,-0.295975,-0.004227,0.099643,-0.295965,-0.004139,0.099658,0.003748,-0.019646,0.000000,-0.00059216,-0.00084202,0.99965805,0.02612893,0
13.800000,0.14148306,-0.11195580,-0.48611658,1.40011938,-0.97947908,-0.01221197,-3.03360701,-0.293679,-0.006188,0.099596,-0.293671,-0.006100,0.099611,0.006180,-0.019021,0.000000,-0.00066623,-0.00081562,0.99976163,0.02180761,0
13.820000,0.14148306,-0.11195580,-0.48611658,1.40011938,-0.97947908,-0.01221197,-3.03360701,-0.291449,-0.007620,0.099555,-0.291441,-0.007531,0.099570,0.008516,-0.018097,0.000000,-0.00073038,-0.00077669,0.99983983,0.01786570,0
13.840000,0.14148306,-0.11195580,-0.48611658,1.40011938,-0.97947908,-0.01221197,-3.03360701,-0.289326,-0.008532,0.099521,-0.289319,-0.008443,0.099536,0.010717,-0.016887,0.000000,-0.00078366,-0.00072567,0.99989702,0.01431106,0
13.860000,0.14148306,-0.11195580,-0.48611658,1.40011938,-0.97947908,-0.01221197,-3.03360701,-0.287350,-0.008939,0.099495,-0.287343,-0.008850,0.099509,0.012748,-0.015410,0.000000,-0.00082526,-0.00066324,0.99993726,0.01115150,0
13.880000,0.14148306,-0.11195580,-0.48611658,1.40011938,-0.97947908,-0.01221197,-3.03360701,-0.285556,-0.008859,0.099476,-0.285550,-0.008771,0.099490,0.014579,-0.013691,0.000000,-0.00085451,-0.00059023,0.99996422,0.00839480,0
13.900000,0.14148306,-0.11195580,-0.48611658,1.40011938,-0.97947908,-0.01221197,-3.03360701,-0.283978,-0.008315,0.099465,-0.283972,-0.008227,0.099479,0.016180,-0.011756,0.000000,-0.00087093,-0.00050768,0.99998120,0.00604876,0
13.920000,0.14148306,-0.11195580,-0.48611658,1.40011938,-0.97947908,-0.01221197,-3.03360701,-0.282644,-0.007333,0.099462,-0.282638,-0.007245,0.099476,0.017526,-0.009635,0.000000,-0.00087421,-0.00041681,0.99999104,0.00412122,0
13.940000,0.14148306,-0.11195580,-0.48611658,1.40011938,-0.97947908,-0.01221197,-3.03360701,-0.281578,-0.005942,0.099467,-0.281573,-0.005854,0.099482,0.018596,-0.007362,0.000000,-0.00086419,-0.00031899,0.99999614,0.00262008,0
13.960000,0.14148306,-0.11195580,-0.48611658,1.40011938,-0.97947908,-0.01221197,-3.03360701,-0.280800,-0.004173,0.099481,-0.280795,-0.004085,0.099495,0.019372,-0.004974,0.000000,-0.00084095,-0.00021572,0.99999842,0.00155335,0
13.980000,0.14148306,-0.11195580,-0.48611658,1.40011938,-0.97947908,-0.01221197,-3.03360701,-0.280323,-0.002059,0.099503,-0.280318,-0.001971,0.099517,0.019842,-0.002507,0.000000,-0.00080471,-0.00010863,0.99999924,0.00092917,0
14.000000,0.14148306,-0.11195580,-0.48611658,1.40011938,-0.97947908,-0.01221197,-3.03360701,-0.280155,0.000365,0.099532,-0.280150,0.000454,0.099546,0.020000,-0.000000,0.000000,-0.00075592,0.00000057,0.99999943,0.00075584,0
14.020000,0.65754788,-0.22692220,0.31448078,0.91125737,-1.63867241,-0.03826308,-3.15000000,-0.299984,0.199510,0.136331,-0.300000,0.199555,0.136357,0.019842,0.002507,0.000000,-0.00069522,0.00010993,0.99999943,0.00080462,1
14.040000,0.65743507,-0.21862214,0.27504544,0.91220702,-1.61418663,-0.03851873,-3.13913998,-0.300005,0.199259,0.132771,-0.300000,0.199216,0.132715,0.019372,0.004974,0.000000,-0.00062355,0.00021755,0.99999943,0.00084070,1
14.060000,0.65745405,-0.20898990,0.23392292,0.91257316,-1.58943463,-0.03461542,-3.12395194,-0.300010,0.198920,0.129129,-0.300000,0.198877,0.129072,0.018596,0.007362,0.000000,-0.00054205,0.00032172,0.99999943,0.00086350,1
14.080000,0.65774693,-0.19894664,0.19319680,0.91220424,-1.56534147,-0.03060400,-3.10921457,-0.300015,0.198579,0.125487,-0.300000,0.198538,0.125429,0.017526,0.009635,0.000000,-0.00045199,0.00042080,0.99999943,0.00087267,1
14.100000,0.65840478,-0.18855354,0.15305665,0.91105142,-1.54203023,-0.02656578,-3.09500941,-0.300020,0.198238,0.121844,-0.300000,0.198199,0.121786,0.016180,0.011756,0.000000,-0.00035481,0.00051325,0.99999943,0.00086805,1
14.120000,0.65951559,-0.17786636,0.11366435,0.90907232,-1.51960992,-0.02251662,-3.08134252,-0.300024,0.197896,0.118202,-0.300000,0.197861,0.118144,0.014579,0.013691,0.000000,-0.00025205,0.00059759,0.99999943,0.00084972,1
14.140000,0.66116320,-0.16694762,0.07517987,0.90623105,-1.49818505,-0.01846870,-3.06821607,-0.300028,0.197554,0.114559,-0.300000,0.197522,0.114501,0.012748,0.015410,0.000000,-0.00014532,0.00067252,0.99999943,0.00081797,1
14.160000,0.66342546,-0.15586655,0.03776047,0.90249924,-1.47785397,-0.01443206,-3.05563012,-0.300031,0.197211,0.110916,-0.300000,0.197183,0.110858,0.010717,0.016887,0.000000,-0.00003632,0.00073684,0.99999943,0.00077330,1
14.180000,0.66637247,-0.14469876,0.00155939,0.89785702,-1.45870697,-0.01041528,-3.04358321,-0.300034,0.196868,0.107274,-0.300000,0.196844,0.107215,0.008516,0.018097,0.000000,0.00007324,0.00078956,0.99999943,0.00071643,1
14.200000,0.67006483,-0.13352577,-0.03327554,0.89229405,-1.44082431,-0.00642606,-3.03207306,-0.300036,0.196524,0.103631,-0.300000,0.196506,0.103573,0.006180,0.019021,0.000000,0.00018164,0.00082984,0.99999943,0.00064824,1
14.220000,0.67455201,-0.12243446,-0.06660354,0.88581040,-1.42427418,-0.00247175,-3.02109705,-0.300038,0.196181,0.099988,-0.300000,0.196167,0.099930,0.003748,0.019646,0.000000,0.00028715,0.00085704,0.99999943,0.00056983,1
14.240000,0.67987099,-0.11151634,-0.09829257,0.87841717,-1.40911079,0.00144030,-3.01065269,-0.300039,0.195837,0.096346,-0.300000,0.195828,0.096287,0.001256,0.019961,0.000000,0.00038813,0.00087076,0.99999943,0.00048243,1
14.260000,0.68604501,-0.10086680,-0.12822124,0.87013696,-1.39537246,0.00530252,-3.00073777,-0.300040,0.195493,0.092703,-0.300000,0.195489,0.092644,-0.001256,0.019961,0.000000,0.00048298,0.00087076,0.99999943,0.00038743,1
14.280000,0.69308284,-0.09058407,-0.15628073,0.86100382,-1.38308004,0.00910719,-2.99135048,-0.300040,0.195149,0.089060,-0.300000,0.195150,0.089002,-0.003748,0.019646,0.000000,0.00057020,0.00085704,0.99999943,0.00028633,1
14.300000,0.70097822,-0.08076821,-0.18237683,0.85106294,-1.37223555,0.01284664,-2.98248909,-0.300039,0.194805,0.085418,-0.300000,0.194812,0.085359,-0.006180,0.019021,0.000000,0.00064844,0.00082984,0.99999943,0.00018072,1
14.320000,0.70970983,-0.07151979,-0.20643190,0.84036989,-1.36282132,0.01651385,-2.97415154,-0.300037,0.194462,0.081775,-0.300000,0.194473,0.081716,-0.008516,0.018097,0.000000,0.00071645,0.00078956,0.99999943,0.00007227,1
14.340000,0.70777144,-0.06289028,-0.20840786,0.84336591,-1.36752679,0.01342579,-2.97579981,-0.300071,0.193523,0.083236,-0.300000,0.193534,0.083282,-0.010717,0.016887,0.000000,0.00077317,0.00073684,0.99999943,-0.00003730,1
14.360000,0.70211382,-0.05475069,-0.20071217,0.85129816,-1.37848740,0.00756798,-2.98156757,-0.300033,0.192369,0.086698,-0.300000,0.192375,0.086752,-0.012748,0.015410,0.000000,0.00081771,0.00067252,0.99999943,-0.00014626,1
14.380000,0.69708115,-0.04775379,-0.19069458,0.85861857,-1.39055737,0.00166695,-2.98778994,-0.300029,0.191206,0.090168,-0.300000,0.191217,0.090222,-0.014579,0.013691,0.000000,0.00084938,0.00059759,0.99999943,-0.00025291,1
14.400000,0.69263350,-0.04191311,-0.17848624,0.86532133,-1.40361232,-0.00423776,-2.99441804,-0.300026,0.190044,0.093638,-0.300000,0.190058,0.093692,-0.016180,0.011756,0.000000,0.00086767,0.00051325,0.99999943,-0.00035556,1
14.420000,0.68868734,-0.03735423,-0.16409881,0.87144731,-1.41752483,-0.01009914,-3.00143034,-0.300022,0.188883,0.097108,-0.300000,0.188900,0.097162,-0.017526,0.009635,0.000000,0.00087229,0.00042080,0.99999943,-0.00045259,1
14.440000,0.68515304,-0.03418336,-0.14756718,0.87704782,-1.43216438,-0.01587173,-3.00880460,-0.300017,0.187722,0.100578,-0.300000,0.187741,0.100633,-0.018596,0.007362,0.000000,0.00086318,0.00032172,0.99999943,-0.00054247,1
14.460000,0.68193733,-0.03248338,-0.12895001,0.88218279,-1.44740138,-0.02151210,-3.01651771,-0.300012,0.186562,0.104048,-0.300000,0.186583,0.104103,-0.019372,0.004974,0.000000,0.00084047,0.00021755,0.99999943,-0.00062381,1
14.480000,0.67894516,-0.03231245,-0.10832789,0.88691944,-1.46311073,-0.02697910,-3.02454576,-0.300008,0.185402,0.107518,-0.300000,0.185424,0.107573,-0.019842,0.002507,0.000000,0.00080453,0.00010993,0.99999943,-0.00069530,1
14.500000,0.67608150,-0.03370335,-0.08580112,0.89133063,-1.47917485,-0.03223403,-3.03286419,-0.300003,0.184243,0.110988,-0.300000,0.184266,0.111043,-0.020000,-0.000000,0.000000,0.00075592,0.00000057,0.99999943,-0.00075584,1
14.520000,0.67325284,-0.03666345,-0.06148753,0.89549320,-1.49548602,-0.03724071,-3.04144785,-0.299998,0.183085,0.114458,-0.300000,0.183107,0.114513,-0.019842,-0.002507,0.000000,0.00069540,-0.00010881,0.99999943,-0.00080447,1
14.540000,0.67036867,-0.04117529,-0.03552020,0.89948632,-1.51194802,-0.04196566,-3.05027105,-0.299993,0.181927,0.117928,-0.300000,0.181949,0.117984,-0.019372,-0.004974,0.000000,0.00062392,-0.00021650,0.99999943,-0.00084043,1
14.560000,0.67458176,-0.04410843,-0.03159537,0.89550301,-1.51275464,-0.04168735,-3.05088311,-0.299976,0.180750,0.117091,-0.300000,0.180790,0.117065,-0.018596,-0.007362,0.000000,0.00054260,-0.00032078,0.99999943,-0.00086316,1
14.580000,0.68308905,-0.04659383,-0.04044409,0.88673862,-1.50418064,-0.03832536,-3.04656255,-0.299983,0.179613,0.113649,-0.300000,0.179632,0.113595,-0.017526,-0.009635,0.000000,0.00045273,-0.00042001,0.99999943,-0.00087229,1
14.600000,0.69132733,-0.05017439,-0.04869739,0.87813281,-1.49532265,-0.03463354,-3.04214698,-0.299979,0.178457,0.110179,-0.300000,0.178473,0.110124,-0.016180,-0.011756,0.000000,0.00035570,-0.00051263,0.99999943,-0.00086768,1
14.620000,0.69921966,-0.05483404,-0.05630217,0.86975723,-1.48623224,-0.03063476,-3.03766149,-0.299975,0.177302,0.106709,-0.300000,0.177315,0.106654,-0.014579,-0.013691,0.000000,0.00025307,-0.00059717,0.99999943,-0.00084941,1
14.640000,0.70669919,-0.06047646,-0.06347336,0.86166033,-1.47681840,-0.02631548,-3.03304748,-0.299971,0.176147,0.103239,-0.300000,0.176156,0.103184,-0.012748,-0.015410,0.000000,0.00014642,-0.00067228,0.99999943,-0.00081777,1
14.660000,0.71370647,-0.06699556,-0.07042709,0.85388050,-1.46699693,-0.02166481,-3.02824770,-0.299968,0.174992,0.099768,-0.300000,0.174998,0.099714,-0.010717,-0.016887,0.000000,0.00003746,-0.00073679,0.99999943,-0.00077325,1
14.680000,0.72018991,-0.07427827,-0.07737400,0.84644592,-1.45669294,-0.01667542,-3.02320819,-0.299965,0.173838,0.096298,-0.300000,0.173839,0.096244,-0.008516,-0.018097,0.000000,-0.00007211,-0.00078966,0.99999943,-0.00071654,1
14.700000,0.72610616,-0.08220643,-0.08451649,0.83937430,-1.44584112,-0.01134383,-3.01787895,-0.299963,0.172684,0.092828,-0.300000,0.172681,0.092774,-0.006180,-0.019021,0.000000,-0.00018056,-0.00083007,0.99999943,-0.00064854,1
14.720000,0.73142038,-0.09065869,-0.09204617,0.83267279,-1.43438586,-0.00567042,-3.01221463,-0.299961,0.171531,0.089358,-0.300000,0.171522,0.089303,-0.003748,-0.019646,0.000000,-0.00028618,-0.00085737,0.99999943,-0.00057032,1
14.740000,0.73610648,-0.09951246,-0.10014132,0.82633799,-1.42228142,0.00034064,-3.00617508,-0.299960,0.170377,0.085887,-0.300000,0.170364,0.085833,-0.001256,-0.019961,0.000000,-0.00038729,-0.00087113,0.99999943,-0.00048311,1
14.760000,0.74014722,-0.10864580,-0.10896468,0.82035617,-1.40949213,0.00668157,-2.99972596,-0.299959,0.169224,0.082417,-0.300000,0.169205,0.082363,0.001256,-0.019961,0.000000,-0.00048230,-0.00087113,0.99999943,-0.00038827,1
14.780000,0.73713997,-0.11828012,-0.10056914,0.82317835,-1.40797625,0.00808399,-3.00094569,-0.299920,0.168518,0.082670,-0.300000,0.168483,0.082681,0.003748,-0.019646,0.000000,-0.00056971,-0.00085737,0.99999943,-0.00028731,1
14.800000,0.72766483,-0.12858582,-0.07663888,0.83407192,-1.41651784,0.00520039,-3.00907953,-0.299960,0.168160,0.086265,-0.300000,0.168145,0.086323,0.006180,-0.019021,0.000000,-0.00064813,-0.00083007,0.99999943,-0.00018180,1
14.820000,0.71757135,-0.13847779,-0.05373781,0.84540682,-1.42474744,0.00254381,-3.01690976,-0.299962,0.167826,0.089907,-0.300000,0.167806,0.089966,0.008516,-0.018097,0.000000,-0.00071633,-0.00078966,0.99999943,-0.00007341,1
14.840000,0.70693160,-0.14792736,-0.03211729,0.85710348,-1.43250338,0.00016126,-3.02432823,-0.299964,0.167492,0.093550,-0.300000,0.167467,0.093609,0.010717,-0.016887,0.000000,-0.00077323,-0.00073679,0.99999943,0.00003616,1
14.860000,0.69578753,-0.15678010,-0.01188476,0.86914069,-1.43981931,-0.00199182,-3.03132210,-0.299967,0.167158,0.097193,-0.300000,0.167128,0.097252,0.012748,-0.015410,0.000000,-0.00081791,-0.00067228,0.99999943,0.00014516,1
14.880000,0.68419024,-0.16489323,0.00687875,0.88148750,-1.44673977,-0.00396240,-3.03788499,-0.299970,0.166823,0.100835,-0.300000,0.166789,0.100894,0.014579,-0.013691,0.000000,-0.00084968,-0.00059717,0.99999943,0.00025190,1
14.900000,0.67220015,-0.17213982,0.02411912,0.89410243,-1.45331765,-0.00579750,-3.04401634,-0.299974,0.166487,0.104478,-0.300000,0.166451,0.104537,0.016180,-0.011756,0.000000,-0.00086803,-0.00051263,0.99999943,0.00035467,1
14.920000,0.65988654,-0.17841103,0.03981123,0.90693402,-1.45961456,-0.00754308,-3.04972204,-0.299978,0.166152,0.108121,-0.300000,0.166112,0.108180,0.017526,-0.009635,0.000000,-0.00087267,-0.00042001,0.99999943,0.00045185,1
14.940000,0.64732673,-0.18361793,0.05396058,0.91992150,-1.46570104,-0.00924294,-3.05501490,-0.299982,0.165815,0.111764,-0.300000,0.165773,0.111822,0.018596,-0.007362,0.000000,-0.00086353,-0.00032078,0.99999943,0.00054192,1
14.960000,0.63460521,-0.18769312,0.06660439,0.93299561,-1.47165664,-0.01093764,-3.05991493,-0.299987,0.165478,0.115407,-0.300000,0.165434,0.115465,0.019372,-0.004974,0.000000,-0.00084075,-0.00021650,0.99999943,0.00062344,1
14.980000,0.62181237,-0.19059194,0.07781198,0.94607980,-1.47756954,-0.01266351,-3.06444930,-0.299992,0.165141,0.119050,-0.300000,0.165096,0.119108,0.019842,-0.002507,0.000000,-0.00080469,-0.00010881,0.99999943,0.00069513,1
15.000000,0.60904307,-0.19229338,0.08768441,0.95909148,-1.48353584,-0.01445184,-3.06865212,-0.299997,0.164802,0.122693,-0.300000,0.164757,0.122751,0.020000,-0.000000,0.000000,-0.00075592,0.00000057,0.99999943,0.00075584,1
15.020000,0.59639506,-0.19280052,0.09635334,0.97194353,-1.48965846,-0.01632828,-3.07256388,-0.300002,0.164464,0.126335,-0.300000,0.164418,0.126393,0.019842,0.002507,0.000000,-0.00069522,0.00010993,0.99999943,0.00080462,1
15.040000,0.58396708,-0.19214054,0.10397913,0.98454599,-1.49604552,-0.01831247,-3.07623076,-0.300007,0.164124,0.129978,-0.300000,0.164079,0.130036,0.019372,0.004974,0.000000,-0.00062355,0.00021755,0.99999943,0.00084070,1
15.060000,0.57185698,-0.19036441,0.11074828,0.99680777,-1.50280842,-0.02041803,-3.07970366,-0.300012,0.163784,0.133621,-0.300000,0.163740,0.133679,0.018596,0.007362,0.000000,-0.00054205,0.00032172,0.99999943,0.00086350,1
15.080000,0.56015964,-0.18754605,0.11687025,1.00863849,-1.51005956,-0.02265270,-3.08303729,-0.300016,0.163443,0.137264,-0.300000,0.163402,0.137322,0.017526,0.009635,0.000000,-0.00045199,0.00042080,0.99999943,0.00087267,1
15.100000,0.55057787,-0.18216680,0.11031650,1.01801484,-1.50890383,-0.02358336,-3.08204305,-0.300021,0.162706,0.139136,-0.300000,0.162660,0.139166,0.016180,0.011756,0.000000,-0.00035481,0.00051325,0.99999943,0.00086805,1
15.120000,0.54593603,-0.17178255,0.06987494,1.02133051,-1.48329931,-0.02062216,-3.06951629,-0.300024,0.160861,0.136064,-0.300000,0.160801,0.136015,0.014579,0.013691,0.000000,-0.00025205,0.00059759,0.99999943,0.00084972,1
15.140000,0.54180433,-0.16113690,0.02975717,1.02379521,-1.45811724,-0.01765878,-3.05737859,-0.300027,0.158999,0.132914,-0.300000,0.158942,0.132864,0.012748,0.015410,0.000000,-0.00014532,0.00067252,0.99999943,0.00081797,1
15.160000,0.53820359,-0.15035880,-0.00940506,1.02545060,-1.43381764,-0.01474306,-3.04578302,-0.300031,0.157136,0.129763,-0.300000,0.157083,0.129713,0.010717,0.016887,0.000000,-0.00003632,0.00073684,0.99999943,0.00077330,1
15.180000,0.53521540,-0.13952359,-0.04748985,1.02625769,-1.41047493,-0.01186018,-3.03470339,-0.300034,0.155272,0.126613,-0.300000,0.155224,0.126562,0.008516,0.018097,0.000000,0.00007324,0.00078956,0.99999943,0.00071643,1
15.200000,0.53291403,-0.12871396,-0.08438517,1.02618117,-1.38814929,-0.00899097,-3.02410921,-0.300036,0.153409,0.123462,-0.300000,0.153365,0.123411,0.006180,0.019021,0.000000,0.00018164,0.00082984,0.99999943,0.00064824,1
15.220000,0.53136361,-0.11801974,-0.11998299,1.02519225,-1.36689088,-0.00611380,-3.01396899,-0.300038,0.151545,0.120311,-0.300000,0.151506,0.120260,0.003748,0.019646,0.000000,0.00028715,0.00085704,0.99999943,0.00056983,1
15.240000,0.53061645,-0.10753688,-0.15418065,1.02327003,-1.34673867,-0.00320559,-3.00425088,-0.300039,0.149680,0.117160,-0.300000,0.149647,0.117109,0.001256,0.019961,0.000000,0.00038813,0.00087076,0.99999943,0.00048243,1
15.260000,0.53071164,-0.09736624,-0.18688242,1.02040288,-1.32771933,-0.00024267,-2.99492348,-0.300039,0.147816,0.114009,-0.300000,0.147788,0.113958,-0.001256,0.019961,0.000000,0.00048298,0.00087076,0.99999943,0.00038743,1
15.280000,0.53167389,-0.08761220,-0.21800109,1.01658955,-1.30984630,0.00279841,-2.98595643,-0.300039,0.145952,0.110858,-0.300000,0.145929,0.110808,-0.003748,0.019646,0.000000,0.00057020,0.00085704,0.99999943,0.00028633,1
15.300000,0.53351267,-0.07838122,-0.24745953,1.01184008,-1.29311912,0.00594017,-2.97732101,-0.300038,0.144088,0.107707,-0.300000,0.144070,0.107657,-0.006180,0.019021,0.000000,0.00064844,0.00082984,0.99999943,0.00018072,1
15.320000,0.53622173,-0.06978020,-0.27519228,1.00617636,-1.27752294,0.00920366,-2.96899050,-0.300037,0.142224,0.104557,-0.300000,0.142211,0.104506,-0.008516,0.018097,0.000000,0.00071645,0.00078956,0.99999943,0.00007227,1
15.340000,0.53977896,-0.06191478,-0.30114700,0.99963244,-1.26302840,0.01260811,-2.96094048,-0.300035,0.140361,0.101406,-0.300000,0.140352,0.101355,-0.010717,0.016887,0.000000,0.00077317,0.00073684,0.99999943,-0.00003730,1
15.360000,0.54414665,-0.05488757,-0.32528583,0.99225428,-1.24959170,0.01617075,-2.95314885,-0.300032,0.138497,0.098255,-0.300000,0.138493,0.098204,-0.012748,0.015410,0.000000,0.00081771,0.00067252,0.99999943,-0.00014626,1
15.380000,0.54927211,-0.04879637,-0.34758657,0.98409914,-1.23715511,0.01990675,-2.94559566,-0.300029,0.136634,0.095104,-0.300000,0.136634,0.095053,-0.014579,0.013691,0.000000,0.00084938,0.00059759,0.99999943,-0.00025291,1
15.400000,0.55508869,-0.04373235,-0.36804362,0.97523464,-1.22564768,0.02382938,-2.93826286,-0.300026,0.134772,0.091953,-0.300000,0.134775,0.091902,-0.016180,0.011756,0.000000,0.00086767,0.00051325,0.99999943,-0.00035556,1
15.420000,0.56151709,-0.03977835,-0.38666871,0.96573731,-1.21498631,0.02795023,-2.93113379,-0.300022,0.132910,0.088802,-0.300000,0.132916,0.088751,-0.017526,0.009635,0.000000,0.00087229,0.00042080,0.99999943,-0.00045259,1
15.440000,0.56846698,-0.03700722,-0.40349124,0.95569094,-1.20507718,0.03227949,-2.92419264,-0.300017,0.131049,0.085651,-0.300000,0.131057,0.085600,-0.018596,0.007362,0.000000,0.00086318,0.00032172,0.99999943,-0.00054247,1
15.460000,0.57583882,-0.03548031,-0.41855840,0.94518469,-1.19581731,0.03682628,-2.91742384,-0.300013,0.129188,0.082500,-0.300000,0.129198,0.082449,-0.019372,0.004974,0.000000,0.00084047,0.00021755,0.99999943,-0.00062381,1
15.480000,0.58028560,-0.03313763,-0.41679950,0.94171044,-1.20015696,0.03623365,-2.91765800,-0.300016,0.128142,0.082418,-0.300000,0.128190,0.082415,-0.019842,0.002507,0.000000,0.00080453,0.00010993,0.99999943,-0.00069530,1
15.500000,0.58117083,-0.02970490,-0.39501555,0.94657394,-1.22065175,0.02942159,-2.92627482,-0.300002,0.128149,0.086017,-0.300000,0.128190,0.086074,-0.020000,0.000000,0.000000,0.00075592,0.00000057,0.99999943,-0.00075584,1
15.520000,0.58187958,-0.02796441,-0.37123075,0.95129518,-1.24139572,0.02282268,-2.93517017,-0.299997,0.128149,0.089674,-0.300000,0.128190,0.089732,-0.019842,-0.002507,0.000000,0.00069540,-0.00010881,0.99999943,-0.00080447,1
15.540000,0.58243004,-0.02791301,-0.34582560,0.95578541,-1.26208890,0.01654141,-2.94421475,-0.299992,0.128149,0.093333,-0.300000,0.128190,0.093391,-0.019372,-0.004974,0.000000,0.00062392,-0.00021650,0.99999943,-0.00084043,1
15.560000,0.58272388,-0.02952113,-0.31894290,0.96013582,-1.28262259,0.01059363,-2.95339482,-0.299987,0.128151,0.096991,-0.300000,0.128190,0.097049,-0.018596,-0.007362,0.000000,0.00054260,-0.00032078,0.99999943,-0.00086316,1
15.580000,0.58266972,-0.03273320,-0.29073401,0.96443726,-1.30290877,0.00499170,-2.96269531,-0.299982,0.128153,0.100649,-0.300000,0.128190,0.100708,-0.017526,-0.009635,0.000000,0.00045273,-0.00042001,0.99999943,-0.00087229,1
15.600000,0.58218562,-0.03746951,-0.26136049,0.96877611,-1.32287711,-0.00025439,-2.97209834,-0.299978,0.128155,0.104308,-0.300000,0.128190,0.104366,-0.016180,-0.011756,0.000000,0.00035570,-0.00051263,0.99999943,-0.00086768,1
15.620000,0.58119964,-0.04362871,-0.23099198,0.97323288,-1.34247401,-0.00513703,-2.98158348,-0.299974,0.128158,0.107966,-0.300000,0.128190,0.108025,-0.014579,-0.013691,0.000000,0.00025307,-0.00059717,0.99999943,-0.00084941,1
15.640000,0.57965022,-0.05109036,-0.19980413,0.97788103,-1.36166133,-0.00965107,-2.99112802,-0.299970,0.128162,0.111624,-0.300000,0.128190,0.111683,-0.012748,-0.015410,0.000000,0.00014642,-0.00067228,0.99999943,-0.00081777,1
15.660000,0.57748634,-0.05971777,-0.16797678,0.98278598,-1.38041471,-0.01379392,-3.00070716,-0.299967,0.128166,0.115283,-0.300000,0.128190,0.115342,-0.010717,-0.016887,0.000000,0.00003746,-0.00073679,0.99999943,-0.00077325,1
15.680000,0.57466773,-0.06936082,-0.13569224,0.98800432,-1.39872182,-0.01756564,-3.01029430,-0.299965,0.128170,0.118941,-0.300000,0.128190,0.119000,-0.008516,-0.018097,0.000000,-0.00007211,-0.00078966,0.99999943,-0.00071654,1
15.700000,0.57116489,-0.07985867,-0.10313368,0.99358317,-1.41658051,-0.02096905,-3.01986118,-0.299962,0.128175,0.122599,-0.300000,0.128190,0.122658,-0.006180,-0.019021,0.000000,-0.00018056,-0.00083007,0.99999943,-0.00064854,1
15.720000,0.56695913,-0.09104259,-0.07048351,0.99955967,-1.43399693,-0.02400988,-3.02937811,-0.299961,0.128180,0.126258,-0.300000,0.128190,0.126317,-0.003748,-0.019646,0.000000,-0.00028618,-0.00085737,0.99999943,-0.00057032,1
15.740000,0.56204254,-0.10273854,-0.03792189,1.00596067,-1.45098394,-0.02669683,-3.03881417,-0.299960,0.128185,0.129916,-0.300000,0.128190,0.129975,-0.001256,-0.019961,0.000000,-0.00038729,-0.00087113,0.99999943,-0.00048311,1
15.760000,0.55641794,-0.11476982,-0.00562496,1.01280247,-1.46755952,-0.02904177,-3.04813748,-0.299960,0.128190,0.133575,-0.300000,0.128190,0.133634,0.001256,-0.019961,0.000000,-0.00048230,-0.00087113,0.99999943,-0.00038827,1
15.780000,0.55009878,-0.12695957,0.02623689,1.02009073,-1.48374557,-0.03105979,-3.05731550,-0.299960,0.128195,0.137233,-0.300000,0.128190,0.137292,0.003748,-0.019646,0.000000,-0.00056971,-0.00085737,0.99999943,-0.00028731,1
15.800000,0.54439280,-0.13766387,0.04545840,1.02611808,-1.49057749,-0.03117180,-3.06232956,-0.299961,0.127707,0.139161,-0.300000,0.127688,0.139192,0.006180,-0.019021,0.000000,-0.00064813,-0.00083007,0.99999943,-0.00018180,1
15.820000,0.54161648,-0.14401225,0.02935073,1.02776736,-1.47108179,-0.02663218,-3.05565668,-0.299962,0.125804,0.136131,-0.300000,0.125758,0.136084,0.008516,-0.018097,0.000000,-0.00071633,-0.00078966,0.99999943,-0.00007341,1
15.840000,0.53810685,-0.15006724,0.01174591,1.02982996,-1.45047756,-0.02201092,-3.04858729,-0.299964,0.123879,0.133025,-0.300000,0.123828,0.132976,0.010717,-0.016887,0.000000,-0.00077323,-0.00073679,0.99999943,0.00003616,1
15.860000,0.53382785,-0.15578838,-0.00689097,1.03234842,-1.42917261,-0.01741392,-3.04131454,-0.299966,0.121953,0.129917,-0.300000,0.121898,0.129868,0.012748,-0.015410,0.000000,-0.00081791,-0.00067228,0.99999943,0.00014516,1
15.880000,0.52880931,-0.16108340,-0.02659352,1.03528269,-1.40719553,-0.01287794,-3.03386314,-0.299970,0.120027,0.126809,-0.300000,0.119968,0.126761,0.014579,-0.013691,0.000000,-0.00084968,-0.00059717,0.99999943,0.00025190,1
15.900000,0.52309277,-0.16586958,-0.04738304,1.03858433,-1.38457963,-0.00843653,-3.02625913,-0.299973,0.118100,0.123701,-0.300000,0.118038,0.123653,0.016180,-0.011756,0.000000,-0.00086803,-0.00051263,0.99999943,0.00035467,1
15.920000,0.51673072,-0.17007532,-0.06926132,1.04219808,-1.36136865,-0.00412012,-3.01853129,-0.299977,0.116173,0.120593,-0.300000,0.116108,0.120545,0.017526,-0.009635,0.000000,-0.00087267,-0.00042001,0.99999943,0.00045185,1
15.940000,0.50978657,-0.17364085,-0.09221115,1.04606206,-1.33761659,0.00004492,-3.01070991,-0.299981,0.114246,0.117485,-0.300000,0.114178,0.117437,0.018596,-0.007362,0.000000,-0.00086353,-0.00032078,0.99999943,0.00054192,1
15.960000,0.50233441,-0.17651897,-0.11619725,1.05010790,-1.31338721,0.00403722,-3.00282549,-0.299986,0.112318,0.114378,-0.300000,0.112248,0.114329,0.019372,-0.004974,0.000000,-0.00084075,-0.00021650,0.99999943,0.00062344,1
15.980000,0.49445872,-0.17867550,-0.14116721,1.05426077,-1.28875343,0.00784130,-2.99490730,-0.299991,0.110389,0.111270,-0.300000,0.110318,0.111221,0.019842,-0.002507,0.000000,-0.00080469,-0.00010881,0.99999943,0.00069513,1
16.000000,0.48625375,-0.18008982,-0.16705265,1.05843946,-1.26379646,0.01144834,-2.98698200,-0.299996,0.108459,0.108162,-0.300000,0.108388,0.108113,0.020000,-0.000000,0.000000,-0.00075592,0.00000057,0.99999943,0.00075584,1
16.020000,0.47782268,-0.18075514,-0.19377043,1.06255636,-1.23860475,0.01485690,-2.97907230,-0.300001,0.106529,0.105054,-0.300000,0.106458,0.105005,0.019842,0.002507,0.000000,-0.00069522,0.00010993,0.99999943,0.00080462,1
16.040000,0.46927651,-0.18067872,-0.22122388,1.06651762,-1.21327285,0.01807344,-2.97119578,-0.300006,0.104598,0.101946,-0.300000,0.104528,0.101897,0.019372,0.004974,0.000000,-0.00062355,0.00021755,0.99999943,0.00084070,1
16.060000,0.46073265,-0.17988200,-0.24930416,1.07022335,-1.18790000,0.02111269,-2.96336381,-0.300011,0.102667,0.098839,-0.300000,0.102598,0.098789,0.018596,0.007362,0.000000,-0.00054205,0.00032172,0.99999943,0.00086350,1
16.080000,0.45231325,-0.17840045,-0.27789160,1.07356797,-1.16258863,0.02399782,-2.95558076,-0.300015,0.100735,0.095731,-0.300000,0.100668,0.095681,0.017526,0.009635,0.000000,-0.00045199,0.00042080,0.99999943,0.00087267,1
16.100000,0.44414323,-0.17628338,-0.30685707,1.07644093,-1.13744286,0.02676039,-2.94784347,-0.300020,0.098802,0.092623,-0.300000,0.098738,0.092573,0.016180,0.011756,0.000000,-0.00035481,0.00051325,0.99999943,0.00086805,1
16.120000,0.43634801,-0.17359344,-0.33606343,1.07872758,-1.11256687,0.02943993,-2.94014100,-0.300024,0.096869,0.089515,-0.300000,0.096808,0.089465,0.014579,0.013691,0.000000,-0.00025205,0.00059759,0.99999943,0.00084972,1
16.140000,0.42905119,-0.17040602,-0.36536699,1.08031053,-1.08806336,0.03208335,-2.93245480,-0.300028,0.094936,0.086407,-0.300000,0.094878,0.086357,0.012748,0.015410,0.000000,-0.00014532,0.00067252,0.99999943,0.00081797,1
16.160000,0.42237197,-0.16680831,-0.39461901,1.08107134,-1.06403206,0.03474396,-2.92475918,-0.300031,0.093002,0.083300,-0.300000,0.092947,0.083249,0.010717,0.016887,0.000000,-0.00003632,0.00073684,0.99999943,0.00077330,1
16.180000,0.41580997,-0.16136823,-0.41782584,1.08358930,-1.04691921,0.03573390,-2.91962256,-0.300034,0.091433,0.081476,-0.300000,0.091390,0.081446,0.008516,0.018097,0.000000,0.00007324,0.00078956,0.99999943,0.00071643,1
16.200000,0.40769545,-0.14912793,-0.41612960,1.09628657,-1.05747125,0.02954557,-2.92519540,-0.300037,0.091403,0.085049,-0.300000,0.091390,0.085105,0.006180,0.019021,0.000000,0.00018164,0.00082984,0.99999943,0.00064824,1
16.220000,0.40073726,-0.13647787,-0.41346066,1.10785909,-1.06969309,0.02346700,-2.93063401,-0.300038,0.091398,0.088706,-0.300000,0.091390,0.088763,0.003748,0.019646,0.000000,0.00028715,0.00085704,0.99999943,0.00056983,1
16.240000,0.39497394,-0.12368834,-0.40999318,1.11812876,-1.08316597,0.01762071,-2.93581464,-0.300039,0.091393,0.092364,-0.300000,0.091390,0.092422,0.001256,0.019961,0.000000,0.00038813,0.00087076,0.99999943,0.00048243,1
16.260000,0.39038786,-0.11093898,-0.40553796,1.12710670,-1.09786107,0.01201455,-2.94078234,-0.300039,0.091388,0.096023,-0.300000,0.091390,0.096080,-0.001256,0.019961,0.000000,0.00048298,0.00087076,0.99999943,0.00038743,1
16.280000,0.38694231,-0.09841204,-0.39991262,1.13482602,-1.11373861,0.00664971,-2.94558875,-0.300039,0.091383,0.099681,-0.300000,0.091390,0.099739,-0.003748,0.019646,0.000000,0.00057020,0.00085704,0.99999943,0.00028633,1
16.300000,0.38458317,-0.08629069,-0.39295015,1.14133770,-1.13074247,0.00152295,-2.95028833,-0.300038,0.091378,0.103340,-0.300000,0.091390,0.103397,-0.006180,0.019021,0.000000,0.00064844,0.00082984,0.99999943,0.00018072,1
16.320000,0.38324051,-0.07475598,-0.38450132,1.14670845,-1.14880164,-0.00337246,-2.95493693,-0.300037,0.091373,0.106998,-0.300000,0.091390,0.107055,-0.008516,0.018097,0.000000,0.00071645,0.00078956,0.99999943,0.00007227,1
16.340000,0.38283039,-0.06398369,-0.37443654,1.15101826,-1.16783213,-0.00804569,-2.95959026,-0.300034,0.091369,0.110656,-0.300000,0.091390,0.110714,-0.010717,0.016887,0.000000,0.00077317,0.00073684,0.99999943,-0.00003730,1
16.360000,0.38325694,-0.05414114,-0.36264726,1.15435796,-1.18773935,-0.01250717,-2.96430248,-0.300032,0.091365,0.114315,-0.300000,0.091390,0.114372,-0.012748,0.015410,0.000000,0.00081771,0.00067252,0.99999943,-0.00014626,1
16.380000,0.38441448,-0.04538415,-0.34904688,1.15682674,-1.20842079,-0.01676751,-2.96912483,-0.300028,0.091361,0.117973,-0.300000,0.091390,0.118031,-0.014579,0.013691,0.000000,0.00084938,0.00059759,0.99999943,-0.00025291,1
16.400000,0.38618980,-0.03785413,-0.33357123,1.15852979,-1.22976897,-0.02083649,-2.97410449,-0.300025,0.091358,0.121631,-0.300000,0.091390,0.121689,-0.016180,0.011756,0.000000,0.00086767,0.00051325,0.99999943,-0.00035556,1
16.420000,0.39581120,-0.03313568,-0.34705799,1.14734080,-1.22316952,-0.01855389,-2.96905107,-0.300022,0.091354,0.119136,-0.300000,0.091390,0.119097,-0.017526,0.009635,0.000000,0.00087229,0.00042080,0.99999943,-0.00045259,1
16.440000,0.40740363,-0.02991679,-0.36443249,1.13316843,-1.21208351,-0.01478269,-2.96217828,-0.300017,0.091352,0.115496,-0.300000,0.091390,0.115438,-0.018596,0.007362,0.000000,0.00086318,0.00032172,0.99999943,-0.00054247,1
16.460000,0.41319087,-0.02700726,-0.36863285,1.12707162,-1.21178978,-0.01395193,-2.96018005,-0.300025,0.090425,0.114617,-0.300000,0.090474,0.114588,-0.019372,0.004974,0.000000,0.00084047,0.00021755,0.99999943,-0.00062381,1
16.480000,0.41093528,-0.02400541,-0.35594022,1.13212191,-1.22551164,-0.01729204,-2.96473416,-0.300015,0.088304,0.117453,-0.300000,0.088318,0.117544,-0.019842,0.002507,0.000000,0.00080453,0.00010993,0.99999943,-0.00069530,1
16.500000,0.40856804,-0.02236860,-0.34118560,1.13724964,-1.23987664,-0.02051840,-2.96962283,-0.300005,0.086148,0.120404,-0.300000,0.086162,0.120500,-0.020000,0.000000,0.000000,0.00075592,0.00000057,0.99999943,-0.00075584,1
16.520000,0.40620555,-0.02216070,-0.32520271,1.14219558,-1.25409180,-0.02345361,-2.97458043,-0.299995,0.083969,0.123313,-0.300000,0.083982,0.123407,-0.019842,-0.002507,0.000000,0.00069540,-0.00010881,0.99999943,-0.00080447,1
16.540000,0.40309868,-0.02370476,-0.32532724,1.14540058,-1.25196906,-0.02343037,-2.97488052,-0.299972,0.080394,0.123400,-0.300000,0.080323,0.123407,-0.019372,-0.004974,0.000000,0.00062392,-0.00021650,0.99999943,-0.00084043,1
16.560000,0.39961537,-0.02646444,-0.32490970,1.14890776,-1.24915374,-0.02321407,-2.97524391,-0.299951,0.076746,0.123405,-0.300000,0.076665,0.123407,-0.018596,-0.007362,0.000000,0.00054260,-0.00032078,0.99999943,-0.00086316,1
16.580000,0.39561813,-0.03050682,-0.32347648,1.15291226,-1.24599652,-0.02288267,-2.97582234,-0.299966,0.073051,0.123406,-0.300000,0.073006,0.123407,-0.017526,-0.009635,0.000000,0.00045273,-0.00042001,0.99999943,-0.00087229,1
16.600000,0.39581943,-0.03589228,-0.32705224,1.15162407,-1.23761895,-0.02080109,-2.97404987,-0.299957,0.070321,0.121847,-0.300000,0.070302,0.121798,-0.016180,-0.011756,0.000000,0.00035570,-0.00051263,0.99999943,-0.00086768,1
16.620000,0.40026103,-0.04289085,-0.33589090,1.14481406,-1.22360279,-0.01677934,-2.96971137,-0.299974,0.068543,0.118639,-0.300000,0.068546,0.118589,-0.014579,-0.013691,0.000000,0.00025307,-0.00059717,0.99999943,-0.00084941,1
16.640000,0.40416416,-0.05092239,-0.34395324,1.13834889,-1.20934724,-0.01258908,-2.96543847,-0.299971,0.066790,0.115429,-0.300000,0.066790,0.115379,-0.012748,-0.015410,0.000000,0.00014642,-0.00067228,0.99999943,-0.00081777,1
16.660000,0.40945492,-0.05998740,-0.35078442,1.13026022,-1.19558177,-0.00797595,-2.96095784,-0.299968,0.065665,0.112059,-0.300000,0.065671,0.112007,-0.010717,-0.016887,0.000000,0.00003746,-0.00073679,0.99999943,-0.00077325,1
16.680000,0.41773327,-0.06997587,-0.35604661,1.11890962,-1.18304108,-0.00271273,-2.95600099,-0.299965,0.065652,0.108405,-0.300000,0.065671,0.108348,-0.008516,-0.018097,0.000000,-0.00007211,-0.00078966,0.99999943,-0.00071654,1
16.700000,0.42530508,-0.08072272,-0.36087912,1.10803278,-1.17023990,0.00270894,-2.95103178,-0.299963,0.065656,0.104747,-0.300000,0.065671,0.104690,-0.006180,-0.019021,0.000000,-0.00018056,-0.00083007,0.99999943,-0.00064854,1
16.720000,0.43205468,-0.09210185,-0.36548067,1.09773011,-1.15708214,0.00825657,-2.94604064,-0.299961,0.065661,0.101088,-0.300000,0.065671,0.101031,-0.003748,-0.019646,0.000000,-0.00028618,-0.00085737,0.99999943,-0.00057032,1
16.740000,0.43793525,-0.10398342,-0.37003340,1.08803116,-1.14350034,0.01390569,-2.94100857,-0.299960,0.065666,0.097430,-0.300000,0.065671,0.097373,-0.001256,-0.019961,0.000000,-0.00038729,-0.00087113,0.99999943,-0.00048311,1
16.760000,0.44291358,-0.11623548,-0.37471584,1.07895086,-1.12943303,0.01963261,-2.93591513,-0.299960,0.065671,0.093772,-0.300000,0.065671,0.093714,0.001256,-0.019961,0.000000,-0.00048230,-0.00087113,0.99999943,-0.00038827,1
16.780000,0.44696945,-0.12872593,-0.37970053,1.07049016,-1.11482528,0.02541461,-2.93073884,-0.299960,0.065676,0.090113,-0.300000,0.065671,0.090056,0.003748,-0.019646,0.000000,-0.00056971,-0.00085737,0.99999943,-0.00028731,1
16.800000,0.45009593,-0.14132456,-0.38515155,1.06263591,-1.09962969,0.03123040,-2.92545744,-0.299961,0.065681,0.086455,-0.300000,0.065671,0.086398,0.006180,-0.019021,0.000000,-0.00064813,-0.00083007,0.99999943,-0.00018180,1
16.820000,0.45229953,-0.15390503,-0.39122200,1.05536076,-1.08380738,0.03706063,-2.92004815,-0.299962,0.065686,0.082796,-0.300000,0.065671,0.082739,0.008516,-0.018097,0.000000,-0.00071633,-0.00078966,0.99999943,-0.00007341,1
16.840000,0.44576790,-0.16517372,-0.39492222,1.05841285,-1.06900481,0.04003752,-2.91820326,-0.299964,0.064057,0.080772,-0.300000,0.064011,0.080741,0.010717,-0.016887,0.000000,-0.00077323,-0.00073679,0.99999943,0.00003616,1
16.860000,0.42862156,-0.17450106,-0.39568815,1.07448525,-1.05567765,0.03918780,-2.92110676,-0.299967,0.060435,0.080740,-0.300000,0.060353,0.080741,0.012748,-0.015410,0.000000,-0.00081791,-0.00067228,0.99999943,0.00014516,1
16.880000,0.41023820,-0.18306061,-0.39734254,1.09205461,-1.04194492,0.03773308,-2.92444742,-0.299971,0.056781,0.080739,-0.300000,0.056694,0.080741,0.014579,-0.013691,0.000000,-0.00084968,-0.00059717,0.99999943,0.00025190,1
16.900000,0.39083135,-0.19074230,-0.40000518,1.11093036,-1.02787459,0.03567409,-2.92817616,-0.299974,0.053126,0.080739,-0.300000,0.053036,0.080741,0.016180,-0.011756,0.000000,-0.00086803,-0.00051263,0.99999943,0.00035467,1
16.920000,0.37048818,-0.19742557,-0.40372130,1.13108686,-1.01358098,0.03296599,-2.93230947,-0.299978,0.049471,0.080739,-0.300000,0.049377,0.080741,0.017526,-0.009635,0.000000,-0.00087267,-0.00042001,0.99999943,0.00045185,1
16.940000,0.34931187,-0.20300419,-0.40851887,1.15248091,-0.99918984,0.02957350,-2.93685790,-0.299983,0.045815,0.080739,-0.300000,0.045719,0.080741,0.018596,-0.007362,0.000000,-0.00086353,-0.00032078,0.99999943,0.00054192,1
16.960000,0.32742314,-0.20738891,-0.41440854,1.17504641,-0.98483527,0.02547396,-2.94182296,-0.299988,0.042158,0.080740,-0.300000,0.042060,0.080741,0.019372,-0.004974,0.000000,-0.00084075,-0.00021650,0.99999943,0.00062344,1
16.980000,0.30495884,-0.21050949,-0.42138304,1.19869234,-0.97065661,0.02065943,-2.94719536,-0.299993,0.038501,0.080740,-0.300000,0.038402,0.080741,0.019842,-0.002507,0.000000,-0.00080469,-0.00010881,0.99999943,0.00069513,1
17.000000,0.28206994,-0.21231652,-0.42941673,1.22330133,-0.95679470,0.01513839,-2.95295355,-0.299998,0.034843,0.080740,-0.300000,0.034743,0.080741,0.020000,0.000000,0.000000,-0.00075592,0.00000057,0.99999943,0.00075584,1
17.020000,0.25891888,-0.21278270,-0.43846557,1.24872913,-0.94338770,0.00893694,-2.95906280,-0.300003,0.031184,0.080740,-0.300000,0.031085,0.080741,0.019842,0.002507,0.000000,-0.00069522,0.00010993,0.99999943,0.00080462,1
17.040000,0.23567636,-0.21190383,-0.44846759,1.27480527,-0.93056653,0.00209940,-2.96547496,-0.300008,0.027525,0.080740,-0.300000,0.027426,0.080741,0.019372,0.004974,0.000000,-0.00062355,0.00021755,0.99999943,0.00084070,1
17.060000,0.21251762,-0.20969913,-0.45934375,1.30133513,-0.91845027,-0.00531193,-2.97212907,-0.300012,0.023865,0.080740,-0.300000,0.023768,0.080741,0.018596,0.007362,0.000000,-0.00054205,0.00032172,0.99999943,0.00086350,1
17.080000,0.18961854,-0.20621108,-0.47099938,1.32810353,-0.90714194,-0.01321790,-2.97895283,-0.300017,0.020205,0.080740,-0.300000,0.020110,0.080741,0.017526,0.009635,0.000000,-0.00045199,0.00042080,0.99999943,0.00087267,1
17.100000,0.16715145,-0.20150463,-0.48332595,1.35487988,-0.89672472,-0.02152457,-2.98586503,-0.300022,0.016544,0.080740,-0.300000,0.016451,0.080741,0.016180,0.011756,0.000000,-0.00035481,0.00051325,0.99999943,0.00086805,1
17.120000,0.14528108,-0.19566584,-0.49620338,1.38142478,-0.88725922,-0.03012618,-2.99277873,-0.300026,0.012882,0.080741,-0.300000,0.012793,0.080741,0.014579,0.013691,0.000000,-0.00025205,0.00059759,0.99999943,0.00084972,1
17.140000,0.13489241,-0.18445869,-0.49403748,1.39646117,-0.89945296,-0.03572317,-2.99842882,-0.300029,0.012372,0.083895,-0.300000,0.012338,0.083944,0.012748,0.015410,0.000000,-0.00014532,0.00067252,0.99999943,0.00081797,1
17.160000,0.12736331,-0.17201542,-0.48970287,1.40803055,-0.91543924,-0.04029917,-3.00310409,-0.300031,0.012360,0.087546,-0.300000,0.012338,0.087603,0.010717,0.016887,0.000000,-0.00003632,0.00073684,0.99999943,0.00077330,1
17.180000,0.12109700,-0.15915726,-0.48542828,1.41777825,-0.93198858,-0.04431429,-3.00700131,-0.300034,0.012356,0.091204,-0.300000,0.012338,0.091261,0.008516,0.018097,0.000000,0.00007324,0.00078956,0.99999943,0.00071643,1
17.200000,0.11609601,-0.14602631,-0.48107968,1.42576151,-0.94905680,-0.04778988,-3.01019234,-0.300036,0.012351,0.094863,-0.300000,0.012338,0.094920,0.006180,0.019021,0.000000,0.00018164,0.00082984,0.99999943,0.00064824,1
17.220000,0.11236808,-0.13276419,-0.47648315,1.43203422,-0.96664558,-0.05074737,-3.01275418,-0.300038,0.012347,0.098521,-0.300000,0.012338,0.098578,0.003748,0.019646,0.000000,0.00028715,0.00085704,0.99999943,0.00056983,1
17.240000,0.10990179,-0.11951924,-0.47146441,1.43667046,-0.98475397,-0.05321484,-3.01476978,-0.300039,0.012342,0.102179,-0.300000,0.012338,0.102237,0.001256,0.019961,0.000000,0.00038813,0.00087076,0.99999943,0.00048243,1
17.260000,0.10866691,-0.10644452,-0.46585198,1.43976245,-1.00337713,-0.05522596,-3.01632643,-0.300039,0.012337,0.105838,-0.300000,0.012338,0.105895,-0.001256,0.019961,0.000000,0.00048298,0.00087076,0.99999943,0.00038743,1
17.280000,0.10861545,-0.09369543,-0.45947963,1.44141794,-1.02250580,-0.05681875,-3.01751409,-0.300039,0.012332,0.109496,-0.300000,0.012338,0.109554,-0.003748,0.019646,0.000000,0.00057020,0.00085704,0.99999943,0.00028633,1
17.300000,0.10968297,-0.08142747,-0.45218879,1.44175745,-1.04212572,-0.05803420,-3.01842368,-0.300038,0.012327,0.113154,-0.300000,0.012338,0.113212,-0.006180,0.019021,0.000000,0.00064844,0.00082984,0.99999943,0.00018072,1
17.320000,0.11179001,-0.06979382,-0.44383076,1.44091160,-1.06221722,-0.05891487,-3.01914543,-0.300036,0.012322,0.116813,-0.300000,0.012338,0.116871,-0.008516,0.018097,0.000000,0.00071645,0.00078956,0.99999943,0.00007227,1
17.340000,0.11484372,-0.05894293,-0.43426872,1.43901841,-1.08275502,-0.05950358,-3.01976729,-0.300034,0.012318,0.120471,-0.300000,0.012338,0.120529,-0.010717,0.016887,0.000000,0.00077317,0.00073684,0.99999943,-0.00003730,1
17.360000,0.11873964,-0.04901620,-0.42337951,1.43622075,-1.10370832,-0.05984205,-3.02037349,-0.300032,0.012313,0.124130,-0.300000,0.012338,0.124187,-0.012748,0.015410,0.000000,0.00081771,0.00067252,0.99999943,-0.00014626,1
17.380000,0.12336364,-0.04014556,-0.41105512,1.43266397,-1.12504132,-0.05996978,-3.02104318,-0.300028,0.012310,0.127788,-0.300000,0.012338,0.127846,-0.014579,0.013691,0.000000,0.00084938,0.00059759,0.99999943,-0.00025291,1
17.400000,0.12859392,-0.03245125,-0.39720389,1.42849367,-1.14671395,-0.05992303,-3.02184928,-0.300025,0.012306,0.131446,-0.300000,0.012338,0.131504,-0.016180,0.011756,0.000000,0.00086767,0.00051325,0.99999943,-0.00035556,1
17.420000,0.13430309,-0.02603976,-0.38175130,1.42385375,-1.16868312,-0.05973394,-3.02285751,-0.300021,0.012303,0.135105,-0.300000,0.012338,0.135163,-0.017526,0.009635,0.000000,0.00087229,0.00042080,0.99999943,-0.00045259,1
17.440000,0.14036033,-0.02100192,-0.36464052,1.41888463,-1.19090412,-0.05942993,-3.02412572,-0.300016,0.012301,0.138763,-0.300000,0.012338,0.138821,-0.018596,0.007362,0.000000,0.00086318,0.00032172,0.99999943,-0.00054247,1
17.460000,0.14875513,-0.01833592,-0.37219225,1.40976562,-1.18651607,-0.05812870,-3.02114894,-0.300025,0.012259,0.137558,-0.300000,0.012338,0.137520,-0.019372,0.004974,0.000000,0.00084047,0.00021755,0.99999943,-0.00062381,1
17.480000,0.15890872,-0.01745947,-0.39126321,1.39777505,-1.16914522,-0.05589927,-3.01583208,-0.300007,0.012296,0.133919,-0.300000,0.012338,0.133862,-0.019842,0.002507,0.000000,0.00080453,0.00010993,0.99999943,-0.00069530,1
17.500000,0.16926553,-0.01810206,-0.40869218,1.38533954,-1.15199978,-0.05320261,-3.01047753,-0.300002,0.012296,0.130261,-0.300000,0.012338,0.130203,-0.020000,0.000000,0.000000,0.00075592,0.00000057,0.99999943,-0.00075584,1
17.520000,0.17980874,-0.02021694,-0.42442398,1.37247187,-1.13519130,-0.05005180,-3.00508658,-0.299997,0.012296,0.126602,-0.300000,0.012338,0.126545,-0.019842,-0.002507,0.000000,0.00069540,-0.00010881,0.99999943,-0.00080447,1
17.540000,0.19040769,-0.02378921,-0.43850284,1.35929764,-1.11869288,-0.04647719,-2.99967421,-0.299993,0.012297,0.122944,-0.300000,0.012338,0.122886,-0.019372,-0.004974,0.000000,0.00062392,-0.00021650,0.99999943,-0.00084043,1
17.560000,0.20092799,-0.02878663,-0.45099290,1.34594955,-1.10247114,-0.04251525,-2.99425858,-0.299988,0.012298,0.119285,-0.300000,0.012338,0.119228,-0.018596,-0.007362,0.000000,0.00054260,-0.00032078,0.99999943,-0.00086316,1
17.580000,0.21242787,-0.03438606,-0.45582712,1.33207906,-1.09334840,-0.03846298,-2.98982857,-0.299983,0.012889,0.116749,-0.300000,0.012936,0.116710,-0.017526,-0.009635,0.000000,0.00045273,-0.00042001,0.99999943,-0.00087229,1
17.600000,0.22810111,-0.03808050,-0.43431921,1.31700270,-1.11218022,-0.03554608,-2.98980996,-0.299979,0.015865,0.118756,-0.300000,0.015945,0.118790,-0.016180,-0.011756,0.000000,0.00035570,-0.00051263,0.99999943,-0.00086768,1
17.620000,0.24287404,-0.04285331,-0.41107322,1.30316776,-1.13150686,-0.03302141,-2.99064735,-0.299975,0.018877,0.120835,-0.300000,0.018955,0.120870,-0.014579,-0.013691,0.000000,0.00025307,-0.00059717,0.99999943,-0.00084941,1
17.640000,0.25660474,-0.04867601,-0.38663271,1.29061104,-1.15079855,-0.03084276,-2.99223186,-0.299971,0.021890,0.122916,-0.300000,0.021964,0.122950,-0.012748,-0.015410,0.000000,0.00014642,-0.00067228,0.99999943,-0.00081777,1
17.660000,0.26923757,-0.05545576,-0.36117742,1.27933105,-1.16995646,-0.02897989,-2.99450929,-0.299968,0.024903,0.124996,-0.300000,0.024973,0.125031,-0.010717,-0.016887,0.000000,0.00003746,-0.00073679,0.99999943,-0.00077325,1
17.680000,0.28380045,-0.06461278,-0.35525906,1.26330388,-1.16837546,-0.02468611,-2.99177576,-0.299966,0.027768,0.123088,-0.300000,0.027833,0.123059,-0.008516,-0.018097,0.000000,-0.00007211,-0.00078966,0.99999943,-0.00071654,1
17.700000,0.29779653,-0.07447536,-0.35065971,1.24756455,-1.16492634,-0.02017838,-2.98873299,-0.299963,0.030621,0.120797,-0.300000,0.030681,0.120763,-0.006180,-0.019021,0.000000,-0.00018056,-0.00083007,0.99999943,-0.00064854,1
17.720000,0.31090082,-0.08475791,-0.34567654,1.23270627,-1.16146252,-0.01572697,-2.98587710,-0.299962,0.033474,0.118501,-0.300000,0.033529,0.118466,-0.003748,-0.019646,0.000000,-0.00028618,-0.00085737,0.99999943,-0.00057032,1
17.740000,0.32272518,-0.09536048,-0.34108729,1.21904774,-1.15727854,-0.01135039,-2.98311008,-0.299961,0.036192,0.116131,-0.300000,0.036240,0.116095,-0.001256,-0.019961,0.000000,-0.00038729,-0.00087113,0.99999943,-0.00048311,1
17.760000,0.32760505,-0.10695311,-0.34645046,1.21108549,-1.14192798,-0.00691989,-2.97909060,-0.299960,0.036610,0.112513,-0.300000,0.036616,0.112456,0.001256,-0.019961,0.000000,-0.00048230,-0.00087113,0.99999943,-0.00038827,1
17.780000,0.33143974,-0.11875950,-0.35213262,1.20394511,-1.12602001,-0.00251111,-2.97505356,-0.299960,0.036992,0.108874,-0.300000,0.036992,0.108817,0.003748,-0.019646,0.000000,-0.00056971,-0.00085737,0.99999943,-0.00028731,1
17.800000,0.33431315,-0.13062863,-0.35815603,1.19755625,-1.10967264,0.00184134,-2.97100618,-0.299961,0.037373,0.105235,-0.300000,0.037368,0.105178,0.006180,-0.019021,0.000000,-0.00064813,-0.00083007,0.99999943,-0.00018180,1
17.820000,0.33623299,-0.14242636,-0.36468438,1.19190621,-1.09284368,0.00610781,-2.96693349,-0.299962,0.037754,0.101596,-0.300000,0.037744,0.101539,0.008516,-0.018097,0.000000,-0.00071633,-0.00078966,0.99999943,-0.00007341,1
17.840000,0.33650033,-0.15404159,-0.37215935,1.18771059,-1.07507876,0.01013043,-2.96293896,-0.299964,0.037924,0.097972,-0.300000,0.037907,0.097915,0.010717,-0.016887,0.000000,-0.00077323,-0.00073679,0.99999943,0.00003616,1
17.860000,0.33227424,-0.16543394,-0.38181133,1.18793227,-1.05468849,0.01330748,-2.95955497,-0.299967,0.037064,0.094420,-0.300000,0.037026,0.094364,0.012748,-0.015410,0.000000,-0.00081791,-0.00067228,0.99999943,0.00014516,1
17.880000,0.32701425,-0.17642200,-0.39234662,1.18904410,-1.03364702,0.01618866,-2.95625804,-0.299970,0.036188,0.090869,-0.300000,0.036145,0.090813,0.014579,-0.013691,0.000000,-0.00084968,-0.00059717,0.99999943,0.00025190,1
17.900000,0.32082911,-0.18690114,-0.40383976,1.19095225,-1.01198746,0.01875319,-2.95304107,-0.299974,0.035311,0.087318,-0.300000,0.035265,0.087262,0.016180,-0.011756,0.000000,-0.00086803,-0.00051263,0.99999943,0.00035467,1
17.920000,0.31378861,-0.19678081,-0.41636898,1.19360531,-0.98972085,0.02097592,-2.94990546,-0.299978,0.034433,0.083767,-0.300000,0.034384,0.083711,0.017526,-0.009635,0.000000,-0.00087267,-0.00042001,0.99999943,0.00045185,1
17.940000,0.29374272,-0.20314229,-0.42363701,1.21368741,-0.97287742,0.01765612,-2.95382642,-0.299983,0.030950,0.082771,-0.300000,0.030857,0.082756,0.018596,-0.007362,0.000000,-0.00086353,-0.00032078,0.99999943,0.00054192,1
17.960000,0.27267911,-0.20830275,-0.43186683,1.23540890,-0.95613653,0.01344497,-2.95838562,-0.299988,0.027420,0.081820,-0.300000,0.027324,0.081806,0.019372,-0.004974,0.000000,-0.00084075,-0.00021650,0.99999943,0.00062344,1
17.980000,0.25094482,-0.21224076,-0.44117566,1.25840212,-0.93952177,0.00841797,-2.96345793,-0.299992,0.023888,0.080871,-0.300000,0.023791,0.080857,0.019842,-0.002507,0.000000,-0.00080469,-0.00010881,0.99999943,0.00069513,1
18.000000,0.22804318,-0.21137430,-0.44100705,1.28632612,-0.93655273,0.00078256,-2.97267255,-0.299998,0.020751,0.082456,-0.300000,0.020661,0.082482,0.020000,-0.000000,0.000000,-0.00075592,0.00000057,0.99999943,0.00075584,1
18.020000,0.20514554,-0.20865069,-0.44018608,1.31483303,-0.93642078,-0.00734531,-2.98226716,-0.300003,0.017675,0.084434,-0.300000,0.017586,0.084466,0.019842,0.002507,0.000000,-0.00069522,0.00010993,0.99999943,0.00080462,1
18.040000,0.18255554,-0.20462416,-0.44023758,1.34303982,-0.93719164,-0.01557622,-2.99155577,-0.300008,0.014600,0.086417,-0.300000,0.014512,0.086449,0.019372,0.004974,0.000000,-0.00062355,0.00021755,0.99999943,0.00084070,1
18.060000,0.16114695,-0.19903123,-0.43984141,1.37005918,-0.94050648,-0.02366328,-3.00047938,-0.300012,0.011750,0.088651,-0.300000,0.011667,0.088687,0.018596,0.007362,0.000000,-0.00054205,0.00032172,0.99999943,0.00086350,1
18.080000,0.14216255,-0.19156289,-0.43709917,1.39451192,-0.94863016,-0.03115449,-3.00887157,-0.300017,0.009448,0.091494,-0.300000,0.009376,0.091539,0.017526,0.009635,0.000000,-0.00045199,0.00042080,0.99999943,0.00087267,1
18.100000,0.12410394,-0.18309058,-0.43490557,1.41760130,-0.95763384,-0.03827141,-3.01652943,-0.300021,0.007153,0.094346,-0.300000,0.007084,0.094391,0.016180,0.011756,0.000000,-0.00035481,0.00051325,0.99999943,0.00086805,1
18.120000,0.10706530,-0.17372348,-0.43318426,1.43920576,-0.96743844,-0.04496090,-3.02343062,-0.300025,0.004859,0.097198,-0.300000,0.004793,0.097243,0.014579,0.013691,0.000000,-0.00025205,0.00059759,0.99999943,0.00084972,1
18.140000,0.09114939,-0.16357558,-0.43180555,1.45920825,-0.97801131,-0.05117244,-3.02956759,-0.300029,0.002564,0.100050,-0.300000,0.002501,0.100095,0.012748,0.015410,0.000000,-0.00014532,0.00067252,0.99999943,0.00081797,1
18.160000,0.07644001,-0.15277411,-0.43063401,1.47752286,-0.98931056,-0.05686628,-3.03494731,-0.300032,0.000269,0.102902,-0.300000,0.000210,0.102946,0.010717,0.016887,0.000000,-0.00003632,0.00073684,0.99999943,0.00077330,1
18.180000,0.06300055,-0.14145737,-0.42953109,1.49409568,-1.00128679,-0.06201436,-3.03959054,-0.300034,-0.002027,0.105754,-0.300000,-0.002081,0.105798,0.008516,0.018097,0.000000,0.00007324,0.00078956,0.99999943,0.00071643,1
18.200000,0.05087353,-0.12977238,-0.42835696,1.50890412,-1.01388564,-0.06660032,-3.04353069,-0.300036,-0.004323,0.108606,-0.300000,-0.004373,0.108650,0.006180,0.019021,0.000000,0.00018164,0.00082984,0.99999943,0.00064824,1
18.220000,0.04008064,-0.11787245,-0.42697216,1.52195521,-1.02704990,-0.07061902,-3.04681230,-0.300038,-0.006619,0.111458,-0.300000,-0.006664,0.111502,0.003748,0.019646,0.000000,0.00028715,0.00085704,0.99999943,0.00056983,1
18.240000,0.03062320,-0.10591482,-0.42523918,1.53328315,-1.04072147,-0.07407555,-3.04948932,-0.300039,-0.008916,0.114310,-0.300000,-0.008956,0.114354,0.001256,0.019961,0.000000,0.00038813,0.00087076,0.99999943,0.00048243,1
18.260000,0.02248289,-0.09405831,-0.42302388,1.54294656,-1.05484275,-0.07698393,-3.05162321,-0.300039,-0.011212,0.117162,-0.300000,-0.011247,0.117206,-0.001256,0.019961,0.000000,0.00048298,0.00087076,0.99999943,0.00038743,1
18.280000,0.01562290,-0.08246104,-0.42019689,1.55102534,-1.06935782,-0.07936564,-3.05328114,-0.300039,-0.013508,0.120014,-0.300000,-0.013538,0.120058,-0.003748,0.019646,0.000000,0.00057020,0.00085704,0.99999943,0.00028633,1
18.300000,0.01099328,-0.07232975,-0.42412885,1.55641483,-1.07567245,-0.08149404,-3.05361888,-0.300076,-0.015529,0.121348,-0.300000,-0.015572,0.121390,-0.006180,0.019021,0.000000,0.00064844,0.00082984,0.99999943,0.00018072,1
18.320000,0.01024643,-0.06529919,-0.45124260,1.55720596,-1.05572491,-0.08412715,-3.05090265,-0.300037,-0.016789,0.117996,-0.300000,-0.016794,0.117942,-0.008516,0.018097,0.000000,0.00071645,0.00078956,0.99999943,0.00007227,1
18.340000,0.01063290,-0.05929136,-0.47773223,1.55671779,-1.03536103,-0.08631321,-3.04800744,-0.300034,-0.018016,0.114549,-0.300000,-0.018015,0.114493,-0.010717,0.016887,0.000000,0.00077317,0.00073684,0.99999943,-0.00003730,1
18.360000,0.01200093,-0.05424111,-0.50316958,1.55508440,-1.01507540,-0.08803110,-3.04496279,-0.300031,-0.019242,0.111100,-0.300000,-0.019237,0.111045,-0.012748,0.015410,0.000000,0.00081771,0.00067252,0.99999943,-0.00014626,1
18.380000,0.01429484,-0.05027078,-0.52743810,1.55232489,-0.99486369,-0.08924848,-3.04175652,-0.300028,-0.020468,0.107652,-0.300000,-0.020459,0.107597,-0.014579,0.013691,0.000000,0.00084938,0.00059759,0.99999943,-0.00025291,1
18.400000,0.01744375,-0.04749350,-0.55043520,1.54847482,-0.97471882,-0.08994093,-3.03838098,-0.300025,-0.021693,0.104203,-0.300000,-0.021680,0.104148,-0.016180,0.011756,0.000000,0.00086767,0.00051325,0.99999943,-0.00035556,1
18.420000,0.02136030,-0.04600768,-0.57206913,1.54358907,-0.95463933,-0.09009343,-3.03483464,-0.300021,-0.022918,0.100754,-0.300000,-0.022902,0.100700,-0.017526,0.009635,0.000000,0.00087229,0.00042080,0.99999943,-0.00045259,1
18.440000,0.02594152,-0.04589482,-0.59226053,1.53774267,-0.93462964,-0.08970141,-3.03112292,-0.300016,-0.024142,0.097306,-0.300000,-0.024124,0.097251,-0.018596,0.007362,0.000000,0.00086318,0.00032172,0.99999943,-0.00054247,1
18.460000,0.03106995,-0.04721764,-0.61094392,1.53103133,-0.91469974,-0.08877174,-3.02725910,-0.300012,-0.025366,0.093857,-0.300000,-0.025346,0.093803,-0.019372,0.004974,0.000000,0.00084047,0.00021755,0.99999943,-0.00062381,1
18.480000,0.03661496,-0.05001856,-0.62806922,1.52357196,-0.89486433,-0.08732368,-3.02326518,-0.300007,-0.026589,0.090409,-0.300000,-0.026567,0.090354,-0.019842,0.002507,0.000000,0.00080453,0.00010993,0.99999943,-0.00069530,1
18.500000,0.04243452,-0.05431855,-0.64360326,1.51550295,-0.87514161,-0.08538973,-3.01917265,-0.300002,-0.027811,0.086960,-0.300000,-0.027789,0.086906,-0.020000,0.000000,0.000000,0.00075592,0.00000057,0.99999943,-0.00075584,1
18.520000,0.04837702,-0.06011644,-0.65753103,1.50698416,-0.85555160,-0.08301616,-3.01502323,-0.299997,-0.029033,0.083512,-0.300000,-0.029011,0.083457,-0.019842,-0.002507,0.000000,0.00069540,-0.00010881,0.99999943,-0.00080447,1
18.540000,0.05389937,-0.06500538,-0.66356125,1.49926687,-0.84475443,-0.08048356,-3.01183048,-0.299985,-0.030274,0.081535,-0.300000,-0.030233,0.081472,-0.019372,-0.004974,0.000000,0.00062392,-0.00021650,0.99999943,-0.00084043,1
18.560000,0.05815534,-0.06287657,-0.64518229,1.49521025,-0.86523822,-0.07846786,-3.01226657,-0.299987,-0.031473,0.084867,-0.300000,-0.031454,0.084921,-0.018596,-0.007362,0.000000,0.00054260,-0.00032078,0.99999943,-0.00086316,1
18.580000,0.06171661,-0.06191999,-0.62497736,1.49218482,-0.88632374,-0.07665322,-3.01337371,-0.299983,-0.032693,0.088314,-0.300000,-0.032676,0.088369,-0.017526,-0.009635,0.000000,0.00045273,-0.00042001,0.99999943,-0.00087229,1
18.600000,0.06457003,-0.06228357,-0.60347808,1.49010530,-0.90733158,-0.07499845,-3.01505157,-0.299978,-0.033912,0.091762,-0.300000,-0.033898,0.091818,-0.016180,-0.011756,0.000000,0.00035570,-0.00051263,0.99999943,-0.00086768,1
18.620000,0.06661491,-0.06389339,-0.58078710,1.48904238,-0.92823098,-0.07350682,-3.01729117,-0.299974,-0.035131,0.095211,-0.300000,-0.035119,0.095266,-0.014579,-0.013691,0.000000,0.00025307,-0.00059717,0.99999943,-0.00084941,1
18.640000,0.06776538,-0.06665620,-0.55700971,1.48904850,-0.94901076,-0.07217552,-3.02007333,-0.299971,-0.036349,0.098659,-0.300000,-0.036341,0.098715,-0.012748,-0.015410,0.000000,0.00014642,-0.00067228,0.99999943,-0.00081777,1
18.660000,0.06795272,-0.07046398,-0.53225929,1.49015625,-0.96966945,-0.07099597,-3.02336861,-0.299968,-0.037567,0.102107,-0.300000,-0.037563,0.102163,-0.010717,-0.016887,0.000000,0.00003746,-0.00073679,0.99999943,-0.00077325,1
18.680000,0.06712580,-0.07519607,-0.50665584,1.49237935,-0.99021453,-0.06995483,-3.02713857,-0.299965,-0.038784,0.105556,-0.300000,-0.038785,0.105611,-0.008516,-0.018097,0.000000,-0.00007211,-0.00078966,0.99999943,-0.00071654,1
18.700000,0.06525139,-0.08072147,-0.48032452,1.49571361,-1.01066138,-0.06903486,-3.03133713,-0.299963,-0.040001,0.109004,-0.300000,-0.040006,0.109060,-0.006180,-0.019021,0.000000,-0.00018056,-0.00083007,0.99999943,-0.00064854,1
18.720000,0.06231415,-0.08690118,-0.45339409,1.50013784,-1.03103193,-0.06821565,-3.03591176,-0.299961,-0.041218,0.112453,-0.300000,-0.041228,0.112508,-0.003748,-0.019646,0.000000,-0.00028618,-0.00085737,0.99999943,-0.00057032,1
18.740000,0.05831648,-0.09359068,-0.42599550,1.50561482,-1.05135298,-0.06747438,-3.04080468,-0.299960,-0.042435,0.115901,-0.300000,-0.042450,0.115957,-0.001256,-0.019961,0.000000,-0.00038729,-0.00087113,0.99999943,-0.00048311,1
18.760000,0.05327812,-0.10064249,-0.39826044,1.51209230,-1.07165445,-0.06678646,-3.04595399,-0.299960,-0.043652,0.119350,-0.300000,-0.043672,0.119405,0.001256,-0.019961,0.000000,-0.00048230,-0.00087113,0.99999943,-0.00038827,1
18.780000,0.04893459,-0.10865926,-0.37643621,1.51739815,-1.08515129,-0.06600210,-3.05012477,-0.299961,-0.044428,0.121555,-0.300000,-0.044446,0.121591,0.003748,-0.019646,0.000000,-0.00056971,-0.00085737,0.99999943,-0.00028731,1
18.800000,0.05117967,-0.12004312,-0.38196265,1.51428219,-1.06816966,-0.06483148,-3.04921336,-0.299961,-0.043232,0.118195,-0.300000,-0.043224,0.118142,0.006180,-0.019021,0.000000,-0.00064813,-0.00083007,0.99999943,-0.00018180,1
18.820000,0.05251105,-0.13131704,-0.38806700,1.51209811,-1.05072349,-0.06391493,-3.04840706,-0.299963,-0.042006,0.114748,-0.300000,-0.042002,0.114694,0.008516,-0.018097,0.000000,-0.00071633,-0.00078966,0.99999943,-0.00007341,1
18.840000,0.05283228,-0.14228525,-0.39452305,1.51099741,-1.03322862,-0.06330974,-3.04778560,-0.299965,-0.040780,0.111300,-0.300000,-0.040781,0.111246,0.010717,-0.016887,0.000000,-0.00077323,-0.00073679,0.99999943,0.00003616,1
18.860000,0.05217976,-0.15281376,-0.40150807,1.51097041,-1.01564062,-0.06305905,-3.04734467,-0.299967,-0.039554,0.107851,-0.300000,-0.039559,0.107797,0.012748,-0.015410,0.000000,-0.00081791,-0.00067228,0.99999943,0.00014516,1
18.880000,0.05060902,-0.16278182,-0.40919230,1.51198654,-0.99791060,-0.06319872,-3.04707464,-0.299971,-0.038328,0.104403,-0.300000,-0.038337,0.104349,0.014579,-0.013691,0.000000,-0.00084968,-0.00059717,0.99999943,0.00025190,1
18.900000,0.04819250,-0.17208301,-0.41772980,1.51399643,-0.97999340,-0.06375653,-3.04696180,-0.299974,-0.037103,0.100955,-0.300000,-0.037116,0.100900,0.016180,-0.011756,0.000000,-0.00086803,-0.00051263,0.99999943,0.00035467,1
18.920000,0.04501898,-0.18062705,-0.42725550,1.51693164,-0.96184846,-0.06475114,-3.04698829,-0.299978,-0.035878,0.097506,-0.300000,-0.035894,0.097452,0.017526,-0.009635,0.000000,-0.00087267,-0.00042001,0.99999943,0.00045185,1
18.940000,0.04119274,-0.18834139,-0.43788276,1.52070454,-0.94344039,-0.06619102,-3.04713192,-0.299983,-0.034654,0.094058,-0.300000,-0.034672,0.094003,0.018596,-0.007362,0.000000,-0.00086353,-0.00032078,0.99999943,0.00054192,1
18.960000,0.03683256,-0.19517264,-0.44970127,1.52520824,-0.92473915,-0.06807340,-3.04736587,-0.299987,-0.033430,0.090610,-0.300000,-0.033450,0.090555,0.019372,-0.004974,0.000000,-0.00084075,-0.00021650,0.99999943,0.00062344,1
18.980000,0.03207038,-0.20108767,-0.46277544,1.53031650,-0.90572003,-0.07038324,-3.04765822,-0.299992,-0.032207,0.087162,-0.300000,-0.032229,0.087106,0.019842,-0.002507,0.000000,-0.00080469,-0.00010881,0.99999943,0.00069513,1
19.000000,0.02704981,-0.20607436,-0.47714330,1.53588371,-0.88636330,-0.07309221,-3.04797139,-0.299997,-0.030985,0.083713,-0.300000,-0.031007,0.083658,0.020000,-0.000000,0.000000,-0.00075592,0.00000057,0.99999943,0.00075584,1
19.020000,0.02192438,-0.21014213,-0.49281578,1.54174487,-0.86665374,-0.07615777,-3.04826134,-0.300002,-0.029764,0.080265,-0.300000,-0.029785,0.080210,0.019842,0.002507,0.000000,-0.00069522,0.00010993,0.99999943,0.00080462,1
19.040000,0.01685553,-0.21332196,-0.50977654,1.54771543,-0.84658005,-0.07952230,-3.04847668,-0.300007,-0.028543,0.076817,-0.300000,-0.028563,0.076761,0.019372,0.004974,0.000000,-0.00062355,0.00021755,0.99999943,0.00084070,1
19.060000,0.01201054,-0.21566610,-0.52798229,1.55359114,-0.82613434,-0.08311228,-3.04855759,-0.300012,-0.027322,0.073369,-0.300000,-0.027342,0.073313,0.018596,0.007362,0.000000,-0.00054205,0.00032172,0.99999943,0.00086350,1
19.080000,0.00756019,-0.21724742,-0.54736338,1.55914770,-0.80531179,-0.08683762,-3.04843455,-0.300016,-0.026102,0.069920,-0.300000,-0.026120,0.069864,0.017526,0.009635,0.000000,-0.00045199,0.00042080,0.99999943,0.00087267,1
19.100000,0.00367643,-0.21815831,-0.56782485,1.56414014,-0.78411064,-0.09059095,-3.04802694,-0.300021,-0.024883,0.066472,-0.300000,-0.024898,0.066416,0.016180,0.011756,0.000000,-0.00035481,0.00051325,0.99999943,0.00086805,1
19.120000,0.00052991,-0.21850922,-0.58924764,1.56830191,-0.76253268,-0.09424710,-3.04724141,-0.300025,-0.023665,0.063024,-0.300000,-0.023677,0.062967,0.014579,0.013691,0.000000,-0.00025205,0.00059759,0.99999943,0.00084972,1
19.140000,-0.00450795,-0.21699692,-0.60936811,1.57546752,-0.74414149,-0.09893413,-3.04772932,-0.300028,-0.023091,0.060207,-0.300000,-0.023109,0.060161,0.012748,0.015410,0.000000,-0.00014532,0.00067252,0.99999943,0.00081797,1
19.160000,-0.02566002,-0.20604827,-0.61681093,1.60635793,-0.74817145,-0.11092546,-3.05828375,-0.300032,-0.026505,0.061295,-0.300000,-0.026582,0.061313,0.010717,0.016887,0.000000,-0.00003632,0.00073684,0.99999943,0.00077330,1
19.180000,-0.04568028,-0.19430891,-0.62414834,1.63528076,-0.75351582,-0.12222747,-3.06786578,-0.300035,-0.029981,0.062447,-0.300000,-0.030054,0.062465,0.008516,0.018097,0.000000,0.00007324,0.00078956,0.99999943,0.00071643,1
19.200000,-0.06422788,-0.18207871,-0.63145790,1.66171715,-0.75968289,-0.13262814,-3.07629609,-0.300037,-0.033458,0.063599,-0.300000,-0.033527,0.063617,0.006180,0.019021,0.000000,0.00018164,0.00082984,0.99999943,0.00064824,1
19.220000,-0.08124914,-0.16952499,-0.63861897,1.68559507,-0.76652099,-0.14206222,-3.08358766,-0.300038,-0.036935,0.064751,-0.300000,-0.036999,0.064769,0.003748,0.019646,0.000000,0.00028715,0.00085704,0.99999943,0.00056983,1
19.240000,-0.09672129,-0.15681472,-0.64551153,1.70690917,-0.77388818,-0.15049653,-3.08978127,-0.300039,-0.040412,0.065902,-0.300000,-0.040471,0.065921,0.001256,0.019961,0.000000,0.00038813,0.00087076,0.99999943,0.00048243,1
19.260000,-0.11064762,-0.14411416,-0.65201968,1.72570798,-0.78165201,-0.15792538,-3.09493867,-0.300040,-0.043890,0.067054,-0.300000,-0.043944,0.067072,-0.001256,0.019961,0.000000,0.00048298,0.00087076,0.99999943,0.00038743,1
19.280000,-0.12305589,-0.13158667,-0.65803181,1.74208526,-0.78969336,-0.16436635,-3.09913784,-0.300039,-0.047367,0.068206,-0.300000,-0.047416,0.068224,-0.003748,0.019646,0.000000,0.00057020,0.00085704,0.99999943,0.00028633,1
19.300000,-0.13399658,-0.11939054,-0.66344073,1.75617152,-0.79790913,-0.16985578,-3.10246866,-0.300038,-0.050845,0.069358,-0.300000,-0.050888,0.069376,-0.006180,0.019021,0.000000,0.00064844,0.00082984,0.99999943,0.00018072,1
19.320000,-0.14354085,-0.10767686,-0.66814390,1.76812612,-0.80621363,-0.17444440,-3.10502905,-0.300037,-0.054322,0.070510,-0.300000,-0.054361,0.070528,-0.008516,0.018097,0.000000,0.00071645,0.00078956,0.99999943,0.00007227,1
19.340000,-0.15177853,-0.09658759,-0.67204379,1.77813044,-0.81453910,-0.17819331,-3.10692175,-0.300035,-0.057798,0.071662,-0.300000,-0.057833,0.071680,-0.010717,0.016887,0.000000,0.00077317,0.00073684,0.99999943,-0.00003730,1
19.360000,-0.15870550,-0.08641759,-0.67500416,1.78625512,-0.82270040,-0.18112601,-3.10823275,-0.300064,-0.061245,0.072796,-0.300000,-0.061305,0.072832,-0.012748,0.015410,0.000000,0.00081771,0.00067252,0.99999943,-0.00014626,1
19.380000,-0.16467699,-0.07694830,-0.67704135,1.79298254,-0.83093205,-0.18341333,-3.10911088,-0.300058,-0.064724,0.073947,-0.300000,-0.064778,0.073984,-0.014579,0.013691,0.000000,0.00084938,0.00059759,0.99999943,-0.00025291,1
19.400000,-0.16970376,-0.06844927,-0.67802108,1.79838291,-0.83908901,-0.18507605,-3.10963272,-0.300051,-0.068203,0.075099,-0.300000,-0.068250,0.075136,-0.016180,0.011756,0.000000,0.00086767,0.00051325,0.99999943,-0.00035556,1
19.420000,-0.17392513,-0.06101390,-0.67787011,1.80267171,-0.84716460,-0.18618721,-3.10989705,-0.300043,-0.071681,0.076250,-0.300000,-0.071723,0.076288,-0.017526,0.009635,0.000000,0.00087229,0.00042080,0.99999943,-0.00045259,1
19.440000,-0.17749205,-0.05471349,-0.67652496,1.80606957,-0.85516979,-0.18682020,-3.10999872,-0.300034,-0.075158,0.077402,-0.300000,-0.075195,0.077440,-0.018596,0.007362,0.000000,0.00086318,0.00032172,0.99999943,-0.00054247,1
19.460000,-0.18056136,-0.04960117,-0.67393118,1.80879558,-0.86312796,-0.18704628,-3.11002691,-0.300025,-0.078634,0.078554,-0.300000,-0.078667,0.078592,-0.019372,0.004974,0.000000,0.00084047,0.00021755,0.99999943,-0.00062381,1
19.480000,-0.18329342,-0.04571127,-0.67004412,1.81106476,-0.87107344,-0.18693365,-3.11006425,-0.300015,-0.082109,0.079706,-0.300000,-0.082140,0.079744,-0.019842,0.002507,0.000000,0.00080453,0.00010993,0.99999943,-0.00069530,1
19.500000,-0.18385338,-0.04287181,-0.66361809,1.81024905,-0.88009894,-0.18543880,-3.10922498,-0.300005,-0.085129,0.081185,-0.300000,-0.085144,0.081234,-0.020000,0.000000,0.000000,0.00075592,0.00000057,0.99999943,-0.00075584,1
19.520000,-0.17152082,-0.04005600,-0.64766531,1.79135128,-0.89647763,-0.17675748,-3.10254555,-0.299998,-0.085182,0.084834,-0.300000,-0.085144,0.084893,-0.019842,-0.002507,0.000000,0.00069540,-0.00010881,0.99999943,-0.00080447,1
19.540000,-0.15945715,-0.03855779,-0.63012072,1.77329840,-0.91339384,-0.16837416,-3.09654507,-0.299993,-0.085182,0.088492,-0.300000,-0.085144,0.088551,-0.019372,-0.004974,0.000000,0.00062392,-0.00021650,0.99999943,-0.00084043,1
19.560000,-0.14800630,-0.03832971,-0.61102231,1.75648708,-0.93086847,-0.16039534,-3.09133859,-0.299988,-0.085181,0.092150,-0.300000,-0.085144,0.092209,-0.018596,-0.007362,0.000000,0.00054260,-0.00032078,0.99999943,-0.00086316,1
19.580000,-0.13729683,-0.03933406,-0.59040429,1.74102963,-0.94888339,-0.15283500,-3.08694840,-0.299983,-0.085179,0.095809,-0.300000,-0.085144,0.095868,-0.017526,-0.009635,0.000000,0.00045273,-0.00042001,0.99999943,-0.00087229,1
19.600000,-0.12744102,-0.04151858,-0.56831818,1.72701107,-0.96741474,-0.14569666,-3.08338122,-0.299979,-0.085177,0.099467,-0.300000,-0.085144,0.099526,-0.016180,-0.011756,0.000000,0.00035570,-0.00051263,0.99999943,-0.00086768,1
19.620000,-0.11853625,-0.04481670,-0.54483190,1.71449254,-0.98643542,-0.13897494,-3.08062971,-0.299975,-0.085174,0.103126,-0.300000,-0.085144,0.103185,-0.014579,-0.013691,0.000000,0.00025307,-0.00059717,0.99999943,-0.00084941,1
19.640000,-0.11066363,-0.04914834,-0.52002832,1.70351176,-1.00591718,-0.13265622,-3.07867327,-0.299971,-0.085170,0.106784,-0.300000,-0.085144,0.106843,-0.012748,-0.015410,0.000000,0.00014642,-0.00067228,0.99999943,-0.00081777,1
19.660000,-0.10388708,-0.05442116,-0.49400359,1.69408381,-1.02583219,-0.12671957,-3.07747917,-0.299968,-0.085166,0.110442,-0.300000,-0.085144,0.110502,-0.010717,-0.016887,0.000000,0.00003746,-0.00073679,0.99999943,-0.00077325,1
19.680000,-0.09825264,-0.06053186,-0.46686549,1.68620244,-1.04615419,-0.12113782,-3.07700395,-0.299965,-0.085162,0.114101,-0.300000,-0.085144,0.114160,-0.008516,-0.018097,0.000000,-0.00007211,-0.00078966,0.99999943,-0.00071654,1
19.700000,-0.09378814,-0.06736784,-0.43873164,1.67984161,-1.06685912,-0.11587875,-3.07719490,-0.299963,-0.085157,0.117759,-0.300000,-0.085144,0.117819,-0.006180,-0.019021,0.000000,-0.00018056,-0.00083007,0.99999943,-0.00064854,1
19.720000,-0.09050323,-0.07480898,-0.40972778,1.67495726,-1.08792524,-0.11090631,-3.07799168,-0.299961,-0.085153,0.121418,-0.300000,-0.085144,0.121477,-0.003748,-0.019646,0.000000,-0.00028618,-0.00085737,0.99999943,-0.00057032,1
19.740000,-0.08838963,-0.08272951,-0.37998602,1.67148909,-1.10933290,-0.10618184,-3.07932797,-0.299960,-0.085148,0.125076,-0.300000,-0.085144,0.125136,-0.001256,-0.019961,0.000000,-0.00038729,-0.00087113,0.99999943,-0.00048311,1
19.760000,-0.08742172,-0.09100006,-0.34964319,1.66936254,-1.13106392,-0.10166531,-3.08113302,-0.299960,-0.085143,0.128735,-0.300000,-0.085144,0.128794,0.001256,-0.019961,0.000000,-0.00048230,-0.00087113,0.99999943,-0.00038827,1
19.780000,-0.08755737,-0.09948959,-0.31883919,1.66849063,-1.15310080,-0.09731647,-3.08333326,-0.299960,-0.085138,0.132393,-0.300000,-0.085144,0.132453,0.003748,-0.019646,0.000000,-0.00056971,-0.00085737,0.99999943,-0.00028731,1
19.800000,-0.08873891,-0.10806753,-0.28771535,1.66877592,-1.17542569,-0.09309596,-3.08585377,-0.299961,-0.085133,0.136052,-0.300000,-0.085144,0.136111,0.006180,-0.019021,0.000000,-0.00064813,-0.00083007,0.99999943,-0.00018180,1
19.820000,-0.09089447,-0.11660565,-0.25641295,1.67011234,-1.19801952,-0.08896638,-3.08861973,-0.299963,-0.085128,0.139711,-0.300000,-0.085144,0.139769,0.008516,-0.018097,0.000000,-0.00071633,-0.00078966,0.99999943,-0.00007341,1
19.840000,-0.10546912,-0.12473823,-0.24935906,1.68568893,-1.19739700,-0.09072113,-3.09284680,-0.299966,-0.088266,0.138767,-0.300000,-0.088337,0.138753,0.010717,-0.016887,0.000000,-0.00077323,-0.00073679,0.99999943,0.00003616,1
19.860000,-0.12195785,-0.13218997,-0.24445052,1.70337597,-1.19552381,-0.09320012,-3.09731904,-0.299968,-0.091665,0.137442,-0.300000,-0.091744,0.137422,0.012748,-0.015410,0.000000,-0.00081791,-0.00067228,0.99999943,0.00014516,1
19.880000,-0.13934036,-0.13884378,-0.23982212,1.72199349,-1.19435356,-0.09592218,-3.10188236,-0.299971,-0.095069,0.136111,-0.300000,-0.095152,0.136090,0.014579,-0.013691,0.000000,-0.00084968,-0.00059717,0.99999943,0.00025190,1
19.900000,-0.15749941,-0.14458788,-0.23555581,1.74140220,-1.19392531,-0.09886114,-3.10647736,-0.299975,-0.098473,0.134780,-0.300000,-0.098560,0.134759,0.016180,-0.011756,0.000000,-0.00086803,-0.00051263,0.99999943,0.00035467,1
19.920000,-0.17631861,-0.14932580,-0.23175648,1.76146464,-1.19423595,-0.10199343,-3.11104455,-0.299979,-0.101878,0.133449,-0.300000,-0.101967,0.133428,0.017526,-0.009635,0.000000,-0.00087267,-0.00042001,0.99999943,0.00045185,1
19.940000,-0.19566994,-0.15297808,-0.22852125,1.78203141,-1.19526765,-0.10529155,-3.11552422,-0.299983,-0.105283,0.132118,-0.300000,-0.105375,0.132097,0.018596,-0.007362,0.000000,-0.00086353,-0.00032078,0.99999943,0.00054192,1
19.960000,-0.21541626,-0.15548355,-0.22593780,1.80294479,-1.19698792,-0.10872522,-3.11985836,-0.299988,-0.108689,0.130787,-0.300000,-0.108783,0.130766,0.019372,-0.004974,0.000000,-0.00084075,-0.00021650,0.99999943,0.00062344,1
19.980000,-0.23541425,-0.15680017,-0.22408330,1.82404291,-1.19934984,-0.11226276,-3.12399280,-0.299993,-0.112096,0.129456,-0.300000,-0.112191,0.129435,0.019842,-0.002507,0.000000,-0.00080469,-0.00010881,0.99999943,0.00069513,1
20.000000,-0.25551760,-0.15690554,-0.22302352,1.84516398,-1.20229293,-0.11587259,-3.12787908,-0.299998,-0.115503,0.128125,-0.300000,-0.115598,0.128104,0.020000,-0.000000,0.000000,-0.00075592,0.00000057,0.99999943,0.00075584,1
20.020000,-0.27558016,-0.15579703,-0.22281205,1.86615044,-1.20574458,-0.11952450,-3.13147612,-0.300003,-0.118911,0.126794,-0.300000,-0.119006,0.126773,0.019842,0.002507,0.000000,-0.00069522,0.00010993,0.99999943,0.00080462,1
20.040000,-0.29545915,-0.15349146,-0.22348973,1.88685260,-1.20962191,-0.12319090,-3.13475161,-0.300007,-0.122319,0.125463,-0.300000,-0.122414,0.125441,0.019372,0.004974,0.000000,-0.00062355,0.00021755,0.99999943,0.00084070,1
20.060000,-0.31501801,-0.15002459,-0.22508416,1.90713185,-1.21383415,-0.12684766,-3.13768285,-0.300012,-0.125729,0.124132,-0.300000,-0.125821,0.124110,0.018596,0.007362,0.000000,-0.00054205,0.00032172,0.99999943,0.00086350,1
20.080000,-0.33412906,-0.14545012,-0.22760937,1.92686322,-1.21828518,-0.13047477,-3.14025728,-0.300017,-0.129138,0.122801,-0.300000,-0.129229,0.122779,0.017526,0.009635,0.000000,-0.00045199,0.00042080,0.99999943,0.00087267,1
20.100000,-0.35267572,-0.13983861,-0.23106568,1.94593722,-1.22287619,-0.13405664,-3.14247244,-0.300021,-0.132548,0.121470,-0.300000,-0.132637,0.121448,0.016180,0.011756,0.000000,-0.00035481,0.00051325,0.99999943,0.00086805,1
20.120000,-0.37055430,-0.13327606,-0.23543955,1.96426102,-1.22750833,-0.13758201,-3.14433560,-0.300025,-0.135959,0.120139,-0.300000,-0.136044,0.120117,0.014579,0.013691,0.000000,-0.00025205,0.00059759,0.99999943,0.00084972,1
20.140000,-0.38767532,-0.12586235,-0.24070371,1.98175902,-1.23208516,-0.14104372,-3.14586297,-0.300029,-0.139371,0.118808,-0.300000,-0.139452,0.118786,0.012748,0.015410,0.000000,-0.00014532,0.00067252,0.99999943,0.00081797,1
20.160000,-0.40396442,-0.11770959,-0.24681729,1.99837289,-1.23651487,-0.14443822,-3.14707872,-0.300032,-0.142782,0.117476,-0.300000,-0.142860,0.117455,0.010717,0.016887,0.000000,-0.00003632,0.00073684,0.99999943,0.00077330,1
20.180000,-0.41638253,-0.10902682,-0.25336223,2.01090637,-1.24051148,-0.14715309,-3.14748981,-0.300034,-0.145366,0.116569,-0.300000,-0.145426,0.116554,0.008516,0.018097,0.000000,0.00007324,0.00078956,0.99999943,0.00071643,1
20.200000,-0.40789275,-0.10043305,-0.25834713,2.00139566,-1.24272265,-0.14579499,-3.14419426,-0.300036,-0.142385,0.118507,-0.300000,-0.142352,0.118537,0.006180,0.019021,0.000000,0.00018164,0.00082984,0.99999943,0.00064824,1
20.220000,-0.39821402,-0.09148991,-0.26412022,1.99074798,-1.24441514,-0.14444625,-3.14072131,-0.300038,-0.139317,0.120490,-0.300000,-0.139278,0.120520,0.003748,0.019646,0.000000,0.00028715,0.00085704,0.99999943,0.00056983,1
20.240000,-0.38762256,-0.08233363,-0.27051111,1.97924317,-1.24566444,-0.14311848,-3.13713136,-0.300039,-0.136248,0.122473,-0.300000,-0.136204,0.122504,0.001256,0.019961,0.000000,0.00038813,0.00087076,0.99999943,0.00048243,1
20.260000,-0.37949686,-0.07271746,-0.28984273,1.97201870,-1.23580285,-0.14593977,-3.13539347,-0.300039,-0.133379,0.122071,-0.300000,-0.133333,0.122064,-0.001256,0.019961,0.000000,0.00048298,0.00087076,0.99999943,0.00038743,1
20.280000,-0.37319384,-0.06307126,-0.31994331,1.96824595,-1.21624252,-0.15210199,-3.13523281,-0.300038,-0.130681,0.119635,-0.300000,-0.130632,0.119596,-0.003748,0.019646,0.000000,0.00057020,0.00085704,0.99999943,0.00028633,1
20.300000,-0.36580798,-0.05396998,-0.35003638,1.96354360,-1.19594130,-0.15800010,-3.13498628,-0.300037,-0.127986,0.117167,-0.300000,-0.127932,0.117127,-0.006180,0.019021,0.000000,0.00064844,0.00082984,0.99999943,0.00018072,1
20.320000,-0.35728243,-0.04558348,-0.37974928,1.95780222,-1.17505721,-0.16350935,-3.13460276,-0.300035,-0.125290,0.114698,-0.300000,-0.125231,0.114659,-0.008516,0.018097,0.000000,0.00071645,0.00078956,0.99999943,0.00007227,1
20.340000,-0.35211776,-0.03793704,-0.40946979,1.95592029,-1.15391480,-0.16969364,-3.13508207,-0.300033,-0.123825,0.111688,-0.300000,-0.123781,0.111640,-0.010717,0.016887,0.000000,0.00077317,0.00073684,0.99999943,-0.00003730,1
20.360000,-0.35130833,-0.03115380,-0.43923601,1.95911495,-1.13260295,-0.17694444,-3.13682295,-0.300031,-0.123805,0.108040,-0.300000,-0.123781,0.107982,-0.012748,0.015410,0.000000,0.00081771,0.00067252,0.99999943,-0.00014626,1
20.380000,-0.34975521,-0.02552924,-0.46824113,1.96184971,-1.11079085,-0.18401245,-3.13872785,-0.300028,-0.123809,0.104381,-0.300000,-0.123781,0.104323,-0.014579,0.013691,0.000000,0.00084938,0.00059759,0.99999943,-0.00025291,1
20.400000,-0.34743446,-0.02119501,-0.49632431,1.96409243,-1.08848285,-0.19085485,-3.14078205,-0.300024,-0.123812,0.100723,-0.300000,-0.123781,0.100665,-0.016180,0.011756,0.000000,0.00086767,0.00051325,0.99999943,-0.00035556,1
20.420000,-0.34441731,-0.01826394,-0.52334194,1.96591349,-1.06570360,-0.19745537,-3.14299150,-0.300020,-0.123815,0.097064,-0.300000,-0.123781,0.097006,-0.017526,0.009635,0.000000,0.00087229,0.00042080,0.99999943,-0.00045259,1
20.440000,-0.34079019,-0.01682971,-0.54915886,1.96739779,-1.04249362,-0.20380426,-3.14536431,-0.300016,-0.123818,0.093406,-0.300000,-0.123781,0.093348,-0.018596,0.007362,0.000000,0.00086318,0.00032172,0.99999943,-0.00054247,1
20.460000,-0.34263235,-0.01560242,-0.56599536,1.97333561,-1.02850190,-0.20916442,-3.14809675,-0.300024,-0.125879,0.090661,-0.300000,-0.125867,0.090574,-0.019372,0.004974,0.000000,0.00084047,0.00021755,0.99999943,-0.00062381,1
20.480000,-0.34591454,-0.01536223,-0.57981244,1.98062762,-1.01672686,-0.21480931,-3.15000000,-0.300015,-0.128492,0.088110,-0.300000,-0.128496,0.088030,-0.019842,0.002507,0.000000,0.00080453,0.00010993,0.99999943,-0.00069530,1
20.500000,-0.34917553,-0.01669449,-0.59201153,1.98806116,-1.00503384,-0.22230164,-3.15000000,-0.300005,-0.131122,0.085566,-0.300000,-0.131125,0.085485,-0.020000,0.000000,0.000000,0.00075592,0.00000057,0.99999943,-0.00075584,1
20.520000,-0.35250775,-0.01945901,-0.60271629,1.99573885,-0.99346208,-0.23062688,-3.15000000,-0.299995,-0.133751,0.083021,-0.300000,-0.133754,0.082941,-0.019842,-0.002507,0.000000,0.00069540,-0.00010881,0.99999943,-0.00080447,1
20.540000,-0.35259297,-0.02080594,-0.59910959,1.99549674,-0.99546413,-0.23089840,-3.15000000,-0.299941,-0.136443,0.083309,-0.300000,-0.136470,0.083360,-0.019372,-0.004974,0.000000,0.00062392,-0.00021650,0.99999943,-0.00084043,1
20.560000,-0.35062592,-0.02196743,-0.58400077,1.98988354,-1.00760793,-0.22612259,-3.14761563,-0.299974,-0.139231,0.085667,-0.300000,-0.139243,0.085745,-0.018596,-0.007362,0.000000,0.00054260,-0.00032078,0.99999943,-0.00086316,1
20.580000,-0.34903494,-0.02410438,-0.56752751,1.98472433,-1.02022629,-0.22092957,-3.14516038,-0.299966,-0.142001,0.088052,-0.300000,-0.142017,0.088131,-0.017526,-0.009635,0.000000,0.00045273,-0.00042001,0.99999943,-0.00087229,1
20.600000,-0.34801491,-0.02735708,-0.54958599,1.98026735,-1.03331473,-0.21570310,-3.14305925,-0.299957,-0.144769,0.090438,-0.300000,-0.144790,0.090517,-0.016180,-0.011756,0.000000,0.00035570,-0.00051263,0.99999943,-0.00086768,1
20.620000,-0.34091640,-0.03190260,-0.52883712,1.96873171,-1.04654572,-0.20817318,-3.13929119,-0.299975,-0.145838,0.093648,-0.300000,-0.145825,0.093701,-0.014579,-0.013691,0.000000,0.00025307,-0.00059717,0.99999943,-0.00084941,1
20.640000,-0.33066113,-0.03743202,-0.50619039,1.95367896,-1.06014820,-0.19953709,-3.13487799,-0.299971,-0.145851,0.097300,-0.300000,-0.145825,0.097359,-0.012748,-0.015410,0.000000,0.00014642,-0.00067228,0.99999943,-0.00081777,1
20.660000,-0.32140968,-0.04379421,-0.48201980,1.93989457,-1.07479176,-0.19108477,-3.13104069,-0.299968,-0.145848,0.100958,-0.300000,-0.145825,0.101017,-0.010717,-0.016887,0.000000,0.00003746,-0.00073679,0.99999943,-0.00077325,1
20.680000,-0.31327961,-0.05089148,-0.45641872,1.92750487,-1.09046809,-0.18283772,-3.12778929,-0.299965,-0.145843,0.104616,-0.300000,-0.145825,0.104676,-0.008516,-0.018097,0.000000,-0.00007211,-0.00078966,0.99999943,-0.00071654,1
20.700000,-0.30630822,-0.05862021,-0.42948846,1.91654117,-1.10715196,-0.17479115,-3.12510512,-0.299963,-0.145839,0.108275,-0.300000,-0.145825,0.108334,-0.006180,-0.019021,0.000000,-0.00018056,-0.00083007,0.99999943,-0.00064854,1
20.720000,-0.30051284,-0.06687169,-0.40134235,1.90700975,-1.12480943,-0.16693299,-3.12295896,-0.299962,-0.145834,0.111934,-0.300000,-0.145825,0.111993,-0.003748,-0.019646,0.000000,-0.00028618,-0.00085737,0.99999943,-0.00057032,1
20.740000,-0.29589185,-0.07553360,-0.37210399,1.89889417,-1.14339922,-0.15924511,-3.12131238,-0.299961,-0.145829,0.115592,-0.300000,-0.145825,0.115651,-0.001256,-0.019961,0.000000,-0.00038729,-0.00087113,0.99999943,-0.00048311,1
20.760000,-0.29824966,-0.08559237,-0.37282567,1.90310967,-1.13334838,-0.16124636,-3.12444023,-0.299961,-0.145824,0.113318,-0.300000,-0.145825,0.113283,0.001256,-0.019961,0.000000,-0.00048230,-0.00087113,0.99999943,-0.00038827,1
20.780000,-0.30310673,-0.09598763,-0.37987678,1.91117937,-1.11742404,-0.16566874,-3.12888635,-0.299961,-0.145819,0.109681,-0.300000,-0.145825,0.109624,0.003748,-0.019646,0.000000,-0.00056971,-0.00085737,0.99999943,-0.00028731,1
20.800000,-0.30916621,-0.10629140,-0.38645508,1.92066486,-1.10232822,-0.17041550,-3.13367719,-0.299962,-0.145814,0.106023,-0.300000,-0.145825,0.105966,0.006180,-0.019021,0.000000,-0.00064813,-0.00083007,0.99999943,-0.00018180,1
20.820000,-0.31640466,-0.11632356,-0.39265278,1.93153665,-1.08817298,-0.17550437,-3.13879187,-0.299963,-0.145809,0.102365,-0.300000,-0.145825,0.102307,0.008516,-0.018097,0.000000,-0.00071633,-0.00078966,0.99999943,-0.00007341,1
20.840000,-0.32480053,-0.12591895,-0.39866936,1.94378498,-1.07495684,-0.18098176,-3.14422000,-0.299966,-0.145804,0.098707,-0.300000,-0.145825,0.098649,0.010717,-0.016887,0.000000,-0.00077323,-0.00073679,0.99999943,0.00003616,1
20.860000,-0.33431358,-0.13492445,-0.40470426,1.95737923,-1.06266506,-0.18688795,-3.14994568,-0.299968,-0.145800,0.095048,-0.300000,-0.145825,0.094991,0.012748,-0.015410,0.000000,-0.00081791,-0.00067228,0.99999943,0.00014516,1
20.880000,-0.34487903,-0.14374718,-0.41029646,1.97223622,-1.05137115,-0.19714425,-3.15000000,-0.299971,-0.145796,0.091390,-0.300000,-0.145825,0.091332,0.014579,-0.013691,0.000000,-0.00084968,-0.00059717,0.99999943,0.00025190,1
20.900000,-0.35641967,-0.15197302,-0.41596963,1.98828881,-1.04099349,-0.20970157,-3.15000000,-0.299975,-0.145792,0.087732,-0.300000,-0.145825,0.087674,0.016180,-0.011756,0.000000,-0.00086803,-0.00051263,0.99999943,0.00035467,1
20.920000,-0.36884347,-0.15931397,-0.42211968,2.00545284,-1.03144866,-0.22326360,-3.15000000,-0.299979,-0.145789,0.084073,-0.300000,-0.145825,0.084015,0.017526,-0.009635,0.000000,-0.00087267,-0.00042001,0.99999943,0.00045185,1
20.940000,-0.38281873,-0.16521404,-0.42662803,2.02376731,-1.02534074,-0.23670773,-3.15000000,-0.299984,-0.146165,0.080793,-0.300000,-0.146209,0.080741,0.018596,-0.007362,0.000000,-0.00086353,-0.00032078,0.99999943,0.00054192,1
20.960000,-0.40374801,-0.16629962,-0.41192983,2.04350952,-1.04267550,-0.24260142,-3.15000000,-0.299988,-0.149772,0.080741,-0.300000,-0.149868,0.080741,0.019372,-0.004974,0.000000,-0.00084075,-0.00021650,0.99999943,0.00062344,1
20.980000,-0.42467226,-0.16611462,-0.39766809,2.06275008,-1.06073480,-0.24682126,-3.15000000,-0.299992,-0.153429,0.080741,-0.300000,-0.153526,0.080741,0.019842,-0.002507,0.000000,-0.00080469,-0.00010881,0.99999943,0.00069513,1
21.000000,-0.44534019,-0.16477202,-0.38417440,2.08136959,-1.07902868,-0.24988441,-3.15000000,-0.299997,-0.157086,0.080741,-0.300000,-0.157185,0.080741,0.020000,0.000000,0.000000,-0.00075592,0.00000057,0.99999943,0.00075584,1
21.020000,-0.46560662,-0.16230004,-0.37152309,2.09928072,-1.09740195,-0.25188292,-3.15000000,-0.300002,-0.160745,0.080741,-0.300000,-0.160843,0.080741,0.019842,0.002507,0.000000,-0.00069522,0.00010993,0.99999943,0.00080462,1
21.040000,-0.48533940,-0.15873317,-0.35978376,2.11641384,-1.11570575,-0.25286129,-3.15000000,-0.300007,-0.164404,0.080741,-0.300000,-0.164501,0.080741,0.019372,0.004974,0.000000,-0.00062355,0.00021755,0.99999943,0.00084070,1
21.060000,-0.50441999,-0.15412004,-0.34901512,2.13271532,-1.13379751,-0.25287352,-3.15000000,-0.300012,-0.168064,0.080741,-0.300000,-0.168160,0.080741,0.018596,0.007362,0.000000,-0.00054205,0.00032172,0.99999943,0.00086350,1
21.080000,-0.52274482,-0.14852370,-0.33926231,2.14814583,-1.15154411,-0.25199016,-3.15000000,-0.300016,-0.171724,0.080741,-0.300000,-0.171818,0.080741,0.017526,0.009635,0.000000,-0.00045199,0.00042080,0.99999943,0.00087267,1
21.100000,-0.54022588,-0.14206460,-0.33050328,2.16267646,-1.16883132,-0.25060445,-3.14949123,-0.300020,-0.175385,0.080741,-0.300000,-0.175477,0.080741,0.016180,0.011756,0.000000,-0.00035481,0.00051325,0.99999943,0.00086805,1
21.120000,-0.54748949,-0.13502340,-0.31891721,2.16573542,-1.18624507,-0.24565873,-3.14594571,-0.300024,-0.177057,0.082732,-0.300000,-0.177114,0.082762,0.014579,0.013691,0.000000,-0.00025205,0.00059759,0.99999943,0.00084972,1
21.140000,-0.54636191,-0.12756120,-0.30539216,2.15972384,-1.20356157,-0.23820867,-3.14023185,-0.300028,-0.177086,0.086364,-0.300000,-0.177114,0.086420,0.012748,0.015410,0.000000,-0.00014532,0.00067252,0.99999943,0.00081797,1
21.160000,-0.54442782,-0.11965601,-0.29302864,2.15332107,-1.22019600,-0.23108079,-3.13453168,-0.300031,-0.177090,0.090022,-0.300000,-0.177114,0.090079,0.010717,0.016887,0.000000,-0.00003632,0.00073684,0.99999943,0.00077330,1
21.180000,-0.54175836,-0.11139721,-0.28179697,2.14658785,-1.23612649,-0.22430231,-3.12888737,-0.300034,-0.177095,0.093681,-0.300000,-0.177114,0.093737,0.008516,0.018097,0.000000,0.00007324,0.00078956,0.99999943,0.00071643,1
21.200000,-0.53832219,-0.10288626,-0.27159779,2.13946728,-1.25135520,-0.21785715,-3.12331372,-0.300036,-0.177099,0.097339,-0.300000,-0.177114,0.097396,0.006180,0.019021,0.000000,0.00018164,0.00082984,0.99999943,0.00064824,1
21.220000,-0.53409842,-0.09423303,-0.26231064,2.13191237,-1.26589714,-0.21172533,-3.11782720,-0.300037,-0.177104,0.100997,-0.300000,-0.177114,0.101054,0.003748,0.019646,0.000000,0.00028715,0.00085704,0.99999943,0.00056983,1
21.240000,-0.52907825,-0.08555438,-0.25379642,2.12388821,-1.27977914,-0.20588362,-3.11244573,-0.300038,-0.177109,0.104656,-0.300000,-0.177114,0.104713,0.001256,0.019961,0.000000,0.00038813,0.00087076,0.99999943,0.00048243,1
21.260000,-0.52326486,-0.07697267,-0.24589935,2.11537218,-1.29303902,-0.20030573,-3.10718810,-0.300039,-0.177114,0.108314,-0.300000,-0.177114,0.108371,-0.001256,0.019961,0.000000,0.00048298,0.00087076,0.99999943,0.00038743,1
21.280000,-0.51667329,-0.06861400,-0.23844930,2.10635407,-1.30572470,-0.19496271,-3.10207348,-0.300038,-0.177119,0.111972,-0.300000,-0.177114,0.112030,-0.003748,0.019646,0.000000,0.00057020,0.00085704,0.99999943,0.00028633,1
21.300000,-0.50933024,-0.06060643,-0.23126434,2.09683622,-1.31789339,-0.18982342,-3.09712108,-0.300038,-0.177124,0.115630,-0.300000,-0.177114,0.115688,-0.006180,0.019021,0.000000,0.00064844,0.00082984,0.99999943,0.00018072,1
21.320000,-0.50127388,-0.05307800,-0.22415345,2.08683348,-1.32961067,-0.18485505,-3.09234981,-0.300036,-0.177129,0.119289,-0.300000,-0.177114,0.119347,-0.008516,0.018097,0.000000,0.00071645,0.00078956,0.99999943,0.00007227,1
21.340000,-0.49255348,-0.04615480,-0.21691936,2.07637310,-1.34094968,-0.18002377,-3.08777810,-0.300034,-0.177134,0.122947,-0.300000,-0.177114,0.123005,-0.010717,0.016887,0.000000,0.00077317,0.00073684,0.99999943,-0.00003730,1
21.360000,-0.48322902,-0.03995896,-0.20936141,2.06549446,-1.35199024,-0.17529523,-3.08342372,-0.300031,-0.177138,0.126605,-0.300000,-0.177114,0.126663,-0.012748,0.015410,0.000000,0.00081771,0.00067252,0.99999943,-0.00014626,1
21.380000,-0.47337060,-0.03460671,-0.20127846,2.05424860,-1.36281800,-0.17063509,-3.07930375,-0.300028,-0.177142,0.130264,-0.300000,-0.177114,0.130322,-0.014579,0.013691,0.000000,0.00084938,0.00059759,0.99999943,-0.00025291,1
21.400000,-0.46305768,-0.03020652,-0.19247156,2.04269759,-1.37352360,-0.16600947,-3.07543449,-0.300025,-0.177145,0.133922,-0.300000,-0.177114,0.133980,-0.016180,0.011756,0.000000,0.00086767,0.00051325,0.99999943,-0.00035556,1
21.420000,-0.45237819,-0.02685736,-0.18274664,2.03091365,-1.38420181,-0.16138528,-3.07183146,-0.300021,-0.177148,0.137580,-0.300000,-0.177114,0.137639,-0.017526,0.009635,0.000000,0.00087229,0.00042080,0.99999943,-0.00045259,1
21.440000,-0.44474631,-0.02287132,-0.18696669,2.02339861,-1.38329311,-0.16129804,-3.07043434,-0.300033,-0.177188,0.138666,-0.300000,-0.177114,0.138703,-0.018596,0.007362,0.000000,0.00086318,0.00032172,0.99999943,-0.00054247,1
21.460000,-0.44243136,-0.01679445,-0.21765813,2.02343263,-1.36090953,-0.16937255,-3.07274981,-0.300011,-0.177153,0.135100,-0.300000,-0.177114,0.135044,-0.019372,0.004974,0.000000,0.00084047,0.00021755,0.99999943,-0.00062381,1
21.480000,-0.44006029,-0.01231922,-0.24710577,2.02370073,-1.33815147,-0.17728839,-3.07540354,-0.300006,-0.177154,0.131443,-0.300000,-0.177114,0.131386,-0.019842,0.002507,0.000000,0.00080453,0.00010993,0.99999943,-0.00069530,1
21.500000,-0.43752766,-0.00946771,-0.27486322,2.02405893,-1.31538999,-0.18491755,-3.07831481,-0.300001,-0.177155,0.127784,-0.300000,-0.177114,0.127727,-0.020000,0.000000,0.000000,0.00075592,0.00000057,0.99999943,-0.00075584,1
21.520000,-0.43493983,-0.00825223,-0.30085109,2.02460524,-1.29269845,-0.19226456,-3.08148039,-0.299997,-0.177155,0.124126,-0.300000,-0.177114,0.124069,-0.019842,-0.002507,0.000000,0.00069540,-0.00010881,0.99999943,-0.00080447,1
21.540000,-0.43241270,-0.00866160,-0.32501054,2.02544659,-1.27015886,-0.19934081,-3.08490031,-0.299992,-0.177154,0.120467,-0.300000,-0.177114,0.120410,-0.019372,-0.004974,0.000000,0.00062392,-0.00021650,0.99999943,-0.00084043,1
21.560000,-0.43006699,-0.01066007,-0.34729994,2.02669371,-1.24786547,-0.20616294,-3.08857666,-0.299987,-0.177152,0.116809,-0.300000,-0.177114,0.116752,-0.018596,-0.007362,0.000000,0.00054260,-0.00032078,0.99999943,-0.00086316,1
21.580000,-0.42928118,-0.01485403,-0.33583444,2.02505071,-1.25413187,-0.20322296,-3.08794673,-0.299967,-0.179794,0.117992,-0.300000,-0.179805,0.118033,-0.017526,-0.009635,0.000000,0.00045273,-0.00042001,0.99999943,-0.00087229,1
21.600000,-0.42913264,-0.02038965,-0.31759224,2.02332908,-1.26536853,-0.19853126,-3.08682122,-0.299957,-0.182850,0.119950,-0.300000,-0.182880,0.120016,-0.016180,-0.011756,0.000000,0.00035570,-0.00051263,0.99999943,-0.00086768,1
21.620000,-0.42954440,-0.02703589,-0.29751754,2.02215099,-1.27732847,-0.19354825,-3.08588957,-0.299949,-0.185917,0.121932,-0.300000,-0.185954,0.121999,-0.014579,-0.013691,0.000000,0.00025307,-0.00059717,0.99999943,-0.00084941,1
21.640000,-0.43191885,-0.03429024,-0.28285778,2.02382684,-1.28412673,-0.19060203,-3.08627868,-0.299942,-0.188879,0.122665,-0.300000,-0.188920,0.122692,-0.012748,-0.015410,0.000000,0.00014642,-0.00067228,0.99999943,-0.00081777,1
21.660000,-0.43845090,-0.04149305,-0.28420125,2.03187136,-1.27716688,-0.19321084,-3.08967500,-0.299968,-0.191600,0.120260,-0.300000,-0.191620,0.120223,-0.010717,-0.016887,0.000000,0.00003746,-0.00073679,0.99999943,-0.00077325,1
21.680000,-0.44586473,-0.04929035,-0.28444258,2.04078841,-1.27085976,-0.19577728,-3.09328002,-0.299966,-0.194296,0.117793,-0.300000,-0.194320,0.117755,-0.008516,-0.018097,0.000000,-0.00007211,-0.00078966,0.99999943,-0.00071654,1
21.700000,-0.45420431,-0.05766854,-0.28313205,2.05055135,-1.26563379,-0.19815802,-3.09702673,-0.299964,-0.196992,0.115325,-0.300000,-0.197021,0.115287,-0.006180,-0.019021,0.000000,-0.00018056,-0.00083007,0.99999943,-0.00064854,1
21.720000,-0.46238477,-0.06640904,-0.28297547,2.06039555,-1.25912789,-0.20103489,-3.10110111,-0.299962,-0.199168,0.112613,-0.300000,-0.199194,0.112572,-0.003748,-0.019646,0.000000,-0.00028618,-0.00085737,0.99999943,-0.00057032,1
21.740000,-0.46727930,-0.07527144,-0.29145867,2.06825610,-1.24446981,-0.20642262,-3.10615166,-0.299961,-0.199362,0.108974,-0.300000,-0.199361,0.108917,-0.001256,-0.019961,0.000000,-0.00038729,-0.00087113,0.99999943,-0.00048311,1
21.760000,-0.47316566,-0.08441201,-0.29880400,2.07716809,-1.23086727,-0.21178817,-3.11138002,-0.299961,-0.199525,0.105319,-0.300000,-0.199529,0.105262,0.001256,-0.019961,0.000000,-0.00048230,-0.00087113,0.99999943,-0.00038827,1
21.780000,-0.48013260,-0.09364522,-0.30503965,2.08718110,-1.21849956,-0.21712601,-3.11675468,-0.299961,-0.199688,0.101665,-0.300000,-0.199697,0.101608,0.003748,-0.019646,0.000000,-0.00056971,-0.00085737,0.99999943,-0.00028731,1
21.800000,-0.48818581,-0.10278609,-0.31035791,2.09828319,-1.20738630,-0.22246912,-3.12225345,-0.299962,-0.199851,0.098010,-0.300000,-0.199865,0.097953,0.006180,-0.019021,0.000000,-0.00064813,-0.00083007,0.99999943,-0.00018180,1
21.820000,-0.49398954,-0.11178361,-0.31700493,2.10739312,-1.19495737,-0.22799392,-3.12762925,-0.299964,-0.198956,0.094498,-0.300000,-0.198958,0.094443,0.008516,-0.018097,0.000000,-0.00071633,-0.00078966,0.99999943,-0.00007341,1
21.840000,-0.50005896,-0.12042360,-0.32363795,2.11685243,-1.18305574,-0.23362651,-3.13303430,-0.299966,-0.197829,0.091017,-0.300000,-0.197832,0.090962,0.010717,-0.016887,0.000000,-0.00077323,-0.00073679,0.99999943,0.00003616,1
21.860000,-0.50706860,-0.12852395,-0.33005326,2.12728102,-1.17217500,-0.23938329,-3.13850267,-0.299968,-0.196699,0.087536,-0.300000,-0.196706,0.087481,0.012748,-0.015410,0.000000,-0.00081791,-0.00067228,0.99999943,0.00014516,1
21.880000,-0.51497358,-0.13593940,-0.33647736,2.13863577,-1.16225865,-0.24530908,-3.14402054,-0.299972,-0.195569,0.084055,-0.300000,-0.195580,0.084000,0.014579,-0.013691,0.000000,-0.00084968,-0.00059717,0.99999943,0.00025190,1
21.900000,-0.51330881,-0.14249750,-0.33801825,2.13861445,-1.15494515,-0.24717217,-3.14634693,-0.299950,-0.192293,0.082873,-0.300000,-0.192252,0.082835,0.016180,-0.011756,0.000000,-0.00086803,-0.00051263,0.99999943,0.00035467,1
21.920000,-0.51105350,-0.14821927,-0.33964338,2.13779104,-1.14812947,-0.24873427,-3.14825510,-0.299957,-0.188762,0.081917,-0.300000,-0.188719,0.081885,0.017526,-0.009635,0.000000,-0.00087267,-0.00042001,0.99999943,0.00045185,1
21.940000,-0.50921820,-0.15290288,-0.34209628,2.13736485,-1.14161049,-0.25045534,-3.15000000,-0.299966,-0.185225,0.080967,-0.300000,-0.185186,0.080935,0.018596,-0.007362,0.000000,-0.00086353,-0.00032078,0.99999943,0.00054192,1
21.960000,-0.50528259,-0.15562878,-0.33131650,2.13099445,-1.14741839,-0.24603377,-3.14807068,-0.299975,-0.182384,0.082709,-0.300000,-0.182372,0.082764,0.019372,-0.004974,0.000000,-0.00084075,-0.00021650,0.99999943,0.00062344,1
21.980000,-0.50094513,-0.15701050,-0.31756348,2.12323549,-1.15688077,-0.24006964,-3.14506336,-0.299985,-0.179746,0.085228,-0.300000,-0.179743,0.085308,0.019842,-0.002507,0.000000,-0.00080469,-0.00010881,0.99999943,0.00069513,1
22.000000,-0.49677346,-0.15727997,-0.30496134,2.11577085,-1.16646312,-0.23439354,-3.14199726,-0.299995,-0.177116,0.087772,-0.300000,-0.177114,0.087852,0.020000,-0.000000,0.000000,-0.00075592,0.00000057,0.99999943,0.00075584,1
22.020000,0.13993085,-0.12328385,-0.47331211,1.40214125,-0.98077398,-0.09608960,-2.95108432,-0.280307,0.002786,0.099548,-0.280296,0.002871,0.099583,0.019842,0.002507,0.000000,-0.00069525,0.00010977,0.99999959,0.00057058,0
22.040000,0.13993085,-0.12328385,-0.47331211,1.40214125,-0.98077398,-0.09608960,-2.95108432,-0.280764,0.004878,0.099591,-0.280753,0.004964,0.099626,0.019372,0.004974,0.000000,-0.00062376,0.00021697,0.99999978,-0.00008921,0
22.060000,0.13993085,-0.12328385,-0.47331211,1.40214125,-0.98077398,-0.09608960,-2.95108432,-0.281523,0.006612,0.099640,-0.281512,0.006698,0.099675,0.018596,0.007362,0.000000,-0.00054271,0.00032059,0.99999906,-0.00121466,0
22.080000,0.13993085,-0.12328385,-0.47331211,1.40214125,-0.98077398,-0.09608960,-2.95108432,-0.282571,0.007955,0.099694,-0.282560,0.008041,0.099729,0.017526,0.009635,0.000000,-0.00045353,0.00041914,0.99999590,-0.00279671,0
22.100000,0.13993085,-0.12328385,-0.47331211,1.40214125,-0.98077398,-0.09608960,-2.95108432,-0.283888,0.008876,0.099752,-0.283878,0.008962,0.099787,0.016180,0.011756,0.000000,-0.00035773,0.00051122,0.99998816,-0.00482607,0
22.120000,0.13993085,-0.12328385,-0.47331211,1.40214125,-0.98077398,-0.09608960,-2.95108432,-0.285451,0.009348,0.099813,-0.285441,0.009434,0.099848,0.014579,0.013691,0.000000,-0.00025691,0.00059552,0.99997319,-0.00729323,0
22.140000,0.13993085,-0.12328385,-0.47331211,1.40214125,-0.98077398,-0.09608960,-2.95108432,-0.287230,0.009346,0.099877,-0.287221,0.009431,0.099912,0.012748,0.015410,0.000000,-0.00015272,0.00067088,0.99994786,-0.01018842,0
22.160000,0.13993085,-0.12328385,-0.47331211,1.40214125,-0.98077398,-0.09608960,-2.95108432,-0.289194,0.008848,0.099943,-0.289185,0.008933,0.099978,0.010717,0.016887,0.000000,-0.00004683,0.00073625,0.99990858,-0.01350168,0
22.180000,0.13993085,-0.12328385,-0.47331211,1.40214125,-0.98077398,-0.09608960,-2.95108432,-0.291306,0.007837,0.100009,-0.291297,0.007923,0.100043,0.008516,0.018097,0.000000,0.00005907,0.00079075,0.99985136,-0.01722278,0
22.200000,0.13993085,-0.12328385,-0.47331211,1.40214125,-0.98077398,-0.09608960,-2.95108432,-0.293525,0.006301,0.100074,-0.293517,0.006387,0.100109,0.006180,0.019021,0.000000,0.00016335,0.00083363,0.99977189,-0.02134128,0
22.220000,0.13993085,-0.12328385,-0.47331211,1.40214125,-0.98077398,-0.09608960,-2.95108432,-0.295810,0.004231,0.100137,-0.295803,0.004317,0.100172,0.003748,0.019646,0.000000,0.00026441,0.00086433,0.99966551,-0.02584650,0
22.240000,0.13993085,-0.12328385,-0.47331211,1.40214125,-0.98077398,-0.09608960,-2.95108432,-0.298117,0.001625,0.100198,-0.298111,0.001712,0.100232,0.001256,0.019961,0.000000,0.00036076,0.00088244,0.99952734,-0.03072758,0
22.260000,0.13993085,-0.12328385,-0.47331211,1.40214125,-0.98077398,-0.09608960,-2.95108432,-0.300400,-0.001515,0.100255,-0.300395,-0.001429,0.100289,-0.001256,0.019961,0.000000,0.00045099,0.00088774,0.99935225,-0.03597343,0
22.280000,0.13993085,-0.12328385,-0.47331211,1.40214125,-0.98077398,-0.09608960,-2.95108432,-0.302615,-0.005182,0.100307,-0.302611,-0.005096,0.100342,-0.003748,0.019646,0.000000,0.00053383,0.00088016,0.99913495,-0.04157281,0
22.300000,0.13993085,-0.12328385,-0.47331211,1.40214125,-0.98077398,-0.09608960,-2.95108432,-0.304715,-0.009364,0.100354,-0.304712,-0.009277,0.100389,-0.006180,0.019021,0.000000,0.00060812,0.00085982,0.99887000,-0.04751430,0
22.320000,0.13993085,-0.12328385,-0.47331211,1.40214125,-0.98077398,-0.09608960,-2.95108432,-0.306656,-0.014042,0.100395,-0.306654,-0.013956,0.100430,-0.008516,0.018097,0.000000,0.00067288,0.00082700,0.99855190,-0.05378632,0
22.340000,0.13993085,-0.12328385,-0.47331211,1.40214125,-0.98077398,-0.09608960,-2.95108432,-0.308394,-0.019195,0.100429,-0.308393,-0.019108,0.100464,-0.010717,0.016887,0.000000,0.00072730,0.00078215,0.99817506,-0.06037722,0
22.360000,0.13993085,-0.12328385,-0.47331211,1.40214125,-0.98077398,-0.09608960,-2.95108432,-0.309888,-0.024794,0.100456,-0.309889,-0.024708,0.100490,-0.012748,0.015410,0.000000,0.00077072,0.00072589,0.99773390,-0.06727519,0
22.380000,0.13993085,-0.12328385,-0.47331211,1.40214125,-0.98077398,-0.09608960,-2.95108432,-0.311100,-0.030809,0.100475,-0.311101,-0.030722,0.100510,-0.014579,0.013691,0.000000,0.00080268,0.00065898,0.99722283,-0.07446840,0
22.400000,0.13993085,-0.12328385,-0.47331211,1.40214125,-0.98077398,-0.09608960,-2.95108432,-0.311994,-0.037202,0.100486,-0.311996,-0.037116,0.100521,-0.016180,0.011756,0.000000,0.00082290,0.00058233,0.99663635,-0.08194494,0
22.420000,0.13993085,-0.12328385,-0.47331211,1.40214125,-0.98077398,-0.09608960,-2.95108432,-0.312538,-0.043936,0.100488,-0.312542,-0.043850,0.100523,-0.017526,0.009635,0.000000,0.00083126,0.00049697,0.99596900,-0.08969288,0
22.440000,0.13993085,-0.12328385,-0.47331211,1.40214125,-0.98077398,-0.09608960,-2.95108432,-0.312705,-0.050966,0.100483,-0.312711,-0.050880,0.100518,-0.018596,0.007362,0.000000,0.00082784,0.00040406,0.99521545,-0.09770030,0
22.460000,0.13993085,-0.12328385,-0.47331211,1.40214125,-0.98077398,-0.09608960,-2.95108432,-0.312473,-0.058249,0.100469,-0.312480,-0.058164,0.100504,-0.019372,0.004974,0.000000,0.00081288,0.00030487,0.99437051,-0.10595531,0
22.480000,0.13993085,-0.12328385,-0.47331211,1.40214125,-0.98077398,-0.09608960,-2.95108432,-0.311823,-0.065738,0.100448,-0.311831,-0.065652,0.100483,-0.019842,0.002507,0.000000,0.00078681,0.00020074,0.99342913,-0.11444606,0
22.500000,0.13993085,-0.12328385,-0.47331211,1.40214125,-0.98077398,-0.09608960,-2.95108432,-0.310742,-0.073382,0.100418,-0.310752,-0.073297,0.100453,-0.020000,0.000000,0.000000,0.00075017,0.00009310,0.99238644,-0.12316076,0
22.520000,0.13993085,-0.12328385,-0.47331211,1.40214125,-0.98077398,-0.09608960,-2.95108432,-0.309222,-0.081135,0.100382,-0.309234,-0.081050,0.100417,-0.019842,-0.002507,0.000000,0.00070367,-0.00001657,0.99123778,-0.13208773,0
22.540000,0.13993085,-0.12328385,-0.47331211,1.40214125,-0.98077398,-0.09608960,-2.95108432,-0.307261,-0.088946,0.100339,-0.307274,-0.088861,0.100374,-0.019372,-0.004974,0.000000,0.00064813,-0.00012677,0.98997868,-0.14121538,0
22.560000,0.13993085,-0.12328385,-0.47331211,1.40214125,-0.98077398,-0.09608960,-2.95108432,-0.304862,-0.096767,0.100290,-0.304877,-0.096682,0.100325,-0.018596,-0.007362,0.000000,0.00058450,-0.00023595,0.98860490,-0.15053227,0
22.580000,0.13993085,-0.12328385,-0.47331211,1.40214125,-0.98077398,-0.09608960,-2.95108432,-0.302032,-0.104550,0.100236,-0.302048,-0.104465,0.100271,-0.017526,-0.009635,0.000000,0.00051381,-0.00034260,0.98711244,-0.16002705,0
22.600000,0.13993085,-0.12328385,-0.47331211,1.40214125,-0.98077398,-0.09608960,-2.95108432,-0.298784,-0.112250,0.100178,-0.298802,-0.112165,0.100213,-0.016180,-0.011756,0.000000,0.00043715,-0.00044522,0.98549754,-0.16968857,0
22.620000,0.13993085,-0.12328385,-0.47331211,1.40214125,-0.98077398,-0.09608960,-2.95108432,-0.295137,-0.119823,0.100116,-0.295156,-0.119739,0.100151,-0.014579,-0.013691,0.000000,0.00035569,-0.00054234,0.98375670,-0.17950581,0
22.640000,0.13993085,-0.12328385,-0.47331211,1.40214125,-0.98077398,-0.09608960,-2.95108432,-0.291111,-0.127229,0.100052,-0.291132,-0.127146,0.100087,-0.012748,-0.015410,0.000000,0.00027063,-0.00063258,0.98188668,-0.18946788,0
22.660000,0.13993085,-0.12328385,-0.47331211,1.40214125,-0.98077398,-0.09608960,-2.95108432,-0.286733,-0.134432,0.099987,-0.286757,-0.134349,0.100022,-0.010717,-0.016887,0.000000,0.00018319,-0.00071463,0.97988449,-0.19956411,0
22.680000,0.13993085,-0.12328385,-0.47331211,1.40214125,-0.98077398,-0.09608960,-2.95108432,-0.282034,-0.141398,0.099921,-0.282058,-0.141316,0.099956,-0.008516,-0.018097,0.000000,0.00009459,-0.00078729,0.97774745,-0.20978394,0
22.700000,0.13993085,-0.12328385,-0.47331211,1.40214125,-0.98077398,-0.09608960,-2.95108432,-0.277044,-0.148099,0.099856,-0.277071,-0.148018,0.099891,-0.006180,-0.019021,0.000000,0.00000603,-0.00084946,0.97547311,-0.22011698,0
22.720000,0.13993085,-0.12328385,-0.47331211,1.40214125,-0.98077398,-0.09608960,-2.95108432,-0.271801,-0.154511,0.099793,-0.271829,-0.154430,0.099828,-0.003748,-0.019646,0.000000,-0.00008131,-0.00090021,0.97305935,-0.23055300,0
22.740000,0.13993085,-0.12328385,-0.47331211,1.40214125,-0.98077398,-0.09608960,-2.95108432,-0.266340,-0.160614,0.099732,-0.266371,-0.160533,0.099767,-0.001256,-0.019961,0.000000,-0.00016630,-0.00093872,0.97050431,-0.24108190,0
22.760000,0.13993085,-0.12328385,-0.47331211,1.40214125,-0.98077398,-0.09608960,-2.95108432,-0.260702,-0.166394,0.099675,-0.260734,-0.166314,0.099710,0.001256,-0.019961,0.000000,-0.00024789,-0.00096438,0.96780643,-0.25169370,0
22.780000,0.13993085,-0.12328385,-0.47331211,1.40214125,-0.98077398,-0.09608960,-2.95108432,-0.254925,-0.171842,0.099623,-0.254958,-0.171763,0.099658,0.003748,-0.019646,0.000000,-0.00032507,-0.00097672,0.96496448,-0.26237854,0
22.800000,0.13993085,-0.12328385,-0.47331211,1.40214125,-0.98077398,-0.09608960,-2.95108432,-0.249048,-0.176954,0.099576,-0.249084,-0.176875,0.099611,0.006180,-0.019021,0.000000,-0.00039695,-0.00097546,0.96197750,-0.27312667,0
22.820000,0.13993085,-0.12328385,-0.47331211,1.40214125,-0.98077398,-0.09608960,-2.95108432,-0.243112,-0.181730,0.099535,-0.243149,-0.181653,0.099570,0.008516,-0.018097,0.000000,-0.00046272,-0.00096052,0.95884488,-0.28392843,0
22.840000,0.13993085,-0.12328385,-0.47331211,1.40214125,-0.98077398,-0.09608960,-2.95108432,-0.237154,-0.186178,0.099501,-0.237193,-0.186101,0.099536,0.010717,-0.016887,0.000000,-0.00052165,-0.00093199,0.95556634,-0.29477421,0
22.860000,0.13993085,-0.12328385,-0.47331211,1.40214125,-0.98077398,-0.09608960,-2.95108432,-0.231211,-0.190306,0.099474,-0.231251,-0.190230,0.099509,0.012748,-0.015410,0.000000,-0.00057315,-0.00089019,0.95214192,-0.30565447,0
22.880000,0.13993085,-0.12328385,-0.47331211,1.40214125,-0.98077398,-0.09608960,-2.95108432,-0.225316,-0.194131,0.099455,-0.225358,-0.194056,0.099490,0.014579,-0.013691,0.000000,-0.00061673,-0.00083558,0.94857202,-0.31655970,0
22.900000,0.13993085,-0.12328385,-0.47331211,1.40214125,-0.98077398,-0.09608960,-2.95108432,-0.219502,-0.197671,0.099444,-0.219546,-0.197597,0.099479,0.016180,-0.011756,0.000000,-0.00065202,-0.00076886,0.94485742,-0.32748043,0
22.920000,0.13993085,-0.12328385,-0.47331211,1.40214125,-0.98077398,-0.09608960,-2.95108432,-0.213797,-0.200948,0.099441,-0.213843,-0.200875,0.099476,0.017526,-0.009635,0.000000,-0.00067873,-0.00069086,0.94099928,-0.33840719,0
22.940000,0.13993085,-0.12328385,-0.47331211,1.40214125,-0.98077398,-0.09608960,-2.95108432,-0.208226,-0.203989,0.099447,-0.208274,-0.203917,0.099482,0.018596,-0.007362,0.000000,-0.00069674,-0.00060261,0.93699912,-0.34933050,0
22.960000,0.13993085,-0.12328385,-0.47331211,1.40214125,-0.98077398,-0.09608960,-2.95108432,-0.202810,-0.206822,0.099460,-0.202859,-0.206751,0.099495,0.019372,-0.004974,0.000000,-0.00070599,-0.00050527,0.93285891,-0.36024090,0
22.980000,0.13993085,-0.12328385,-0.47331211,1.40214125,-0.98077398,-0.09608960,-2.95108432,-0.197566,-0.209477,0.099482,-0.197617,-0.209407,0.099517,0.019842,-0.002507,0.000000,-0.00070655,-0.00040018,0.92858101,-0.37112887,0
23.000000,0.13993085,-0.12328385,-0.47331211,1.40214125,-0.98077398,-0.09608960,-2.95108432,-0.192507,-0.211986,0.099511,-0.192559,-0.211918,0.099546,0.020000,-0.000000,0.000000,-0.00069860,-0.00028875,0.92416825,-0.38198491,0
23.020000,0.13993085,-0.12328385,-0.47331211,1.40214125,-0.98077398,-0.09608960,-2.95108432,-0.187640,-0.214382,0.099548,-0.187695,-0.214315,0.099583,0.019842,0.002507,0.000000,-0.00068239,-0.00017254,0.91962389,-0.39279946,0
23.040000,0.13993085,-0.12328385,-0.47331211,1.40214125,-0.98077398,-0.09608960,-2.95108432,-0.182971,-0.216699,0.099591,-0.183026,-0.216633,0.099626,0.019372,0.004974,0.000000,-0.00065827,-0.00005315,0.91495164,-0.40356295,0
23.060000,0.13993085,-0.12328385,-0.47331211,1.40214125,-0.98077398,-0.09608960,-2.95108432,-0.178497,-0.218969,0.099640,-0.178554,-0.218905,0.099675,0.018596,0.007362,0.000000,-0.00062668,0.00006772,0.91015572,-0.41426581,0
23.080000,0.13993085,-0.12328385,-0.47331211,1.40214125,-0.98077398,-0.09608960,-2.95108432,-0.174214,-0.221225,0.099694,-0.174273,-0.221162,0.099729,0.017526,0.009635,0.000000,-0.00058812,0.00018837,0.90524082,-0.42489843,0
23.100000,0.13993085,-0.12328385,-0.47331211,1.40214125,-0.98077398,-0.09608960,-2.95108432,-0.170113,-0.223497,0.099752,-0.170173,-0.223435,0.099787,0.016180,0.011756,0.000000,-0.00054317,0.00030706,0.90021211,-0.43545122,0
23.120000,0.13993085,-0.12328385,-0.47331211,1.40214125,-0.98077398,-0.09608960,-2.95108432,-0.166181,-0.225814,0.099813,-0.166242,-0.225754,0.099848,0.014579,0.013691,0.000000,-0.00049244,0.00042208,0.89507528,-0.44591459,0
23.140000,0.13993085,-0.12328385,-0.47331211,1.40214125,-0.98077398,-0.09608960,-2.95108432,-0.162400,-0.228202,0.099877,-0.162463,-0.228143,0.099912,0.012748,0.015410,0.000000,-0.00043661,0.00053177,0.88983651,-0.45627899,0
23.160000,0.13993085,-0.12328385,-0.47331211,1.40214125,-0.98077398,-0.09608960,-2.95108432,-0.158752,-0.230685,0.099943,-0.158816,-0.230627,0.099978,0.010717,0.016887,0.000000,-0.00037638,0.00063451,0.88450247,-0.46653492,0
23.180000,0.13993085,-0.12328385,-0.47331211,1.40214125,-0.98077398,-0.09608960,-2.95108432,-0.155213,-0.233282,0.100009,-0.155279,-0.233226,0.100043,0.008516,0.018097,0.000000,-0.00031250,0.00072878,0.87908035,-0.47667296,0
23.200000,0.13993085,-0.12328385,-0.47331211,1.40214125,-0.98077398,-0.09608960,-2.95108432,-0.151758,-0.236009,0.100074,-0.151825,-0.235955,0.100109,0.006180,0.019021,0.000000,-0.00024572,0.00081317,0.87357781,-0.48668376,0
23.220000,0.13993085,-0.12328385,-0.47331211,1.40214125,-0.98077398,-0.09608960,-2.95108432,-0.148361,-0.238879,0.100137,-0.148429,-0.238826,0.100172,0.003748,0.019646,0.000000,-0.00017683,0.00088640,0.86800300,-0.49655813,0
23.240000,0.13993085,-0.12328385,-0.47331211,1.40214125,-0.98077398,-0.09608960,-2.95108432,-0.144993,-0.241901,0.100198,-0.145063,-0.241849,0.100232,0.001256,0.019961,0.000000,0.00010660,-0.00094736,-0.86236452,0.50628699,0
23.260000,0.13993085,-0.12328385,-0.47331211,1.40214125,-0.98077398,-0.09608960,-2.95108432,-0.141626,-0.245077,0.100255,-0.141697,-0.245027,0.100289,-0.001256,0.019961,0.000000,0.00003582,-0.00099509,-0.85667143,0.51586148,0
23.280000,0.13993085,-0.12328385,-0.47331211,1.40214125,-0.98077398,-0.09608960,-2.95108432,-0.138231,-0.248407,0.100307,-0.138303,-0.248359,0.100342,-0.003748,0.019646,0.000000,-0.00003473,-0.00102881,-0.85093321,0.52527289,0
23.300000,0.13993085,-0.12328385,-0.47331211,1.40214125,-0.98077398,-0.09608960,-2.95108432,-0.134780,-0.251886,0.100354,-0.134852,-0.251840,0.100389,-0.006180,0.019021,0.000000,-0.00010428,-0.00104796,-0.84515974,0.53451278,0
23.320000,0.13993085,-0.12328385,-0.47331211,1.40214125,-0.98077398,-0.09608960,-2.95108432,-0.131245,-0.255506,0.100395,-0.131318,-0.255460,0.100430,-0.008516,0.018097,0.000000,-0.00017210,-0.00105218,-0.83936125,0.54357295,0
23.340000,0.13993085,-0.12328385,-0.47331211,1.40214125,-0.98077398,-0.09608960,-2.95108432,-0.127600,-0.259251,0.100429,-0.127674,-0.259207,0.100464,-0.010717,0.016887,0.000000,-0.00023745,-0.00104132,-0.83354835,0.55244548,0
23.360000,0.13993085,-0.12328385,-0.47331211,1.40214125,-0.98077398,-0.09608960,-2.95108432,-0.123822,-0.263105,0.100456,-0.123898,-0.263063,0.100490,-0.012748,0.015410,0.000000,-0.00029963,-0.00101546,-0.82773193,0.56112274,0
23.380000,0.13993085,-0.12328385,-0.47331211,1.40214125,-0.98077398,-0.09608960,-2.95108432,-0.119891,-0.267047,0.100475,-0.119967,-0.267007,0.100510,-0.014579,0.013691,0.000000,-0.00035798,-0.00097489,-0.82192315,0.56959745,0
23.400000,0.13993085,-0.12328385,-0.47331211,1.40214125,-0.98077398,-0.09608960,-2.95108432,-0.115787,-0.271053,0.100486,-0.115864,-0.271014,0.100521,-0.016180,0.011756,0.000000,-0.00041187,-0.00092012,-0.81613342,0.57786263,0
23.420000,0.13993085,-0.12328385,-0.47331211,1.40214125,-0.98077398,-0.09608960,-2.95108432,-0.111498,-0.275095,0.100488,-0.111576,-0.275057,0.100523,-0.017526,0.009635,0.000000,-0.00046071,-0.00085189,-0.81037434,0.58591168,0
23.440000,0.13993085,-0.12328385,-0.47331211,1.40214125,-0.98077398,-0.09608960,-2.95108432,-0.107012,-0.279143,0.100483,-0.107091,-0.279107,0.100518,-0.018596,0.007362,0.000000,-0.00050397,-0.00077110,-0.80465765,0.59373834,0
23.460000,0.13993085,-0.12328385,-0.47331211,1.40214125,-0.98077398,-0.09608960,-2.95108432,-0.102324,-0.283166,0.100469,-0.102403,-0.283132,0.100504,-0.019372,0.004974,0.000000,-0.00054114,-0.00067889,-0.79899522,0.60133675,0
23.480000,0.13993085,-0.12328385,-0.47331211,1.40214125,-0.98077398,-0.09608960,-2.95108432,-0.097431,-0.287131,0.100448,-0.097511,-0.287098,0.100483,-0.019842,0.002507,0.000000,-0.00057180,-0.00057654,-0.79339900,0.60870138,0
23.500000,0.13993085,-0.12328385,-0.47331211,1.40214125,-0.98077398,-0.09608960,-2.95108432,-0.092337,-0.291004,0.100418,-0.092417,-0.290972,0.100453,-0.020000,-0.000000,0.000000,-0.00059558,-0.00046552,-0.78788096,0.61582710,0
23.520000,0.13993085,-0.12328385,-0.47331211,1.40214125,-0.98077398,-0.09608960,-2.95108432,-0.087049,-0.294750,0.100382,-0.087130,-0.294720,0.100417,-0.019842,-0.002507,0.000000,-0.00061216,-0.00034740,-0.78245308,0.62270914,0
23.540000,0.13993085,-0.12328385,-0.47331211,1.40214125,-0.98077398,-0.09608960,-2.95108432,-0.081578,-0.298337,0.100339,-0.081659,-0.298309,0.100374,-0.019372,-0.004974,0.000000,-0.00062130,-0.00022389,-0.77712730,0.62934308,0
23.560000,0.13993085,-0.12328385,-0.47331211,1.40214125,-0.98077398,-0.09608960,-2.95108432,-0.075942,-0.301731,0.100290,-0.076024,-0.301704,0.100325,-0.018596,-0.007362,0.000000,-0.00062285,-0.00009679,-0.77191549,0.63572485,0
23.580000,0.13993085,-0.12328385,-0.47331211,1.40214125,-0.98077398,-0.09608960,-2.95108432,-0.070162,-0.304901,0.100236,-0.070244,-0.304875,0.100271,-0.017526,-0.009635,0.000000,-0.00061672,0.00003204,-0.76682939,0.64185068,0
23.600000,0.13993085,-0.12328385,-0.47331211,1.40214125,-0.98077398,-0.09608960,-2.95108432,-0.064262,-0.307817,0.100178,-0.064345,-0.307792,0.100213,-0.016180,-0.011756,0.000000,-0.00060291,0.00016069,-0.76188064,0.64771715,0
23.620000,0.13993085,-0.12328385,-0.47331211,1.40214125,-0.98077398,-0.09608960,-2.95108432,-0.058274,-0.310452,0.100116,-0.058357,-0.310429,0.100151,-0.014579,-0.013691,0.000000,-0.00058149,0.00028726,-0.75708067,0.65332108,0
23.640000,0.13993085,-0.12328385,-0.47331211,1.40214125,-0.98077398,-0.09608960,-2.95108432,-0.052228,-0.312783,0.100052,-0.052312,-0.312761,0.100087,-0.012748,-0.015410,0.000000,-0.00055264,0.00040986,-0.75244077,0.65865956,0
23.660000,0.13993085,-0.12328385,-0.47331211,1.40214125,-0.98077398,-0.09608960,-2.95108432,-0.046163,-0.314789,0.099987,-0.046247,-0.314768,0.100022,-0.010717,-0.016887,0.000000,-0.00051664,0.00052663,-0.74797198,0.66372989,0
23.680000,0.13993085,-0.12328385,-0.47331211,1.40214125,-0.98077398,-0.09608960,-2.95108432,-0.040117,-0.316453,0.099921,-0.040201,-0.316433,0.099956,-0.008516,-0.018097,0.000000,-0.00047383,0.00063581,-0.74368513,0.66852958,0
23.700000,0.13993085,-0.12328385,-0.47331211,1.40214125,-0.98077398,-0.09608960,-2.95108432,-0.034132,-0.317764,0.099856,-0.034216,-0.317745,0.099891,-0.006180,-0.019021,0.000000,-0.00042467,0.00073572,-0.73959079,0.67305627,0
23.720000,0.13993085,-0.12328385,-0.47331211,1.40214125,-0.98077398,-0.09608960,-2.95108432,-0.028250,-0.318712,0.099793,-0.028334,-0.318694,0.099828,-0.003748,-0.019646,0.000000,-0.00036969,0.00082481,-0.73569928,0.67730772,0
23.740000,0.13993085,-0.12328385,-0.47331211,1.40214125,-0.98077398,-0.09608960,-2.95108432,-0.022516,-0.319295,0.099732,-0.022601,-0.319278,0.099767,-0.001256,-0.019961,0.000000,-0.00030955,0.00090169,-0.73202066,0.68128176,0
23.760000,0.13993085,-0.12328385,-0.47331211,1.40214125,-0.98077398,-0.09608960,-2.95108432,-0.016976,-0.319514,0.099675,-0.017061,-0.319497,0.099710,0.001256,-0.019961,0.000000,-0.00024494,0.00096513,-0.72856471,0.68497625,0
23.780000,0.13993085,-0.12328385,-0.47331211,1.40214125,-0.98077398,-0.09608960,-2.95108432,-0.011675,-0.319374,0.099623,-0.011759,-0.319359,0.099658,0.003748,-0.019646,0.000000,-0.00017668,0.00101412,-0.72534093,0.68838904,0
23.800000,0.13993085,-0.12328385,-0.47331211,1.40214125,-0.98077398,-0.09608960,-2.95108432,-0.006656,-0.318887,0.099576,-0.006741,-0.318872,0.099611,0.006180,-0.019021,0.000000,-0.00010563,0.00104783,-0.72235854,0.69151792,0
23.820000,0.13993085,-0.12328385,-0.47331211,1.40214125,-0.98077398,-0.09608960,-2.95108432,-0.001965,-0.318068,0.099535,-0.002050,-0.318054,0.099570,0.008516,-0.018097,0.000000,-0.00003274,0.00106566,-0.71962648,0.69436057,0
23.840000,0.13993085,-0.12328385,-0.47331211,1.40214125,-0.98077398,-0.09608960,-2.95108432,0.002358,-0.316936,0.099501,0.002273,-0.316922,0.099536,0.010717,-0.016887,0.000000,0.00004101,0.00106726,-0.71715341,0.69691452,0
23.860000,0.13993085,-0.12328385,-0.47331211,1.40214125,-0.98077398,-0.09608960,-2.95108432,0.006274,-0.315515,0.099474,0.006188,-0.315502,0.099509,0.012748,-0.015410,0.000000,0.00011457,0.00105253,-0.71494772,0.69917712,0
23.880000,0.13993085,-0.12328385,-0.47331211,1.40214125,-0.98077398,-0.09608960,-2.95108432,0.009744,-0.313833,0.099455,0.009659,-0.313820,0.099490,0.014579,-0.013691,0.000000,0.00018688,0.00102159,-0.71301750,0.70114546,0
23.900000,0.13993085,-0.12328385,-0.47331211,1.40214125,-0.98077398,-0.09608960,-2.95108432,0.012737,-0.311920,0.099444,0.012651,-0.311908,0.099479,0.016180,-0.011756,0.000000,0.00025686,0.00097483,-0.71137061,0.70281636,0
23.920000,0.13993085,-0.12328385,-0.47331211,1.40214125,-0.98077398,-0.09608960,-2.95108432,0.015221,-0.309811,0.099441,0.015136,-0.309800,0.099476,0.017526,-0.009635,0.000000,0.00032343,0.00091289,-0.71001459,0.70418630,0
23.940000,0.13993085,-0.12328385,-0.47331211,1.40214125,-0.98077398,-0.09608960,-2.95108432,0.017172,-0.307542,0.099447,0.017087,-0.307531,0.099482,0.018596,-0.007362,0.000000,0.00038552,0.00083663,-0.70895673,0.70525138,0
23.960000,0.13993085,-0.12328385,-0.47331211,1.40214125,-0.98077398,-0.09608960,-2.95108432,0.018568,-0.305151,0.099460,0.018482,-0.305140,0.099495,0.019372,-0.004974,0.000000,0.00044210,0.00074717,-0.70820405,0.70600728,0
23.980000,0.13993085,-0.12328385,-0.47331211,1.40214125,-0.98077398,-0.09608960,-2.95108432,0.019392,-0.302678,0.099482,0.019306,-0.302667,0.099517,0.019842,-0.002507,0.000000,0.00049221,0.00064583,-0.70776327,0.70644922,0
24.000000,0.13993085,-0.12328385,-0.47331211,1.40214125,-0.98077398,-0.09608960,-2.95108432,0.019632,-0.300162,0.099511,0.019546,-0.300150,0.099546,0.020000,-0.000000,0.000000,0.00053492,0.00053411,-0.70764084,0.70657192,0
24.020000,0.45569613,-0.16196447,-0.49033699,1.01739014,-0.99303457,0.00541026,-2.82389909,-0.058477,-0.300003,0.065381,-0.058560,-0.300000,0.065359,0.019842,0.002507,0.000000,0.00056933,0.00041386,-0.70767533,0.70653742,1
24.040000,0.44945961,-0.17198862,-0.48269367,1.02346532,-0.98925513,0.00570987,-2.82654110,-0.057178,-0.299922,0.065360,-0.057120,-0.300000,0.065359,0.019372,0.004974,0.000000,0.00059475,0.00028709,-0.70770084,0.70651191,1
24.060000,0.44156312,-0.18229935,-0.47555787,1.03118377,-0.98427040,0.00578358,-2.82953905,-0.055716,-0.299961,0.065359,-0.055680,-0.300000,0.065359,0.018596,0.007362,0.000000,0.00061077,0.00015580,-0.70771697,0.70649579,1
24.080000,0.43271948,-0.19211296,-0.46947561,1.03985713,-0.97852899,0.00563578,-2.83264026,-0.054280,-0.299964,0.065359,-0.054240,-0.300000,0.065359,0.017526,0.009635,0.000000,0.00061716,0.00002205,-0.70772345,0.70648931,1
24.100000,0.42287613,-0.20143054,-0.46445314,1.04956224,-0.97201134,0.00523251,-2.83587873,-0.052844,-0.299966,0.065359,-0.052800,-0.300000,0.065359,0.016180,0.011756,0.000000,0.00061381,-0.00011203,-0.70772018,0.70649258,1
24.120000,0.41208405,-0.21011170,-0.46059914,1.06027607,-0.96476067,0.00453681,-2.83924894,-0.051408,-0.299969,0.065359,-0.051360,-0.300000,0.065359,0.014579,0.013691,0.000000,0.00060079,-0.00024434,-0.70770722,0.70650554,1
24.140000,0.40041043,-0.21802353,-0.45800756,1.07196098,-0.95683234,0.00351448,-2.84274423,-0.049972,-0.299973,0.065359,-0.049920,-0.300000,0.065359,0.012748,0.015410,0.000000,0.00057830,-0.00037278,-0.70768477,0.70652799,1
24.160000,0.38793723,-0.22504506,-0.45675397,1.08456513,-0.94829275,0.00213557,-2.84635683,-0.048535,-0.299976,0.065359,-0.048480,-0.300000,0.065359,0.010717,0.016887,0.000000,0.00054671,-0.00049535,-0.70765318,0.70655957,1
24.180000,0.37476087,-0.23106937,-0.45689406,1.09802175,-0.93921879,0.00037585,-2.85007701,-0.047098,-0.299981,0.065359,-0.047040,-0.300000,0.065359,0.008516,0.018097,0.000000,0.00050651,-0.00061009,-0.70761297,0.70659979,1
24.200000,0.36099157,-0.23600542,-0.45846229,1.11224827,-0.92969686,-0.00178163,-2.85389229,-0.045660,-0.299985,0.065359,-0.045600,-0.300000,0.065359,0.006180,0.019021,0.000000,0.00045835,-0.00071522,-0.70756475,0.70664800,1
24.220000,0.34675230,-0.23977973,-0.46147102,1.12714587,-0.91982161,-0.00434516,-2.85778654,-0.044221,-0.299990,0.065359,-0.044160,-0.300000,0.065359,0.003748,0.019646,0.000000,0.00040297,-0.00080907,-0.70750931,0.70670345,1
24.240000,0.33217732,-0.24233777,-0.46590987,1.14259921,-0.90969429,-0.00731305,-2.86173916,-0.042782,-0.299995,0.065359,-0.042720,-0.300000,0.065359,0.001256,0.019961,0.000000,0.00034127,-0.00089017,-0.70744751,0.70676524,1
24.260000,0.31741028,-0.24364505,-0.47174560,1.15847673,-0.89942065,-0.01067270,-2.86572445,-0.041342,-0.300000,0.065359,-0.041280,-0.300000,0.065359,-0.001256,0.019961,0.000000,0.00027420,-0.00095723,-0.70738033,0.70683242,1
24.280000,0.30260186,-0.24368783,-0.47892241,1.17463137,-0.88910873,-0.01439987,-2.86971111,-0.039902,-0.300005,0.065359,-0.039840,-0.300000,0.065359,-0.003748,0.019646,0.000000,0.00020283,-0.00100921,-0.70730884,0.70690391,1
24.300000,0.28790706,-0.24247343,-0.48736272,1.19090215,-0.87886630,-0.01845853,-2.87366217,-0.038461,-0.300010,0.065359,-0.038400,-0.300000,0.065359,-0.006180,0.019021,0.000000,0.00012827,-0.00104530,-0.70723417,0.70697859,1
24.320000,0.27348219,-0.24003016,-0.49696839,1.20711625,-0.86879832,-0.02280112,-2.87753524,-0.037019,-0.300015,0.065359,-0.036960,-0.300000,0.065359,-0.008516,0.018097,0.000000,0.00005170,-0.00106491,-0.70715748,0.70705527,1
24.340000,0.25948164,-0.23640676,-0.50762246,1.22309206,-0.85900451,-0.02736939,-2.88128322,-0.035577,-0.300019,0.065359,-0.035520,-0.300000,0.065359,-0.010717,0.016887,0.000000,-0.00002569,-0.00106774,-0.70708001,0.70713275,1
24.360000,0.24605458,-0.23167152,-0.51919117,1.23864283,-0.84957709,-0.03209578,-2.88485540,-0.034134,-0.300024,0.065359,-0.034080,-0.300000,0.065359,-0.012748,0.015410,0.000000,-0.00010267,-0.00105375,-0.70700295,0.70720980,1
24.380000,0.23334171,-0.22591092,-0.53152640,1.25358104,-0.84059899,-0.03690535,-2.88819908,-0.032691,-0.300027,0.065359,-0.032640,-0.300000,0.065359,-0.014579,0.013691,0.000000,-0.00017804,-0.00102316,-0.70692754,0.70728521,1
24.400000,0.22147219,-0.21922797,-0.54446830,1.26772321,-0.83214239,-0.04171809,-2.89126141,-0.031247,-0.300031,0.065359,-0.031200,-0.300000,0.065359,-0.016180,0.011756,0.000000,-0.00025061,-0.00097645,-0.70685496,0.70735779,1
24.420000,0.21056084,-0.21174030,-0.55784812,1.28089510,-0.82426795,-0.04645166,-2.89399155,-0.029803,-0.300034,0.065359,-0.029760,-0.300000,0.065359,-0.017526,0.009635,0.000000,-0.00031925,-0.00091436,-0.70678635,0.70742640,1
24.440000,0.20070567,-0.20357795,-0.57149112,1.29293690,-0.81702444,-0.05102423,-2.89634293,-0.028359,-0.300036,0.065359,-0.028320,-0.300000,0.065359,-0.018596,0.007362,0.000000,-0.00038287,-0.00083785,-0.70672279,0.70748996,1
24.460000,0.19198590,-0.19488108,-0.58521943,1.30370825,-0.81044886,-0.05535743,-2.89827544,-0.026914,-0.300038,0.065358,-0.026880,-0.300000,0.065359,-0.019372,0.004974,0.000000,-0.00044048,-0.00074813,-0.70666528,0.70754747,1
24.480000,0.18458016,-0.18594242,-0.59864065,1.31294127,-0.80465713,-0.05931392,-2.89973194,-0.025499,-0.300079,0.065358,-0.025440,-0.300000,0.065359,-0.019842,0.002507,0.000000,-0.00049116,-0.00064663,-0.70661472,0.70759803,1
24.500000,0.17827057,-0.17663328,-0.61200525,1.32086982,-0.79947598,-0.06296506,-2.90074931,-0.024050,-0.300081,0.065358,-0.024000,-0.300000,0.065359,-0.020000,0.000000,0.000000,-0.00053411,-0.00053492,-0.70657192,0.70764084,1
24.520000,0.17320378,-0.16723926,-0.62494002,1.32727222,-0.79500662,-0.06619201,-2.90128673,-0.022600,-0.300081,0.065357,-0.022560,-0.300000,0.065359,-0.019842,-0.002507,0.000000,-0.00056867,-0.00041478,-0.70653753,0.70767522,1
24.540000,0.16937766,-0.15792032,-0.63727558,1.33211840,-0.79124901,-0.06895243,-2.90134597,-0.021150,-0.300080,0.065357,-0.021120,-0.300000,0.065359,-0.019372,-0.004974,0.000000,-0.00059426,-0.00028809,-0.70651210,0.70770065,1
24.560000,0.16676425,-0.14883029,-0.64885826,1.33541753,-0.78819251,-0.07121958,-2.90094299,-0.019701,-0.300077,0.065357,-0.019680,-0.300000,0.065359,-0.018596,-0.007362,0.000000,-0.00061050,-0.00015685,-0.70649603,0.70771672,1
24.580000,0.16531440,-0.14011839,-0.65954639,1.33721298,-0.78581912,-0.07298072,-2.90010681,-0.018252,-0.300074,0.065357,-0.018240,-0.300000,0.065359,-0.017526,-0.009635,0.000000,-0.00061712,-0.00002313,-0.70648958,0.70772318,1
24.600000,0.16495890,-0.13192711,-0.66921192,1.33758112,-0.78410401,-0.07423689,-2.89887892,-0.016803,-0.300069,0.065357,-0.016800,-0.300000,0.065359,-0.016180,-0.011756,0.000000,-0.00061401,0.00011096,-0.70649283,0.70771992,1
24.620000,0.16560993,-0.12439013,-0.67774211,1.33662911,-0.78301575,-0.07500225,-2.89731227,-0.015355,-0.300063,0.065357,-0.015360,-0.300000,0.065359,-0.014579,-0.013691,0.000000,-0.00060120,0.00024332,-0.70650575,0.70770700,1
24.640000,0.16716281,-0.11763027,-0.68504096,1.33449200,-0.78251647,-0.07530294,-2.89546983,-0.013908,-0.300056,0.065357,-0.013920,-0.300000,0.065359,-0.012748,-0.015410,0.000000,-0.00057891,0.00037184,-0.70652813,0.70768463,1
24.660000,0.16949793,-0.11175772,-0.69103042,1.33132899,-0.78256196,-0.07517553,-2.89342275,-0.012462,-0.300048,0.065357,-0.012480,-0.300000,0.065359,-0.010717,-0.016887,0.000000,-0.00054747,0.00049450,-0.70655961,0.70765315,1
24.680000,0.17238689,-0.10702654,-0.69550333,1.32744780,-0.78308276,-0.07468148,-2.89131802,-0.010993,-0.300080,0.065355,-0.011040,-0.300000,0.065359,-0.008516,-0.018097,0.000000,-0.00050738,0.00060937,-0.70659971,0.70761305,1
24.700000,0.17585719,-0.10317597,-0.69875234,1.32281429,-0.78404533,-0.07385217,-2.88910338,-0.009543,-0.300064,0.065355,-0.009600,-0.300000,0.065359,-0.006180,-0.019021,0.000000,-0.00045927,0.00071462,-0.70664779,0.70756497,1
24.720000,0.17969421,-0.10043810,-0.70058597,1.31772035,-0.78538653,-0.07274723,-2.88691916,-0.008097,-0.300044,0.065355,-0.008160,-0.300000,0.065359,-0.003748,-0.019646,0.000000,-0.00040390,0.00080861,-0.70670310,0.70750966,1
24.740000,0.18373885,-0.09886904,-0.70099370,1.31238184,-0.78703970,-0.07142695,-2.88485148,-0.006653,-0.300023,0.065355,-0.006720,-0.300000,0.065359,-0.001256,-0.019961,0.000000,-0.00034213,0.00088984,-0.70676477,0.70744799,1
24.760000,0.18783325,-0.09849612,-0.69999505,1.30701105,-0.78893466,-0.06995304,-2.88298078,-0.005212,-0.300002,0.065355,-0.005280,-0.300000,0.065359,0.001256,-0.019961,0.000000,-0.00027494,0.00095702,-0.70683183,0.70738093,1
24.780000,0.19181991,-0.09932674,-0.69762980,1.30181740,-0.79099871,-0.06838739,-2.88138312,-0.003774,-0.299981,0.065356,-0.003840,-0.300000,0.065359,0.003748,-0.019646,0.000000,-0.00020341,0.00100910,-0.70690322,0.70730953,1
24.800000,0.19554400,-0.10134873,-0.69395675,1.29700407,-0.79315800,-0.06679094,-2.88012895,-0.002338,-0.299960,0.065356,-0.002400,-0.300000,0.065359,0.006180,-0.019021,0.000000,-0.00012865,0.00104525,-0.70697783,0.70723493,1
24.820000,0.19885567,-0.10453052,-0.68905281,1.29276509,-0.79533918,-0.06522287,-2.87928199,-0.000904,-0.299940,0.065356,-0.000960,-0.300000,0.065359,0.008516,-0.018097,0.000000,-0.00005185,0.00106490,-0.70705447,0.70715828,1
24.840000,0.20161226,-0.10882157,-0.68301175,1.28928284,-0.79747096,-0.06374004,-2.87889847,0.000527,-0.299921,0.065357,0.000480,-0.300000,0.065359,0.010717,-0.016887,0.000000,0.00002577,0.00106774,-0.70713194,0.70708081,1
24.860000,0.20374918,-0.11433043,-0.67570604,1.28664180,-0.79955466,-0.06235234,-2.87903166,0.001938,-0.299951,0.065358,0.001920,-0.300000,0.065359,0.012748,-0.015410,0.000000,0.00010298,0.00105372,-0.70720902,0.70700373,1
24.880000,0.20498120,-0.12065367,-0.66769480,1.28519808,-0.80138715,-0.06120497,-2.87973026,0.003371,-0.299945,0.065358,0.003360,-0.300000,0.065359,0.014579,-0.013691,0.000000,0.00017855,0.00102307,-0.70728449,0.70692826,1
24.900000,0.20528524,-0.12782166,-0.65892552,1.28498035,-0.80298112,-0.06030074,-2.88101411,0.004803,-0.299938,0.065358,0.004800,-0.300000,0.065359,0.016180,-0.011756,0.000000,0.00025130,0.00097627,-0.70735716,0.70685559,1
24.920000,0.20456795,-0.13572176,-0.64953871,1.28610621,-0.80429171,-0.05968456,-2.88290661,0.006235,-0.299932,0.065359,0.006240,-0.300000,0.065359,0.017526,-0.009635,0.000000,0.00032008,0.00091407,-0.70742589,0.70678687,1
24.940000,0.20274817,-0.14422481,-0.63968910,1.28867934,-0.80528109,-0.05940033,-2.88542368,0.007666,-0.299927,0.065359,0.007680,-0.300000,0.065359,0.018596,-0.007362,0.000000,0.00038378,0.00083743,-0.70748957,0.70672318,1
24.960000,0.19976038,-0.15319097,-0.62953799,1.29278592,-0.80592135,-0.05948972,-2.88857375,0.009097,-0.299923,0.065359,0.009120,-0.300000,0.065359,0.019372,-0.004974,0.000000,0.00044141,0.00074758,-0.70754722,0.70666554,1
24.980000,0.19555555,-0.16247201,-0.61925089,1.29849401,-0.80619518,-0.05999206,-2.89235786,0.010527,-0.299920,0.065359,0.010560,-0.300000,0.065359,0.019842,-0.002507,0.000000,0.00049206,0.00064594,-0.70759791,0.70661485,1
25.000000,0.19010180,-0.17191362,-0.60899531,1.30585298,-0.80609618,-0.06094426,-2.89676982,0.011957,-0.299919,0.065359,0.012000,-0.300000,0.065359,0.020000,0.000000,0.000000,0.00053492,0.00053411,-0.70764084,0.70657192,1
25.020000,0.18338496,-0.18135779,-0.59893840,1.31489275,-0.80562906,-0.06238040,-2.90179613,0.013387,-0.299919,0.065360,0.013440,-0.300000,0.065359,0.019842,0.002507,0.000000,0.00056933,0.00041386,-0.70767533,0.70653742,1
25.040000,0.17527989,-0.19079424,-0.58908565,1.32579761,-0.80480042,-0.06436334,-2.90750779,0.014849,-0.299960,0.065359,0.014880,-0.300000,0.065359,0.019372,0.004974,0.000000,0.00059475,0.00028709,-0.70770084,0.70651191,1
25.060000,0.16604517,-0.19976447,-0.57991972,1.33823632,-0.80364966,-0.06686491,-2.91370335,0.016284,-0.299962,0.065359,0.016320,-0.300000,0.065359,0.018596,0.007362,0.000000,0.00061077,0.00015580,-0.70771697,0.70649579,1
25.080000,0.15561731,-0.20826170,-0.57143262,1.35231596,-0.80220884,-0.06992932,-2.92042561,0.017720,-0.299964,0.065359,0.017760,-0.300000,0.065359,0.017526,0.009635,0.000000,0.00061716,0.00002205,-0.70772345,0.70648931,1
25.100000,0.14405485,-0.21614123,-0.56376293,1.36797991,-0.80052261,-0.07357211,-2.92763116,0.019156,-0.299966,0.065360,0.019200,-0.300000,0.065359,0.016180,0.011756,0.000000,0.00061381,-0.00011203,-0.70772018,0.70649258,1
25.120000,0.13143643,-0.22326543,-0.55703911,1.38514435,-0.79864280,-0.07780093,-2.93526696,0.020592,-0.299969,0.065360,0.020640,-0.300000,0.065359,0.014579,0.013691,0.000000,0.00060079,-0.00024434,-0.70770722,0.70650554,1
25.140000,0.11785865,-0.22950843,-0.55137472,1.40369966,-0.79662664,-0.08261452,-2.94327152,0.022028,-0.299973,0.065360,0.022080,-0.300000,0.065359,0.012748,0.015410,0.000000,0.00057830,-0.00037278,-0.70768477,0.70652799,1
25.160000,0.10343515,-0.23475859,-0.54686636,1.42351012,-0.79453464,-0.08800145,-2.95157511,0.023465,-0.299977,0.065360,0.023520,-0.300000,0.065359,0.010717,0.016887,0.000000,0.00054671,-0.00049535,-0.70765318,0.70655957,1
25.180000,0.08829531,-0.23892060,-0.54359182,1.44441431,-0.79242813,-0.09393897,-2.96010034,0.024903,-0.299981,0.065360,0.024960,-0.300000,0.065359,0.008516,0.018097,0.000000,0.00050651,-0.00061009,-0.70761297,0.70659979,1
25.200000,0.07258247,-0.24191743,-0.54160873,1.46622635,-0.79036662,-0.10039219,-2.96876301,0.026341,-0.299985,0.065360,0.026400,-0.300000,0.065359,0.006180,0.019021,0.000000,0.00045835,-0.00071522,-0.70756475,0.70664800,1
25.220000,0.05645171,-0.24369177,-0.54095360,1.48873816,-0.78840510,-0.10731371,-2.97747355,0.027779,-0.299990,0.065360,0.027840,-0.300000,0.065359,0.003748,0.019646,0.000000,0.00040297,-0.00080907,-0.70750931,0.70670345,1
25.240000,0.04006718,-0.24420728,-0.54164133,1.51172278,-0.78659139,-0.11464372,-2.98613882,0.029218,-0.299995,0.065359,0.029280,-0.300000,0.065359,0.001256,0.019961,0.000000,0.00034127,-0.00089017,-0.70744751,0.70676524,1
25.260000,0.02359911,-0.24344917,-0.54366525,1.53493884,-0.78496380,-0.12231084,-2.99466425,0.030658,-0.300000,0.065359,0.030720,-0.300000,0.065359,-0.001256,0.019961,0.000000,0.00027420,-0.00095723,-0.70738033,0.70683242,1
25.280000,0.00722044,-0.24142450,-0.54699770,1.55813586,-0.78354922,-0.13023352,-3.00295634,0.032099,-0.300005,0.065359,0.032160,-0.300000,0.065359,-0.003748,0.019646,0.000000,0.00020283,-0.00100921,-0.70730884,0.70690391,1
25.300000,-0.00889664,-0.23816186,-0.55159094,1.58106025,-0.78236187,-0.13832213,-3.01092519,0.033540,-0.300010,0.065359,0.033600,-0.300000,0.065359,-0.006180,0.019021,0.000000,0.00012827,-0.00104530,-0.70723417,0.70697859,1
25.320000,-0.02458421,-0.23371074,-0.55737852,1.60346174,-0.78140285,-0.14648147,-3.01848697,0.034981,-0.300015,0.065359,0.035040,-0.300000,0.065359,-0.008516,0.018097,0.000000,0.00005170,-0.00106491,-0.70715748,0.70705527,1
25.340000,-0.03968200,-0.22814035,-0.56427695,1.62509965,-0.78066042,-0.15461365,-3.02556623,0.036423,-0.300019,0.065359,0.036480,-0.300000,0.065359,-0.010717,0.016887,0.000000,-0.00002569,-0.00106774,-0.70708001,0.70713275,1
25.360000,-0.05404059,-0.22153821,-0.57218742,1.64574876,-0.78011116,-0.16262107,-3.03209770,0.037866,-0.300023,0.065359,0.037920,-0.300000,0.065359,-0.012748,0.015410,0.000000,-0.00010267,-0.00105375,-0.70700295,0.70720980,1
25.380000,-0.06752414,-0.21400839,-0.58099779,1.66520452,-0.77972177,-0.17040928,-3.03802765,0.039309,-0.300027,0.065359,0.039360,-0.300000,0.065359,-0.014579,0.013691,0.000000,-0.00017804,-0.00102316,-0.70692754,0.70728521,1
25.400000,-0.08001282,-0.20566951,-0.59058449,1.68328707,-0.77945144,-0.17788955,-3.04331473,0.040753,-0.300031,0.065359,0.040800,-0.300000,0.065359,-0.016180,0.011756,0.000000,-0.00025061,-0.00097645,-0.70685496,0.70735779,1
25.420000,-0.09140462,-0.19665260,-0.60081443,1.69984428,-0.77925457,-0.18498099,-3.04793017,0.042197,-0.300034,0.065358,0.042240,-0.300000,0.065359,-0.017526,0.009635,0.000000,-0.00031925,-0.00091436,-0.70678635,0.70742640,1
25.440000,-0.10161676,-0.18709883,-0.61154691,1.71475359,-0.77908361,-0.19161218,-3.05185763,0.043641,-0.300036,0.065358,0.043680,-0.300000,0.065359,-0.018596,0.007362,0.000000,-0.00038287,-0.00083785,-0.70672279,0.70748996,1
25.460000,-0.11058659,-0.17715716,-0.62263540,1.72792284,-0.77889186,-0.19772218,-3.05509263,0.045086,-0.300038,0.065358,0.045120,-0.300000,0.065359,-0.019372,0.004974,0.000000,-0.00044048,-0.00074813,-0.70666528,0.70754747,1
25.480000,-0.11815029,-0.16714425,-0.63375279,1.73911057,-0.77863562,-0.20317390,-3.05760137,0.046501,-0.300078,0.065357,0.046560,-0.300000,0.065359,-0.019842,0.002507,0.000000,-0.00049116,-0.00064663,-0.70661472,0.70759803,1
25.500000,-0.12454704,-0.15689902,-0.64509272,1.74866738,-0.77828021,-0.20811023,-3.05949035,0.047950,-0.300081,0.065357,0.048000,-0.300000,0.065359,-0.020000,0.000000,0.000000,-0.00053411,-0.00053492,-0.70657192,0.70764084,1
25.520000,-0.12964176,-0.14672801,-0.65633912,1.75639300,-0.77779396,-0.21241283,-3.06073665,0.049400,-0.300081,0.065357,0.049440,-0.300000,0.065359,-0.019842,-0.002507,0.000000,-0.00056867,-0.00041478,-0.70653753,0.70767522,1
25.540000,-0.13344933,-0.13679198,-0.66733459,1.76230467,-0.77715518,-0.21606210,-3.06137236,0.050849,-0.300080,0.065357,0.050880,-0.300000,0.065359,-0.019372,-0.004974,0.000000,-0.00059426,-0.00028809,-0.70651210,0.70770065,1
25.560000,-0.13600821,-0.12724293,-0.67792927,1.76645148,-0.77635225,-0.21905153,-3.06143830,0.052299,-0.300077,0.065357,0.052320,-0.300000,0.065359,-0.018596,-0.007362,0.000000,-0.00061050,-0.00015685,-0.70649603,0.70771672,1
25.580000,-0.13737567,-0.11822620,-0.68797793,1.76890724,-0.77538375,-0.22138469,-3.06098189,0.053748,-0.300074,0.065357,0.053760,-0.300000,0.065359,-0.017526,-0.009635,0.000000,-0.00061712,-0.00002313,-0.70648958,0.70772318,1
25.600000,-0.13762678,-0.10987829,-0.69734164,1.76976907,-0.77425837,-0.22307472,-3.06005657,0.055197,-0.300069,0.065356,0.055200,-0.300000,0.065359,-0.016180,-0.011756,0.000000,-0.00061401,0.00011096,-0.70649283,0.70771992,1
25.620000,-0.13685325,-0.10232469,-0.70588954,1.76915614,-0.77299451,-0.22414395,-3.05872135,0.056645,-0.300063,0.065356,0.056640,-0.300000,0.065359,-0.014579,-0.013691,0.000000,-0.00060120,0.00024332,-0.70650575,0.70770700,1
25.640000,-0.13516221,-0.09567784,-0.71350067,1.76720845,-0.77161945,-0.22462359,-3.05704047,0.058092,-0.300056,0.065356,0.058080,-0.300000,0.065359,-0.012748,-0.015410,0.000000,-0.00057891,0.00037184,-0.70652813,0.70768463,1
25.660000,-0.13267476,-0.09003519,-0.72006570,1.76408553,-0.77016825,-0.22455339,-3.05508302,0.059538,-0.300049,0.065357,0.059520,-0.300000,0.065359,-0.010717,-0.016887,0.000000,-0.00054747,0.00049450,-0.70655961,0.70765315,1
25.680000,-0.12326535,-0.08487057,-0.72235433,1.75034645,-0.77152843,-0.22017799,-3.04934398,0.059588,-0.300040,0.066162,0.059520,-0.300000,0.066190,-0.008516,-0.018097,0.000000,-0.00050738,0.00060937,-0.70659971,0.70761305,1
25.700000,-0.10989268,-0.08039950,-0.72160841,1.73059426,-0.77483457,-0.21335917,-3.04155154,0.058848,-0.300016,0.067416,0.058800,-0.300000,0.067437,-0.006180,-0.019021,0.000000,-0.00045927,0.00071462,-0.70664779,0.70756497,1
25.720000,-0.09636977,-0.07712378,-0.71934701,1.71068193,-0.77865834,-0.20637455,-3.03391764,0.058129,-0.300011,0.068663,0.058080,-0.300000,0.068685,-0.003748,-0.019646,0.000000,-0.00040390,0.00080861,-0.70670310,0.70750966,1
25.740000,-0.08276448,-0.07499215,-0.71558640,1.69073100,-0.78304576,-0.19927590,-3.02649076,0.057410,-0.300006,0.069910,0.057360,-0.300000,0.069932,-0.001256,-0.019961,0.000000,-0.00034213,0.00088984,-0.70676477,0.70744799,1
25.760000,-0.06923912,-0.07401215,-0.71030743,1.67099773,-0.78802473,-0.19215264,-3.01937727,0.056690,-0.300001,0.071158,0.056640,-0.300000,0.071179,0.001256,-0.019961,0.000000,-0.00027494,0.00095702,-0.70683183,0.70738093,1
25.780000,-0.05595563,-0.07417613,-0.70351509,1.65173520,-0.79360392,-0.18509287,-3.01267978,0.055970,-0.299996,0.072405,0.055920,-0.300000,0.072426,0.003748,-0.019646,0.000000,-0.00020341,0.00100910,-0.70690322,0.70730953,1
25.800000,-0.04307114,-0.07546032,-0.69523900,1.63318439,-0.79977353,-0.17818006,-3.00649270,0.055249,-0.299991,0.073652,0.055200,-0.300000,0.073673,0.006180,-0.019021,0.000000,-0.00012865,0.00104525,-0.70697783,0.70723493,1
25.820000,-0.03073522,-0.07782514,-0.68553256,1.61556794,-0.80650682,-0.17149053,-3.00089912,0.054527,-0.299986,0.074899,0.054480,-0.300000,0.074920,0.008516,-0.018097,0.000000,-0.00005185,0.00106490,-0.70705447,0.70715828,1
25.840000,-0.01908723,-0.08121572,-0.67447180,1.59908511,-0.81376252,-0.16509169,-2.99596830,0.053805,-0.299981,0.076146,0.053760,-0.300000,0.076167,0.010717,-0.016887,0.000000,0.00002577,0.00106774,-0.70713194,0.70708081,1
25.860000,-0.00825410,-0.08556254,-0.66215374,1.58390788,-0.82148766,-0.15904072,-2.99175379,0.053082,-0.299977,0.077394,0.053040,-0.300000,0.077414,0.012748,-0.015410,0.000000,0.00010298,0.00105372,-0.70720902,0.70700373,1
25.880000,0.00165166,-0.09078228,-0.64869452,1.57017852,-0.82962076,-0.15338404,-2.98829236,0.052359,-0.299973,0.078641,0.052320,-0.300000,0.078661,0.014579,-0.013691,0.000000,0.00017855,0.00102307,-0.70728449,0.70692826,1
25.900000,0.01053353,-0.09677875,-0.63422736,1.55800838,-0.83809504,-0.14815729,-2.98560373,0.051635,-0.299970,0.079888,0.051600,-0.300000,0.079908,0.016180,-0.011756,0.000000,0.00025130,0.00097627,-0.70735716,0.70685559,1
25.920000,0.01831221,-0.10344405,-0.61890019,1.54747774,-0.84684144,-0.14338580,-2.98369089,0.050911,-0.299967,0.081135,0.050880,-0.300000,0.081155,0.017526,-0.009635,0.000000,0.00032008,0.00091407,-0.70742589,0.70678687,1
25.940000,0.02482249,-0.11054525,-0.60312971,1.53877354,-0.85564677,-0.13915202,-2.98255680,0.050214,-0.299928,0.082363,0.050160,-0.300000,0.082402,0.018596,-0.007362,0.000000,0.00038378,0.00083743,-0.70748957,0.70672318,1
25.960000,0.03024553,-0.11817406,-0.58658977,1.53162092,-0.86472754,-0.13532517,-2.98213159,0.049486,-0.299923,0.083610,0.049440,-0.300000,0.083649,0.019372,-0.004974,0.000000,0.00044141,0.00074758,-0.70754722,0.70666554,1
25.980000,0.03444187,-0.12609736,-0.56968719,1.52616871,-0.87388930,-0.13197513,-2.98240182,0.048756,-0.299920,0.084857,0.048720,-0.300000,0.084897,0.019842,-0.002507,0.000000,0.00049206,0.00064594,-0.70759791,0.70661485,1
26.000000,0.03740277,-0.13417248,-0.55261114,1.52239123,-0.88307137,-0.12909827,-2.98331692,0.048027,-0.299919,0.086104,0.048000,-0.300000,0.086144,0.020000,0.000000,0.000000,0.00053492,0.00053411,-0.70764084,0.70657192,1
26.020000,0.03914145,-0.14225640,-0.53554572,1.52023547,-0.89222339,-0.12668402,-2.98481634,0.047297,-0.299919,0.087352,0.047280,-0.300000,0.087391,0.019842,0.002507,0.000000,0.00056933,0.00041386,-0.70767533,0.70653742,1
26.040000,0.03968936,-0.15020496,-0.51867406,1.51962757,-0.90130154,-0.12471775,-2.98683188,0.046567,-0.299920,0.088599,0.046560,-0.300000,0.088638,0.019372,0.004974,0.000000,0.00059475,0.00028709,-0.70770084,0.70651191,1
26.060000,0.03909533,-0.15787496,-0.50217593,1.52047499,-0.91026835,-0.12318162,-2.98928956,0.045838,-0.299922,0.089846,0.045840,-0.300000,0.089885,0.018596,0.007362,0.000000,0.00061077,0.00015580,-0.70771697,0.70649579,1
26.080000,0.03742475,-0.16512647,-0.48622495,1.52266846,-0.91909237,-0.12205523,-2.99211123,0.045108,-0.299926,0.091093,0.045120,-0.300000,0.091132,0.017526,0.009635,0.000000,0.00061716,0.00002205,-0.70772345,0.70648931,1
26.100000,0.03475850,-0.17182511,-0.47098603,1.52608397,-0.92774765,-0.12131603,-2.99521632,0.044380,-0.299931,0.092341,0.044400,-0.300000,0.092379,0.016180,0.011756,0.000000,0.00061381,-0.00011203,-0.70772018,0.70649258,1
26.120000,0.03119170,-0.17784428,-0.45661272,1.53058462,-0.93621320,-0.12093965,-2.99852330,0.043652,-0.299936,0.093588,0.043680,-0.300000,0.093626,0.014579,0.013691,0.000000,0.00060079,-0.00024434,-0.70770722,0.70650554,1
26.140000,0.02683227,-0.18306739,-0.44324468,1.53602263,-0.94447239,-0.12090003,-3.00195124,0.042925,-0.299943,0.094835,0.042960,-0.300000,0.094873,0.012748,0.015410,0.000000,0.00057830,-0.00037278,-0.70768477,0.70652799,1
26.160000,0.02179930,-0.18738992,-0.43100540,1.54224126,-0.95251238,-0.12116950,-3.00542115,0.042199,-0.299951,0.096082,0.042240,-0.300000,0.096120,0.010717,0.016887,0.000000,0.00054671,-0.00049535,-0.70765318,0.70655957,1
26.180000,0.01622120,-0.19072134,-0.41999990,1.54907692,-0.96032374,-0.12171877,-3.00885736,0.041474,-0.299960,0.097329,0.041520,-0.300000,0.097367,0.008516,0.018097,0.000000,0.00050651,-0.00061009,-0.70761297,0.70659979,1
26.200000,0.01023370,-0.19298677,-0.41031288,1.55636136,-0.96790007,-0.12251692,-3.01218867,0.040750,-0.299969,0.098576,0.040800,-0.300000,0.098614,0.006180,0.019021,0.000000,0.00045835,-0.00071522,-0.70756475,0.70664800,1
26.220000,0.00397769,-0.19412841,-0.40200708,1.56392387,-0.97523780,-0.12353135,-3.01534944,0.040027,-0.299979,0.099823,0.040080,-0.300000,0.099861,0.003748,0.019646,0.000000,0.00040297,-0.00080907,-0.70750931,0.70670345,1
26.240000,-0.00240312,-0.19410672,-0.39512195,1.57159361,-0.98233618,-0.12472785,-3.01828047,0.039305,-0.299989,0.101070,0.039360,-0.300000,0.101109,0.001256,0.019961,0.000000,0.00034127,-0.00089017,-0.70744751,0.70676524,1
26.260000,-0.00876447,-0.19290110,-0.38967288,1.57920194,-0.98919723,-0.12607064,-3.02092975,0.038585,-0.299999,0.102317,0.038640,-0.300000,0.102356,-0.001256,0.019961,0.000000,0.00027420,-0.00095723,-0.70738033,0.70683242,1
26.280000,-0.01496401,-0.19051041,-0.38565073,1.58658476,-0.99582598,-0.12752257,-3.02325298,0.037865,-0.300009,0.103564,0.037920,-0.300000,0.103603,-0.003748,0.019646,0.000000,0.00020283,-0.00100921,-0.70730884,0.70690391,1
26.300000,-0.02086357,-0.18695299,-0.38302194,1.59358474,-1.00223056,-0.12904539,-3.02521393,0.037147,-0.300019,0.104811,0.037200,-0.300000,0.104850,-0.006180,0.019021,0.000000,0.00012827,-0.00104530,-0.70723417,0.70697859,1
26.320000,-0.02633139,-0.18226635,-0.38172905,1.60005344,-1.00842251,-0.13060018,-3.02678455,0.036431,-0.300029,0.106058,0.036480,-0.300000,0.106097,-0.008516,0.018097,0.000000,0.00005170,-0.00106491,-0.70715748,0.70705527,1
26.340000,-0.03124424,-0.17650648,-0.38169177,1.60585339,-1.01441688,-0.13214777,-3.02794503,0.035715,-0.300038,0.107304,0.035760,-0.300000,0.107344,-0.010717,0.016887,0.000000,-0.00002569,-0.00106774,-0.70708001,0.70713275,1
26.360000,-0.03548926,-0.16974694,-0.38280841,1.61085980,-1.02023246,-0.13364937,-3.02868353,0.035000,-0.300047,0.108551,0.035040,-0.300000,0.108591,-0.012748,0.015410,0.000000,-0.00010267,-0.00105375,-0.70700295,0.70720980,1
26.380000,-0.03896562,-0.16207750,-0.38495772,1.61496226,-1.02589176,-0.13506722,-3.02899600,0.034287,-0.300055,0.109798,0.034320,-0.300000,0.109838,-0.014579,0.013691,0.000000,-0.00017804,-0.00102316,-0.70692754,0.70728521,1
26.400000,-0.04158595,-0.15360265,-0.38800119,1.61806608,-1.03142101,-0.13636528,-3.02888573,0.033574,-0.300062,0.111045,0.033600,-0.300000,0.111085,-0.016180,0.011756,0.000000,-0.00025061,-0.00097645,-0.70685496,0.70735779,1
26.420000,-0.04327748,-0.14443988,-0.39178541,1.62009351,-1.03684994,-0.13751001,-3.02836298,0.032862,-0.300068,0.112291,0.032880,-0.300000,0.112332,-0.017526,0.009635,0.000000,-0.00031925,-0.00091436,-0.70678635,0.70742640,1
26.440000,-0.04398294,-0.13471774,-0.39614487,1.62098463,-1.04221148,-0.13847100,-3.02744455,0.032151,-0.300073,0.113538,0.032160,-0.300000,0.113579,-0.018596,0.007362,0.000000,-0.00038287,-0.00083785,-0.70672279,0.70748996,1
26.460000,-0.04366121,-0.12457387,-0.40090479,1.62069816,-1.04754124,-0.13922173,-3.02615330,0.031440,-0.300077,0.114785,0.031440,-0.300000,0.114826,-0.019372,0.004974,0.000000,-0.00044048,-0.00074813,-0.70666528,0.70754747,1
26.480000,-0.04228777,-0.11415283,-0.40588405,1.61921188,-1.05287688,-0.13974014,-3.02451774,0.030730,-0.300079,0.116032,0.030720,-0.300000,0.116073,-0.019842,0.002507,0.000000,-0.00049116,-0.00064663,-0.70661472,0.70759803,1
26.500000,-0.03985487,-0.10360397,-0.41089823,1.61652295,-1.05825734,-0.14000914,-3.02257159,0.030020,-0.300081,0.117279,0.030000,-0.300000,0.117321,-0.020000,0.000000,0.000000,-0.00053411,-0.00053492,-0.70657192,0.70764084,1
26.520000,-0.03637153,-0.09307919,-0.41576254,1.61264790,-1.06372192,-0.14001697,-3.02035329,0.029310,-0.300081,0.118525,0.029280,-0.300000,0.118568,-0.019842,-0.002507,0.000000,-0.00056867,-0.00041478,-0.70653753,0.70767522,1
26.540000,-0.03186333,-0.08273073,-0.42029484,1.60762239,-1.06930925,-0.13975745,-3.01790558,0.028599,-0.300080,0.119772,0.028560,-0.300000,0.119815,-0.019372,-0.004974,0.000000,-0.00059426,-0.00028809,-0.70651210,0.70770065,1
26.560000,-0.02628412,-0.07254737,-0.42438017,1.60140340,-1.07515233,-0.13922209,-3.01523359,0.027864,-0.300039,0.121040,0.027840,-0.300000,0.121062,-0.018596,-0.007362,0.000000,-0.00061050,-0.00015685,-0.70649603,0.70771672,1
26.580000,-0.01985049,-0.06300356,-0.42771645,1.59423976,-1.08109799,-0.13842754,-3.01246704,0.027149,-0.300036,0.122288,0.027120,-0.300000,0.122309,-0.017526,-0.009635,0.000000,-0.00061712,-0.00002313,-0.70648958,0.70772318,1
26.600000,-0.01256473,-0.05407744,-0.43021432,1.58614308,-1.08726648,-0.13738035,-3.00962066,0.026433,-0.300034,0.123535,0.026400,-0.300000,0.123556,-0.016180,-0.011756,0.000000,-0.00061401,0.00011096,-0.70649283,0.70771992,1
26.620000,-0.00451114,-0.04589788,-0.43173047,1.57721604,-1.09368449,-0.13609539,-3.00674769,0.025717,-0.300031,0.124782,0.025680,-0.300000,0.124803,-0.014579,-0.013691,0.000000,-0.00060120,0.00024332,-0.70650575,0.70770700,1
26.640000,0.00421280,-0.03858572,-0.43213606,1.56757562,-1.10037147,-0.13459165,-3.00390263,0.025000,-0.300028,0.126029,0.024960,-0.300000,0.126050,-0.012748,-0.015410,0.000000,-0.00057891,0.00037184,-0.70652813,0.70768463,1
26.660000,0.01349911,-0.03224940,-0.43131955,1.55734978,-1.10734043,-0.13289146,-3.00113980,0.024283,-0.300024,0.127276,0.024240,-0.300000,0.127297,-0.010717,-0.016887,0.000000,-0.00054747,0.00049450,-0.70655961,0.70765315,1
26.680000,0.02323105,-0.02698315,-0.42918840,1.54667507,-1.11459758,-0.13101959,-2.99851223,0.023566,-0.300020,0.128523,0.023520,-0.300000,0.128544,-0.008516,-0.018097,0.000000,-0.00050738,0.00060937,-0.70659971,0.70761305,1
26.700000,0.03328516,-0.02286537,-0.42567033,1.53569399,-1.12214219,-0.12900243,-2.99607058,0.022848,-0.300015,0.129770,0.022800,-0.300000,0.129791,-0.006180,-0.019021,0.000000,-0.00045927,0.00071462,-0.70664779,0.70756497,1
26.720000,0.04353337,-0.01995726,-0.42071439,1.52455218,-1.12996673,-0.12686705,-2.99386212,0.022129,-0.300011,0.131017,0.022080,-0.300000,0.131038,-0.003748,-0.019646,0.000000,-0.00040390,0.00080861,-0.70670310,0.70750966,1
26.740000,0.05384526,-0.01830171,-0.41429154,1.51339575,-1.13805731,-0.12464034,-2.99192970,0.021410,-0.300006,0.132264,0.021360,-0.300000,0.132285,-0.001256,-0.019961,0.000000,-0.00034213,0.00088984,-0.70676477,0.70744799,1
26.760000,0.06409036,-0.01792247,-0.40639496,1.50236847,-1.14639431,-0.12234833,-2.99031081,0.020690,-0.300001,0.133512,0.020640,-0.300000,0.133533,0.001256,-0.019961,0.000000,-0.00027494,0.00095702,-0.70683183,0.70738093,1
26.780000,0.07414041,-0.01882370,-0.39704000,1.49160924,-1.15495323,-0.12001549,-2.98903690,0.019970,-0.299996,0.134759,0.019920,-0.300000,0.134780,0.003748,-0.019646,0.000000,-0.00020341,0.00100910,-0.70690322,0.70730953,1
26.800000,0.08387156,-0.02098978,-0.38626379,1.48124976,-1.16370569,-0.11766427,-2.98813268,0.019249,-0.299991,0.136006,0.019200,-0.300000,0.136027,0.006180,-0.019021,0.000000,-0.00012865,0.00104525,-0.70697783,0.70723493,1
26.820000,0.09316647,-0.02438557,-0.37412451,1.47141239,-1.17262042,-0.11531480,-2.98761581,0.018527,-0.299986,0.137253,0.018480,-0.300000,0.137274,0.008516,-0.018097,0.000000,-0.00005185,0.00106490,-0.70705447,0.70715828,1
26.840000,0.10191614,-0.02895690,-0.36070042,1.46220847,-1.18166434,-0.11298470,-2.98749658,0.017805,-0.299981,0.138500,0.017760,-0.300000,0.138521,0.010717,-0.016887,0.000000,0.00002577,0.00106774,-0.70713194,0.70708081,1
26.860000,0.11002159,-0.03463152,-0.34608861,1.45373684,-1.19080346,-0.11068907,-2.98777792,0.017082,-0.299977,0.139747,0.017040,-0.300000,0.139768,0.012748,-0.015410,0.000000,0.00010298,0.00105372,-0.70720902,0.70700373,1
26.880000,0.11739524,-0.04132021,-0.33040354,1.44608280,-1.20000373,-0.10844068,-2.98845550,0.016359,-0.299973,0.140995,0.016320,-0.300000,0.141015,0.014579,-0.013691,0.000000,0.00017855,0.00102307,-0.70728449,0.70692826,1
26.900000,0.12396204,-0.04891824,-0.31377540,1.43931732,-1.20923171,-0.10625014,-2.98951798,0.015635,-0.299969,0.142242,0.015600,-0.300000,0.142262,0.016180,-0.011756,0.000000,0.00025130,0.00097627,-0.70735716,0.70685559,1
26.920000,0.12966031,-0.05730708,-0.29634833,1.43349652,-1.21845508,-0.10412628,-2.99094736,0.014911,-0.299966,0.143489,0.014880,-0.300000,0.143509,0.017526,-0.009635,0.000000,0.00032008,0.00091407,-0.70742589,0.70678687,1
26.940000,0.13436716,-0.06621170,-0.27856873,1.42873715,-1.22749461,-0.10210865,-2.99268969,0.014214,-0.299928,0.144716,0.014160,-0.300000,0.144756,0.018596,-0.007362,0.000000,0.00038378,0.00083743,-0.70748957,0.70672318,1
26.960000,0.13821236,-0.07576769,-0.26003913,1.42490060,-1.23661403,-0.10013950,-2.99476877,0.013486,-0.299923,0.145963,0.013440,-0.300000,0.146003,0.019372,-0.004974,0.000000,0.00044141,0.00074758,-0.70754722,0.70666554,1
26.980000,0.14109232,-0.08570159,-0.24119526,1.42208428,-1.24564634,-0.09825574,-2.99712732,0.012756,-0.299920,0.147210,0.012720,-0.300000,0.147250,0.019842,-0.002507,0.000000,0.00049206,0.00064594,-0.70759791,0.70661485,1
27.000000,0.14299993,-0.09585552,-0.22222490,1.42028771,-1.25456115,-0.09646401,-2.99972542,0.012026,-0.299918,0.148458,0.012000,-0.300000,0.148497,0.020000,-0.000000,0.000000,0.00053492,0.00053411,-0.70764084,0.70657192,1
27.020000,0.14394492,-0.10607204,-0.20331088,1.41949378,-1.26333410,-0.09477025,-3.00252021,0.011297,-0.299918,0.149705,0.011280,-0.300000,0.149744,0.019842,0.002507,0.000000,0.00056933,0.00041386,-0.70767533,0.70653742,1
27.040000,0.14395107,-0.11619273,-0.18463644,1.41967176,-1.27194252,-0.09318079,-3.00546598,0.010567,-0.299919,0.150952,0.010560,-0.300000,0.150992,0.019372,0.004974,0.000000,0.00059475,0.00028709,-0.70770084,0.70651191,1
27.060000,0.14305564,-0.12606049,-0.16638288,1.42077801,-1.28036533,-0.09170262,-3.00851490,0.009837,-0.299922,0.152200,0.009840,-0.300000,0.152239,0.018596,0.007362,0.000000,0.00061077,0.00015580,-0.70771697,0.70649579,1
27.080000,0.14130876,-0.13552185,-0.14872674,1.42275671,-1.28858308,-0.09034344,-3.01161797,0.009108,-0.299925,0.153447,0.009120,-0.300000,0.153486,0.017526,0.009635,0.000000,0.00061716,0.00002205,-0.70772345,0.70648931,1
27.100000,0.13877265,-0.14442938,-0.13183697,1.42554069,-1.29657817,-0.08911157,-3.01472590,0.008379,-0.299930,0.154694,0.008400,-0.300000,0.154733,0.016180,0.011756,0.000000,0.00061381,-0.00011203,-0.70772018,0.70649258,1
27.120000,0.13552080,-0.15264402,-0.11587191,1.42905234,-1.30433517,-0.08801582,-3.01779013,0.007652,-0.299936,0.155941,0.007680,-0.300000,0.155980,0.014579,0.013691,0.000000,0.00060079,-0.00024434,-0.70770722,0.70650554,1
27.140000,0.13163687,-0.16003739,-0.10097635,1.43320465,-1.31184123,-0.08706512,-3.02076383,0.006925,-0.299943,0.157189,0.006960,-0.300000,0.157227,0.012748,0.015410,0.000000,0.00057830,-0.00037278,-0.70768477,0.70652799,1
27.160000,0.12721355,-0.16649399,-0.08727848,1.43790233,-1.31908666,-0.08626813,-3.02360292,0.006198,-0.299951,0.158436,0.006240,-0.300000,0.158474,0.010717,0.016887,0.000000,0.00054671,-0.00049535,-0.70765318,0.70655957,1
27.180000,0.12235123,-0.17191323,-0.07488710,1.44304309,-1.32606554,-0.08563263,-3.02626709,0.005473,-0.299959,0.159683,0.005520,-0.300000,0.159721,0.008516,0.018097,0.000000,0.00050651,-0.00061009,-0.70761297,0.70659979,1
27.200000,0.11715653,-0.17621136,-0.06388890,1.44851898,-1.33277642,-0.08516500,-3.02872072,0.004749,-0.299969,0.160930,0.004800,-0.300000,0.160968,0.006180,0.019021,0.000000,0.00045835,-0.00071522,-0.70756475,0.70664800,1
27.220000,0.11174071,-0.17932305,-0.05434627,1.45421789,-1.33922289,-0.08486956,-3.03093368,0.004026,-0.299978,0.162177,0.004080,-0.300000,0.162215,0.003748,0.019646,0.000000,0.00040297,-0.00080907,-0.70750931,0.70670345,1
27.240000,0.10621798,-0.18120271,-0.04629536,1.46002515,-1.34541419,-0.08474797,-3.03288202,0.003305,-0.299988,0.163424,0.003360,-0.300000,0.163462,0.001256,0.019961,0.000000,0.00034127,-0.00089017,-0.70744751,0.70676524,1
27.260000,0.10070365,-0.18182548,-0.03974481,1.46582520,-1.35136555,-0.08479876,-3.03454844,0.002584,-0.299999,0.164671,0.002640,-0.300000,0.164709,-0.001256,0.019961,0.000000,0.00027420,-0.00095723,-0.70738033,0.70683242,1
27.280000,0.09531234,-0.18118781,-0.03467511,1.47150330,-1.35709841,-0.08501697,-3.03592255,0.001865,-0.300009,0.165918,0.001920,-0.300000,0.165956,-0.003748,0.019646,0.000000,0.00020283,-0.00100921,-0.70730884,0.70690391,1
27.300000,0.09015611,-0.17930759,-0.03103863,1.47694729,-1.36264039,-0.08539394,-3.03700094,0.001147,-0.300019,0.167165,0.001200,-0.300000,0.167204,-0.006180,0.019021,0.000000,0.00012827,-0.00104530,-0.70723417,0.70697859,1
27.320000,0.08534262,-0.17622386,-0.02876041,1.48204937,-1.36802489,-0.08591734,-3.03778696,0.000431,-0.300029,0.168412,0.000480,-0.300000,0.168451,-0.008516,0.018097,0.000000,0.00005170,-0.00106491,-0.70715748,0.70705527,1
27.340000,0.08116175,-0.17155719,-0.03289458,1.48643501,-1.36859455,-0.08692744,-3.03749047,-0.000285,-0.300038,0.168853,-0.000240,-0.300000,0.168866,-0.010717,0.016887,0.000000,-0.00002569,-0.00106774,-0.70708001,0.70713275,1
27.360000,0.07786624,-0.16495140,-0.04859567,1.48977649,-1.35956188,-0.08878733,-3.03536752,-0.001000,-0.300047,0.167658,-0.000960,-0.300000,0.167619,-0.012748,0.015410,0.000000,-0.00010267,-0.00105375,-0.70700295,0.70720980,1
27.380000,0.07516082,-0.15738709,-0.06553478,1.49253629,-1.35023189,-0.09076910,-3.03303981,-0.001713,-0.300055,0.166413,-0.001680,-0.300000,0.166372,-0.014579,0.013691,0.000000,-0.00017804,-0.00102316,-0.70692754,0.70728521,1
27.400000,0.07312254,-0.14900518,-0.08322591,1.49463589,-1.34094949,-0.09280799,-3.03056816,-0.002426,-0.300062,0.165165,-0.002400,-0.300000,0.165125,-0.016180,0.011756,0.000000,-0.00025061,-0.00097645,-0.70685496,0.70735779,1
27.420000,0.07182960,-0.13993336,-0.10147853,1.49598956,-1.33177883,-0.09485919,-3.02796623,-0.003138,-0.300068,0.163918,-0.003120,-0.300000,0.163878,-0.017526,0.009635,0.000000,-0.00031925,-0.00091436,-0.70678635,0.70742640,1
27.440000,0.07134952,-0.13030879,-0.12010427,1.49652122,-1.32277300,-0.09687824,-3.02524584,-0.003849,-0.300073,0.162671,-0.003840,-0.300000,0.162631,-0.018596,0.007362,0.000000,-0.00038287,-0.00083785,-0.70672279,0.70748996,1
27.460000,0.07173756,-0.12027656,-0.13891109,1.49616630,-1.31398148,-0.09882157,-3.02241841,-0.004559,-0.300077,0.161423,-0.004560,-0.300000,0.161384,-0.019372,0.004974,0.000000,-0.00044048,-0.00074813,-0.70666528,0.70754747,1
27.480000,0.07303573,-0.10998757,-0.15770605,1.49487313,-1.30544965,-0.10064761,-3.01949522,-0.005270,-0.300080,0.160176,-0.005280,-0.300000,0.160137,-0.019842,0.002507,0.000000,-0.00049116,-0.00064663,-0.70661472,0.70759803,1
27.500000,0.07527197,-0.09959628,-0.17629827,1.49260406,-1.29721818,-0.10231772,-3.01648765,-0.005980,-0.300081,0.158928,-0.006000,-0.300000,0.158890,-0.020000,-0.000000,0.000000,-0.00053411,-0.00053492,-0.70657192,0.70764084,1
27.520000,0.07845952,-0.08925854,-0.19450157,1.48933650,-1.28932259,-0.10379704,-3.01340761,-0.006690,-0.300081,0.157681,-0.006720,-0.300000,0.157643,-0.019842,-0.002507,0.000000,-0.00056867,-0.00041478,-0.70653753,0.70767522,1
27.540000,0.08259653,-0.07912936,-0.21213706,1.48506365,-1.28179291,-0.10505520,-3.01026785,-0.007400,-0.300080,0.156434,-0.007440,-0.300000,0.156396,-0.019372,-0.004974,0.000000,-0.00059426,-0.00028809,-0.70651210,0.70770065,1
27.560000,0.08766593,-0.06936075,-0.22903545,1.47979502,-1.27465341,-0.10606685,-3.00708226,-0.008110,-0.300078,0.155187,-0.008160,-0.300000,0.155148,-0.018596,-0.007362,0.000000,-0.00061050,-0.00015685,-0.70649603,0.70771672,1
27.580000,0.09373239,-0.05995091,-0.24529359,1.47345501,-1.26781722,-0.10682274,-3.00381430,-0.008851,-0.300037,0.153920,-0.008880,-0.300000,0.153901,-0.017526,-0.009635,0.000000,-0.00061712,-0.00002313,-0.70648958,0.70772318,1
27.600000,0.10057046,-0.05134479,-0.26024639,1.46627276,-1.26151240,-0.10728241,-3.00058375,-0.009567,-0.300034,0.152673,-0.009600,-0.300000,0.152654,-0.016180,-0.011756,0.000000,-0.00061401,0.00011096,-0.70649283,0.70771992,1
27.620000,0.10819821,-0.04352048,-0.27402691,1.45822410,-1.25563613,-0.10745197,-2.99735941,-0.010283,-0.300031,0.151426,-0.010320,-0.300000,0.151407,-0.014579,-0.013691,0.000000,-0.00060120,0.00024332,-0.70650575,0.70770700,1
27.640000,0.11654221,-0.03659442,-0.28652879,1.44938166,-1.25018649,-0.10732833,-2.99416072,-0.010999,-0.300028,0.150179,-0.011040,-0.300000,0.150160,-0.012748,-0.015410,0.000000,-0.00057891,0.00037184,-0.70652813,0.70768463,1
27.660000,0.12551570,-0.03067214,-0.29766062,1.43983338,-1.24515682,-0.10691341,-2.99100917,-0.011716,-0.300024,0.148932,-0.011760,-0.300000,0.148913,-0.010717,-0.016887,0.000000,-0.00054747,0.00049450,-0.70655961,0.70765315,1
27.680000,0.13502121,-0.02584439,-0.30735107,1.42967970,-1.24053416,-0.10621393,-2.98792724,-0.012434,-0.300020,0.147685,-0.012480,-0.300000,0.147666,-0.008516,-0.018097,0.000000,-0.00050738,0.00060937,-0.70659971,0.70761305,1
27.700000,0.14495229,-0.02218547,-0.31554993,1.41903168,-1.23629936,-0.10524095,-2.98493788,-0.013152,-0.300015,0.146438,-0.013200,-0.300000,0.146419,-0.006180,-0.019021,0.000000,-0.00045927,0.00071462,-0.70664779,0.70756497,1
27.720000,0.15519534,-0.01975207,-0.32222892,1.40800890,-1.23242719,-0.10400930,-2.98206395,-0.013870,-0.300010,0.145190,-0.013920,-0.300000,0.145172,-0.003748,-0.019646,0.000000,-0.00040390,0.00080861,-0.70670310,0.70750966,1
27.740000,0.16563168,-0.01858221,-0.32738214,1.39673708,-1.22888670,-0.10253699,-2.97932754,-0.014590,-0.300006,0.143943,-0.014640,-0.300000,0.143925,-0.001256,-0.019961,0.000000,-0.00034213,0.00088984,-0.70676477,0.70744799,1
27.760000,0.17613971,-0.01869458,-0.33102620,1.38534561,-1.22564148,-0.10084462,-2.97674936,-0.015309,-0.300001,0.142696,-0.015360,-0.300000,0.142678,0.001256,-0.019961,0.000000,-0.00027494,0.00095702,-0.70683183,0.70738093,1
27.780000,0.18659705,-0.02008819,-0.33320015,1.37396498,-1.22265023,-0.09895480,-2.97434799,-0.016030,-0.299995,0.141449,-0.016080,-0.300000,0.141431,0.003748,-0.019646,0.000000,-0.00020341,0.00100910,-0.70690322,0.70730953,1
27.800000,0.19688281,-0.02274234,-0.33396490,1.36272430,-1.21986729,-0.09689154,-2.97213932,-0.016751,-0.299990,0.140202,-0.016800,-0.300000,0.140184,0.006180,-0.019021,0.000000,-0.00012865,0.00104525,-0.70697783,0.70723493,1
27.820000,0.20687962,-0.02661697,-0.33340251,1.35174887,-1.21724327,-0.09467988,-2.97013595,-0.017472,-0.299986,0.138955,-0.017520,-0.300000,0.138937,0.008516,-0.018097,0.000000,-0.00005185,0.00106490,-0.70705447,0.70715828,1
27.840000,0.21647563,-0.03165334,-0.33161504,1.34115798,-1.21472580,-0.09234539,-2.96834674,-0.018195,-0.299981,0.137708,-0.018240,-0.300000,0.137689,0.010717,-0.016887,0.000000,0.00002577,0.00106774,-0.70713194,0.70708081,1
27.860000,0.22556632,-0.03777506,-0.32872314,1.33106293,-1.21226026,-0.08991393,-2.96677644,-0.018917,-0.299977,0.136461,-0.018960,-0.300000,0.136442,0.012748,-0.015410,0.000000,0.00010298,0.00105372,-0.70720902,0.70700373,1
27.880000,0.23405602,-0.04488930,-0.32486439,1.32156532,-1.20979059,-0.08741139,-2.96542549,-0.019641,-0.299973,0.135214,-0.019680,-0.300000,0.135195,0.014579,-0.013691,0.000000,0.00017855,0.00102307,-0.70728449,0.70692826,1
27.900000,0.24185928,-0.05288841,-0.32019137,1.31275564,-1.20726005,-0.08486358,-2.96428993,-0.020364,-0.299969,0.133967,-0.020400,-0.300000,0.133948,0.016180,-0.011756,0.000000,0.00025130,0.00097627,-0.70735716,0.70685559,1
27.920000,0.24890196,-0.06165164,-0.31486951,1.30471222,-1.20461204,-0.08229614,-2.96336139,-0.021088,-0.299966,0.132721,-0.021120,-0.300000,0.132701,0.017526,-0.009635,0.000000,0.00032008,0.00091407,-0.70742589,0.70678687,1
27.940000,0.25502283,-0.07089778,-0.30916993,1.29761533,-1.20183227,-0.07977546,-2.96263875,-0.021785,-0.299928,0.131493,-0.021840,-0.300000,0.131454,0.018596,-0.007362,0.000000,0.00038378,0.00083743,-0.70748957,0.70672318,1
27.960000,0.26038187,-0.08077200,-0.30309382,1.29127637,-1.19878888,-0.07724574,-2.96208011,-0.022514,-0.299923,0.130247,-0.022560,-0.300000,0.130207,0.019372,-0.004974,0.000000,0.00044141,0.00074758,-0.70754722,0.70666554,1
27.980000,0.26483719,-0.09099631,-0.29691183,1.28585403,-1.19546689,-0.07477058,-2.96167930,-0.023243,-0.299920,0.129000,-0.023280,-0.300000,0.128960,0.019842,-0.002507,0.000000,0.00049206,0.00064594,-0.70759791,0.70661485,1
28.000000,0.26836275,-0.10141426,-0.29081817,1.28137621,-1.19181905,-0.07237610,-2.96141368,-0.023973,-0.299919,0.127753,-0.024000,-0.300000,0.127713,0.020000,-0.000000,0.000000,0.00053492,0.00053411,-0.70764084,0.70657192,1
28.020000,0.27094936,-0.11187107,-0.28500390,1.27785308,-1.18780129,-0.07008700,-2.96125769,-0.024703,-0.299918,0.126506,-0.024720,-0.300000,0.126466,0.019842,0.002507,0.000000,0.00056933,0.00041386,-0.70767533,0.70653742,1
28.040000,0.27260154,-0.12221214,-0.27965644,1.27528080,-1.18337447,-0.06792749,-2.96118385,-0.025433,-0.299920,0.125260,-0.025440,-0.300000,0.125219,0.019372,0.004974,0.000000,0.00059475,0.00028709,-0.70770084,0.70651191,1
28.060000,0.27333737,-0.13228527,-0.27495654,1.27364186,-1.17850518,-0.06592108,-2.96116340,-0.026163,-0.299922,0.124013,-0.026160,-0.300000,0.123972,0.018596,0.007362,0.000000,0.00061077,0.00015580,-0.70771697,0.70649579,1
28.080000,0.27318829,-0.14194299,-0.27107519,1.27290531,-1.17316660,-0.06409023,-2.96116695,-0.026892,-0.299926,0.122766,-0.026880,-0.300000,0.122725,0.017526,0.009635,0.000000,0.00061716,0.00002205,-0.70772345,0.70648931,1
28.100000,0.27219880,-0.15104488,-0.26817050,1.27302715,-1.16733928,-0.06245580,-2.96116512,-0.027620,-0.299931,0.121519,-0.027600,-0.300000,0.121477,0.016180,0.011756,0.000000,0.00061381,-0.00011203,-0.70772018,0.70649258,1
28.120000,0.27042611,-0.15945975,-0.26638480,1.27395066,-1.16101194,-0.06103652,-2.96112914,-0.028348,-0.299936,0.120272,-0.028320,-0.300000,0.120230,0.014579,0.013691,0.000000,0.00060079,-0.00024434,-0.70770722,0.70650554,1
28.140000,0.26793964,-0.16706776,-0.26584182,1.27560686,-1.15418210,-0.05984819,-2.96103133,-0.029076,-0.299943,0.119025,-0.029040,-0.300000,0.118983,0.012748,0.015410,0.000000,0.00057830,-0.00037278,-0.70768477,0.70652799,1
28.160000,0.26482041,-0.17376235,-0.26664424,1.27791506,-1.14685664,-0.05890301,-2.96084551,-0.029802,-0.299951,0.117778,-0.029760,-0.300000,0.117736,0.010717,0.016887,0.000000,0.00054671,-0.00049535,-0.70765318,0.70655957,1
28.180000,0.26116024,-0.17945195,-0.26887148,1.28078342,-1.13905214,-0.05820870,-2.96054727,-0.030527,-0.299960,0.116531,-0.030480,-0.300000,0.116489,0.008516,0.018097,0.000000,0.00050651,-0.00061009,-0.70761297,0.70659979,1
28.200000,0.25706083,-0.18406154,-0.27257803,1.28410967,-1.13079508,-0.05776780,-2.96011415,-0.031251,-0.299969,0.115284,-0.031200,-0.300000,0.115242,0.006180,0.019021,0.000000,0.00045835,-0.00071522,-0.70756475,0.70664800,1
28.220000,0.25263257,-0.18753383,-0.27779219,1.28778199,-1.12212172,-0.05757689,-2.95952555,-0.031974,-0.299979,0.114037,-0.031920,-0.300000,0.113995,0.003748,0.019646,0.000000,0.00040297,-0.00080907,-0.70750931,0.70670345,1
28.240000,0.24799321,-0.18983020,-0.28451544,1.29168000,-1.11307779,-0.05762609,-2.95876271,-0.032696,-0.299989,0.112790,-0.032640,-0.300000,0.112748,0.001256,0.019961,0.000000,0.00034127,-0.00089017,-0.70744751,0.70676524,1
28.260000,0.24326626,-0.19093123,-0.29272232,1.29567601,-1.10371784,-0.05789861,-2.95780836,-0.033416,-0.299999,0.111543,-0.033360,-0.300000,0.111501,-0.001256,0.019961,0.000000,0.00027420,-0.00095723,-0.70738033,0.70683242,1
28.280000,0.23857924,-0.19083698,-0.30236090,1.29963637,-1.09410444,-0.05837066,-2.95664651,-0.034135,-0.300009,0.110296,-0.034080,-0.300000,0.110254,-0.003748,0.019646,0.000000,0.00020283,-0.00100921,-0.70730884,0.70690391,1
28.300000,0.23406171,-0.18956678,-0.31335383,1.30342319,-1.08430710,-0.05901150,-2.95526212,-0.034853,-0.300019,0.109048,-0.034800,-0.300000,0.109007,-0.006180,0.019021,0.000000,0.00012827,-0.00104530,-0.70723417,0.70697859,1
28.320000,0.22984317,-0.18715881,-0.32559991,1.30689618,-1.07440109,-0.05978388,-2.95364083,-0.035570,-0.300029,0.107801,-0.035520,-0.300000,0.107760,-0.008516,0.018097,0.000000,0.00005170,-0.00106491,-0.70715748,0.70705527,1
28.340000,0.22605084,-0.18366922,-0.33897603,1.30991478,-1.06446608,-0.06064472,-2.95176879,-0.036286,-0.300038,0.106554,-0.036240,-0.300000,0.106513,-0.010717,0.016887,0.000000,-0.00002569,-0.00106774,-0.70708001,0.70713275,1
28.360000,0.22280741,-0.17917104,-0.35333961,1.31234056,-1.05458486,-0.06154611,-2.94963269,-0.037000,-0.300047,0.105307,-0.036960,-0.300000,0.105265,-0.012748,0.015410,0.000000,-0.00010267,-0.00105375,-0.70700295,0.70720980,1
28.380000,0.22022876,-0.17375279,-0.36853124,1.31403975,-1.04484190,-0.06243656,-2.94721989,-0.037713,-0.300055,0.104059,-0.037680,-0.300000,0.104018,-0.014579,0.013691,0.000000,-0.00017804,-0.00102316,-0.70692754,0.70728521,1
28.400000,0.21842174,-0.16751687,-0.38437755,1.31488599,-1.03532213,-0.06326250,-2.94451883,-0.038426,-0.300062,0.102812,-0.038400,-0.300000,0.102771,-0.016180,0.011756,0.000000,-0.00025061,-0.00097645,-0.70685496,0.70735779,1
28.420000,0.21748206,-0.16057776,-0.40069430,1.31476325,-1.02610966,-0.06396994,-2.94151959,-0.039138,-0.300068,0.101565,-0.039120,-0.300000,0.101524,-0.017526,0.009635,0.000000,-0.00031925,-0.00091436,-0.70678635,0.70742640,1
28.440000,0.21749240,-0.15306011,-0.41728946,1.31356869,-1.01728664,-0.06450621,-2.93821470,-0.039849,-0.300073,0.100317,-0.039840,-0.300000,0.100277,-0.018596,0.007362,0.000000,-0.00038287,-0.00083785,-0.70672279,0.70748996,1
28.460000,0.21852058,-0.14509667,-0.43396635,1.31121558,-1.00893212,-0.06482182,-2.93460000,-0.040560,-0.300077,0.099070,-0.040560,-0.300000,0.099030,-0.019372,0.004974,0.000000,-0.00044048,-0.00074813,-0.70666528,0.70754747,1
28.480000,0.22061817,-0.13682626,-0.45052682,1.30763607,-1.00112097,-0.06487222,-2.93067572,-0.041270,-0.300080,0.097822,-0.041280,-0.300000,0.097783,-0.019842,0.002507,0.000000,-0.00049116,-0.00064663,-0.70661472,0.70759803,1
28.500000,0.22381923,-0.12839161,-0.46677433,1.30278366,-0.99392272,-0.06461940,-2.92644744,-0.041980,-0.300081,0.096575,-0.042000,-0.300000,0.096536,-0.020000,0.000000,0.000000,-0.00053411,-0.00053492,-0.70657192,0.70764084,1
28.520000,0.22813945,-0.11993729,-0.48251696,1.29663533,-0.98740041,-0.06403335,-2.92192707,-0.042690,-0.300081,0.095328,-0.042720,-0.300000,0.095289,-0.019842,-0.002507,0.000000,-0.00056867,-0.00041478,-0.70653753,0.70767522,1
28.540000,0.23357559,-0.11160759,-0.49757039,1.28919307,-0.98160926,-0.06309313,-2.91713362,-0.043400,-0.300080,0.094080,-0.043440,-0.300000,0.094042,-0.019372,-0.004974,0.000000,-0.00059426,-0.00028809,-0.70651210,0.70770065,1
28.560000,0.24010534,-0.10354451,-0.51176069,1.28048482,-0.97659534,-0.06178765,-2.91209368,-0.044111,-0.300078,0.092833,-0.044160,-0.300000,0.092795,-0.018596,-0.007362,0.000000,-0.00061050,-0.00015685,-0.70649603,0.70771672,1
28.580000,0.24781041,-0.09576223,-0.52513678,1.27040336,-0.97233002,-0.06008809,-2.90675657,-0.044851,-0.300037,0.091567,-0.044880,-0.300000,0.091548,-0.017526,-0.009635,0.000000,-0.00061712,-0.00002313,-0.70648958,0.70772318,1
28.600000,0.25640344,-0.08864608,-0.53711822,1.25932980,-0.96897776,-0.05805304,-2.90133032,-0.045567,-0.300034,0.090319,-0.045600,-0.300000,0.090301,-0.016180,-0.011756,0.000000,-0.00061401,0.00011096,-0.70649283,0.70771992,1
28.620000,0.26590972,-0.08219369,-0.54779771,1.24723040,-0.96647258,-0.05567974,-2.89578458,-0.046283,-0.300031,0.089072,-0.046320,-0.300000,0.089053,-0.014579,-0.013691,0.000000,-0.00060120,0.00024332,-0.70650575,0.70770700,1
28.640000,0.27623803,-0.07651706,-0.55707162,1.23422723,-0.96480833,-0.05299440,-2.89017242,-0.046999,-0.300028,0.087825,-0.047040,-0.300000,0.087806,-0.012748,-0.015410,0.000000,-0.00057891,0.00037184,-0.70652813,0.70768463,1
28.660000,0.28728148,-0.07171900,-0.56485481,1.22046205,-0.96396431,-0.05003021,-2.88455213,-0.047716,-0.300024,0.086578,-0.047760,-0.300000,0.086559,-0.010717,-0.016887,0.000000,-0.00054747,0.00049450,-0.70655961,0.70765315,1
28.680000,0.29892123,-0.06788972,-0.57108532,1.20609018,-0.96390381,-0.04682523,-2.87898402,-0.048434,-0.300020,0.085331,-0.048480,-0.300000,0.085312,-0.008516,-0.018097,0.000000,-0.00050738,0.00060937,-0.70659971,0.70761305,1
28.700000,0.31102888,-0.06510559,-0.57572546,1.19127593,-0.96457413,-0.04342042,-2.87352827,-0.049152,-0.300015,0.084084,-0.049200,-0.300000,0.084065,-0.006180,-0.019021,0.000000,-0.00045927,0.00071462,-0.70664779,0.70756497,1
28.720000,0.32346910,-0.06342792,-0.57876245,1.17618797,-0.96590723,-0.03985764,-2.86824267,-0.049870,-0.300010,0.082837,-0.049920,-0.300000,0.082818,-0.003748,-0.019646,0.000000,-0.00040390,0.00080861,-0.70670310,0.70750966,1
28.740000,0.33610235,-0.06290206,-0.58020869,1.16099471,-0.96782097,-0.03617784,-2.86318049,-0.050590,-0.300005,0.081590,-0.050640,-0.300000,0.081571,-0.001256,-0.019961,0.000000,-0.00034213,0.00088984,-0.70676477,0.70744799,1
28.760000,0.34878764,-0.06355656,-0.58010154,1.14586003,-0.97022095,-0.03241941,-2.85838857,-0.051309,-0.300000,0.080343,-0.051360,-0.300000,0.080324,0.001256,-0.019961,0.000000,-0.00027494,0.00095702,-0.70683183,0.70738093,1
28.780000,0.36138528,-0.06540267,-0.57850262,1.13093953,-0.97300270,-0.02861697,-2.85390574,-0.052030,-0.299995,0.079095,-0.052080,-0.300000,0.079077,0.003748,-0.019646,0.000000,-0.00020341,0.00100910,-0.70690322,0.70730953,1
28.800000,0.37375940,-0.06843395,-0.57549681,1.11637750,-0.97605429,-0.02480044,-2.84976167,-0.052751,-0.299990,0.077848,-0.052800,-0.300000,0.077830,0.006180,-0.019021,0.000000,-0.00012865,0.00104525,-0.70697783,0.70723493,1
28.820000,0.38578034,-0.07262625,-0.57119081,1.10230453,-0.97925904,-0.02099466,-2.84597622,-0.053472,-0.299986,0.076601,-0.053520,-0.300000,0.076583,0.008516,-0.018097,0.000000,-0.00005185,0.00106490,-0.70705447,0.70715828,1
28.840000,0.39732669,-0.07793796,-0.56571129,1.08883596,-0.98249834,-0.01721933,-2.84255925,-0.054195,-0.299981,0.075354,-0.054240,-0.300000,0.075336,0.010717,-0.016887,0.000000,0.00002577,0.00106774,-0.70713194,0.70708081,1
28.860000,0.40828704,-0.08431054,-0.55920286,1.07607092,-0.98565420,-0.01348931,-2.83951078,-0.054917,-0.299977,0.074107,-0.054960,-0.300000,0.074089,0.012748,-0.015410,0.000000,0.00010298,0.00105372,-0.70720902,0.70700373,1
28.880000,0.41856137,-0.09166935,-0.55182569,1.06409204,-0.98861169,-0.00981521,-2.83682167,-0.055640,-0.299973,0.072860,-0.055680,-0.300000,0.072841,0.014579,-0.013691,0.000000,0.00017855,0.00102307,-0.70728449,0.70692826,1
28.900000,0.42806212,-0.09992480,-0.54375303,1.05296557,-0.99126101,-0.00620417,-2.83447438,-0.056364,-0.299969,0.071614,-0.056400,-0.300000,0.071594,0.016180,-0.011756,0.000000,0.00025130,0.00097627,-0.70735716,0.70685559,1
28.920000,0.43671487,-0.10897373,-0.53516850,1.04274183,-0.99349918,-0.00266072,-2.83244412,-0.057088,-0.299966,0.070367,-0.057120,-0.300000,0.070347,0.017526,-0.009635,0.000000,0.00032008,0.00091407,-0.70742589,0.70678687,1
28.940000,0.44433551,-0.11854736,-0.52640749,1.03360232,-0.99520008,0.00075812,-2.83072639,-0.057785,-0.299928,0.069139,-0.057840,-0.300000,0.069100,0.018596,-0.007362,0.000000,0.00038378,0.00083743,-0.70748957,0.70672318,1
28.960000,0.45113504,-0.12881442,-0.51738423,1.02526455,-0.99634921,0.00415813,-2.82922937,-0.058513,-0.299923,0.067893,-0.058560,-0.300000,0.067853,0.019372,-0.004974,0.000000,0.00044141,0.00074758,-0.70754722,0.70666554,1
28.980000,0.45695056,-0.13950808,-0.50842643,1.01788758,-0.99683410,0.00748555,-2.82794288,-0.059243,-0.299920,0.066646,-0.059280,-0.300000,0.066606,0.019842,-0.002507,0.000000,0.00049206,0.00064594,-0.70759791,0.70661485,1
29.000000,0.46175851,-0.15048522,-0.49973504,1.01147071,-0.99658828,0.01073653,-2.82682577,-0.059973,-0.299919,0.065399,-0.060000,-0.300000,0.065359,0.020000,0.000000,0.000000,0.00053492,0.00053411,-0.70764084,0.70657192,1
29.020000,0.14067107,-0.12234614,-0.47432283,1.40125923,-0.98078081,-0.08886422,-2.95778747,0.019408,-0.297637,0.099537,0.019478,-0.297632,0.099583,0.019842,0.002507,0.000000,0.00056923,0.00041400,-0.70750995,0.70670303,0
29.040000,0.14067107,-0.12234614,-0.47432283,1.40125923,-0.98078081,-0.08886422,-2.95778747,0.019312,-0.295156,0.099580,0.019382,-0.295151,0.099626,0.019372,0.004974,0.000000,0.00059448,0.00028764,-0.70704354,0.70716970,0
29.060000,0.14067107,-0.12234614,-0.47432283,1.40125923,-0.98078081,-0.08886422,-2.95778747,0.019191,-0.292751,0.099629,0.019260,-0.292745,0.099675,0.018596,0.007362,0.000000,0.00061045,0.00015707,-0.70624723,0.70796501,0
29.080000,0.14067107,-0.12234614,-0.47432283,1.40125923,-0.98078081,-0.08886422,-2.95778747,0.019051,-0.290457,0.099683,0.019121,-0.290451,0.099729,0.017526,0.009635,0.000000,0.00061707,0.00002432,-0.70512631,0.70908145,0
29.100000,0.14067107,-0.12234614,-0.47432283,1.40125923,-0.98078081,-0.08886422,-2.95778747,0.018905,-0.288308,0.099741,0.018974,-0.288302,0.099787,0.016180,0.011756,0.000000,0.00061444,-0.00010853,-0.70368586,0.71051096,0
29.120000,0.14067107,-0.12234614,-0.47432283,1.40125923,-0.98078081,-0.08886422,-2.95778747,0.018767,-0.286336,0.099803,0.018837,-0.286329,0.099848,0.014579,0.013691,0.000000,0.00060276,-0.00023944,-0.70193074,0.71224492,0
29.140000,0.14067107,-0.12234614,-0.47432283,1.40125923,-0.98078081,-0.08886422,-2.95778747,0.018658,-0.284566,0.099867,0.018727,-0.284559,0.099912,0.012748,0.015410,0.000000,0.00058237,-0.00036640,-0.69986561,0.71427422,0
29.160000,0.14067107,-0.12234614,-0.47432283,1.40125923,-0.98078081,-0.08886422,-2.95778747,0.018600,-0.283023,0.099932,0.018670,-0.283015,0.099978,0.010717,0.016887,0.000000,0.00055372,-0.00048749,-0.69749500,0.71658927,0
29.180000,0.14067107,-0.12234614,-0.47432283,1.40125923,-0.98078081,-0.08886422,-2.95778747,0.018620,-0.281724,0.099998,0.018689,-0.281716,0.100043,0.008516,0.018097,0.000000,0.00051737,-0.00060091,-0.69482333,0.71918002,0
29.200000,0.14067107,-0.12234614,-0.47432283,1.40125923,-0.98078081,-0.08886422,-2.95778747,0.018745,-0.280685,0.100063,0.018815,-0.280676,0.100109,0.006180,0.019021,0.000000,0.00047396,-0.00070497,-0.69185492,0.72203604,0
29.220000,0.14067107,-0.12234614,-0.47432283,1.40125923,-0.98078081,-0.08886422,-2.95778747,0.019007,-0.279914,0.100126,0.019076,-0.279905,0.100172,0.003748,0.019646,0.000000,0.00042421,-0.00079814,-0.68859403,0.72514650,0
29.240000,0.14067107,-0.12234614,-0.47432283,1.40125923,-0.98078081,-0.08886422,-2.95778747,0.019436,-0.279416,0.100187,0.019505,-0.279406,0.100232,0.001256,0.019961,0.000000,0.00036888,-0.00087908,-0.68504488,0.72850024,0
29.260000,0.14067107,-0.12234614,-0.47432283,1.40125923,-0.98078081,-0.08886422,-2.95778747,0.020064,-0.279190,0.100244,0.020133,-0.279179,0.100289,-0.001256,0.019961,0.000000,0.00030883,-0.00094663,-0.68121169,0.73208581,0
29.280000,0.14067107,-0.12234614,-0.47432283,1.40125923,-0.98078081,-0.08886422,-2.95778747,0.020925,-0.279229,0.100296,0.020994,-0.279218,0.100342,-0.003748,0.019646,0.000000,0.00024489,-0.00099984,-0.67709868,0.73589151,0
29.300000,0.14067107,-0.12234614,-0.47432283,1.40125923,-0.98078081,-0.08886422,-2.95778747,0.022049,-0.279523,0.100343,0.022118,-0.279511,0.100389,-0.006180,0.019021,0.000000,0.00017798,-0.00103799,-0.67271007,0.73990543,0
29.320000,0.14067107,-0.12234614,-0.47432283,1.40125923,-0.98078081,-0.08886422,-2.95778747,0.023468,-0.280055,0.100384,0.023537,-0.280042,0.100430,-0.008516,0.018097,0.000000,0.00010898,-0.00106058,-0.66805014,0.74411549,0
29.340000,0.14067107,-0.12234614,-0.47432283,1.40125923,-0.98078081,-0.08886422,-2.95778747,0.025210,-0.280804,0.100418,0.025278,-0.280790,0.100464,-0.010717,0.016887,0.000000,0.00003879,-0.00106735,-0.66312321,0.74850949,0
29.360000,0.14067107,-0.12234614,-0.47432283,1.40125923,-0.98078081,-0.08886422,-2.95778747,0.027301,-0.281745,0.100445,0.027370,-0.281730,0.100490,-0.012748,0.015410,0.000000,-0.00003170,-0.00105827,-0.65793366,0.75307515,0
29.380000,0.14067107,-0.12234614,-0.47432283,1.40125923,-0.98078081,-0.08886422,-2.95778747,0.029766,-0.282847,0.100464,0.029834,-0.282831,0.100510,-0.014579,0.013691,0.000000,-0.00010161,-0.00103356,-0.65248592,0.75780014,0
29.400000,0.14067107,-0.12234614,-0.47432283,1.40125923,-0.98078081,-0.08886422,-2.95778747,0.032624,-0.284077,0.100475,0.032691,-0.284060,0.100521,-0.016180,0.011756,0.000000,-0.00017011,-0.00099364,-0.64678450,0.76267214,0
29.420000,0.14067107,-0.12234614,-0.47432283,1.40125923,-0.98078081,-0.08886422,-2.95778747,0.035891,-0.285399,0.100478,0.035959,-0.285381,0.100523,-0.017526,0.009635,0.000000,-0.00023638,-0.00093920,-0.64083399,0.76767888,0
29.440000,0.14067107,-0.12234614,-0.47432283,1.40125923,-0.98078081,-0.08886422,-2.95778747,0.039580,-0.286772,0.100473,0.039647,-0.286753,0.100518,-0.018596,0.007362,0.000000,-0.00029965,-0.00087108,-0.63463905,0.77280815,0
29.460000,0.14067107,-0.12234614,-0.47432283,1.40125923,-0.98078081,-0.08886422,-2.95778747,0.043699,-0.288155,0.100459,0.043766,-0.288135,0.100504,-0.019372,0.004974,0.000000,-0.00035922,-0.00079037,-0.62820441,0.77804785,0
29.480000,0.14067107,-0.12234614,-0.47432283,1.40125923,-0.98078081,-0.08886422,-2.95778747,0.048250,-0.289504,0.100437,0.048316,-0.289482,0.100483,-0.019842,0.002507,0.000000,-0.00041441,-0.00069830,-0.62153489,0.78338606,0
29.500000,0.14067107,-0.12234614,-0.47432283,1.40125923,-0.98078081,-0.08886422,-2.95778747,0.053231,-0.290774,0.100408,0.053297,-0.290752,0.100453,-0.020000,0.000000,0.000000,-0.00046462,-0.00059628,-0.61463537,0.78881099,0
29.520000,0.14067107,-0.12234614,-0.47432283,1.40125923,-0.98078081,-0.08886422,-2.95778747,0.058635,-0.291922,0.100372,0.058701,-0.291898,0.100417,-0.019842,-0.002507,0.000000,-0.00050929,-0.00048585,-0.60751083,0.79431109,0
29.540000,0.14067107,-0.12234614,-0.47432283,1.40125923,-0.98078081,-0.08886422,-2.95778747,0.064450,-0.292901,0.100329,0.064515,-0.292877,0.100374,-0.019372,-0.004974,0.000000,-0.00054794,-0.00036866,-0.60016628,0.79987499,0
29.560000,0.14067107,-0.12234614,-0.47432283,1.40125923,-0.98078081,-0.08886422,-2.95778747,0.070659,-0.293670,0.100280,0.070724,-0.293644,0.100325,-0.018596,-0.007362,0.000000,-0.00058015,-0.00024646,-0.59260684,0.80549161,0
29.580000,0.14067107,-0.12234614,-0.47432283,1.40125923,-0.98078081,-0.08886422,-2.95778747,0.077240,-0.294185,0.100226,0.077304,-0.294157,0.100271,-0.017526,-0.009635,0.000000,-0.00060557,-0.00012106,-0.58483768,0.81115011,0
29.600000,0.14067107,-0.12234614,-0.47432283,1.40125923,-0.98078081,-0.08886422,-2.95778747,0.084165,-0.294406,0.100168,0.084229,-0.294378,0.100213,-0.016180,-0.011756,0.000000,-0.00062393,0.00000571,-0.57686405,0.81683993,0
29.620000,0.14067107,-0.12234614,-0.47432283,1.40125923,-0.98078081,-0.08886422,-2.95778747,0.091405,-0.294298,0.100106,0.091469,-0.294268,0.100151,-0.014579,-0.013691,0.000000,-0.00063500,0.00013198,-0.56869126,0.82255081,0
29.640000,0.14067107,-0.12234614,-0.47432283,1.40125923,-0.98078081,-0.08886422,-2.95778747,0.098924,-0.293825,0.100042,0.098987,-0.293794,0.100087,-0.012748,-0.015410,0.000000,-0.00063867,0.00025594,-0.56032470,0.82827275,0
29.660000,0.14067107,-0.12234614,-0.47432283,1.40125923,-0.98078081,-0.08886422,-2.95778747,0.106684,-0.292959,0.099977,0.106746,-0.292927,0.100022,-0.010717,-0.016887,0.000000,-0.00063485,0.00037579,-0.55176983,0.83399611,0
29.680000,0.14067107,-0.12234614,-0.47432283,1.40125923,-0.98078081,-0.08886422,-2.95778747,0.114643,-0.291673,0.099911,0.114704,-0.291639,0.099956,-0.008516,-0.018097,0.000000,-0.00062358,0.00048981,-0.54303220,0.83971150,0
29.700000,0.14067107,-0.12234614,-0.47432283,1.40125923,-0.98078081,-0.08886422,-2.95778747,0.122755,-0.289947,0.099846,0.122816,-0.289912,0.099891,-0.006180,-0.019021,0.000000,-0.00060492,0.00059640,-0.53411744,0.84540986,0
29.720000,0.14067107,-0.12234614,-0.47432283,1.40125923,-0.98078081,-0.08886422,-2.95778747,0.130976,-0.287763,0.099783,0.131036,-0.287727,0.099828,-0.003748,-0.019646,0.000000,-0.00057905,0.00069404,-0.52503127,0.85108246,0
29.740000,0.14067107,-0.12234614,-0.47432283,1.40125923,-0.98078081,-0.08886422,-2.95778747,0.139258,-0.285113,0.099722,0.139317,-0.285075,0.099767,-0.001256,-0.019961,0.000000,-0.00054618,0.00078137,-0.51577953,0.85672082,0
29.760000,0.14067107,-0.12234614,-0.47432283,1.40125923,-0.98078081,-0.08886422,-2.95778747,0.147551,-0.281989,0.099665,0.147609,-0.281950,0.099710,0.001256,-0.019961,0.000000,-0.00050664,0.00085720,-0.50636817,0.86231681,0
29.780000,0.14067107,-0.12234614,-0.47432283,1.40125923,-0.98078081,-0.08886422,-2.95778747,0.155807,-0.278392,0.099613,0.155865,-0.278352,0.099658,0.003748,-0.019646,0.000000,-0.00046078,0.00092051,-0.49680328,0.86786257,0
29.800000,0.14067107,-0.12234614,-0.47432283,1.40125923,-0.98078081,-0.08886422,-2.95778747,0.163978,-0.274327,0.099566,0.164034,-0.274285,0.099611,0.006180,-0.019021,0.000000,-0.00040907,0.00097044,-0.48709109,0.87335054,0
29.820000,0.14067107,-0.12234614,-0.47432283,1.40125923,-0.98078081,-0.08886422,-2.95778747,0.172016,-0.269804,0.099525,0.172072,-0.269761,0.099570,0.008516,-0.018097,0.000000,-0.00035200,0.00100638,-0.47723800,0.87877344,0
29.840000,0.14067107,-0.12234614,-0.47432283,1.40125923,-0.98078081,-0.08886422,-2.95778747,0.179876,-0.264840,0.099491,0.179931,-0.264796,0.099536,0.010717,-0.016887,0.000000,-0.00029016,0.00102788,-0.46725060,0.88412428,0
29.860000,0.14067107,-0.12234614,-0.47432283,1.40125923,-0.98078081,-0.08886422,-2.95778747,0.187515,-0.259455,0.099464,0.187569,-0.259410,0.099509,0.012748,-0.015410,0.000000,-0.00022418,0.00103474,-0.45713566,0.88939635,0
29.880000,0.14067107,-0.12234614,-0.47432283,1.40125923,-0.98078081,-0.08886422,-2.95778747,0.194892,-0.253675,0.099445,0.194944,-0.253629,0.099490,0.014579,-0.013691,0.000000,-0.00015475,0.00102694,-0.44690020,0.89458322,0
29.900000,0.14067107,-0.12234614,-0.47432283,1.40125923,-0.98078081,-0.08886422,-2.95778747,0.201970,-0.247530,0.099434,0.202021,-0.247482,0.099479,0.016180,-0.011756,0.000000,-0.00008262,0.00100471,-0.43655146,0.89967872,0
29.920000,0.14067107,-0.12234614,-0.47432283,1.40125923,-0.98078081,-0.08886422,-2.95778747,0.208716,-0.241053,0.099431,0.208766,-0.241004,0.099476,0.017526,-0.009635,0.000000,-0.00000857,0.00096845,-0.42609695,0.90467699,0
29.940000,0.14067107,-0.12234614,-0.47432283,1.40125923,-0.98078081,-0.08886422,-2.95778747,0.215101,-0.234281,0.099437,0.215150,-0.234232,0.099482,0.018596,-0.007362,0.000000,0.00006656,0.00091878,-0.41554446,0.90957240,0
29.960000,0.14067107,-0.12234614,-0.47432283,1.40125923,-0.98078081,-0.08886422,-2.95778747,0.221101,-0.227256,0.099450,0.221149,-0.227205,0.099495,0.019372,-0.004974,0.000000,0.00014193,0.00085649,-0.40490208,0.91435964,0
29.980000,0.14067107,-0.12234614,-0.47432283,1.40125923,-0.98078081,-0.08886422,-2.95778747,0.226696,-0.220018,0.099472,0.226743,-0.219966,0.099517,0.019842,-0.002507,0.000000,0.00021664,0.00078258,-0.39417819,0.91903367,0
30.000000,0.14067107,-0.12234614,-0.47432283,1.40125923,-0.98078081,-0.08886422,-2.95778747,0.231872,-0.212612,0.099501,0.231918,-0.212559,0.099546,0.020000,-0.000000,0.000000,0.00028981,0.00069816,-0.38338152,0.92358976,0
30.020000,0.14067107,-0.12234614,-0.47432283,1.40125923,-0.98078081,-0.08886422,-2.95778747,0.236620,-0.205084,0.099537,0.236664,-0.205030,0.099583,0.019842,0.002507,0.000000,0.00036052,0.00060452,-0.37252113,0.92802345,0
30.040000,0.14067107,-0.12234614,-0.47432283,1.40125923,-0.98078081,-0.08886422,-2.95778747,0.240936,-0.197479,0.099580,0.240979,-0.197424,0.099626,0.019372,0.004974,0.000000,0.00042788,0.00050305,-0.36160641,0.93233061,0
30.060000,0.14067107,-0.12234614,-0.47432283,1.40125923,-0.98078081,-0.08886422,-2.95778747,0.244821,-0.189843,0.099629,0.244863,-0.189787,0.099675,0.018596,0.007362,0.000000,0.00049102,0.00039525,-0.35064712,0.93650745,0
30.080000,0.14067107,-0.12234614,-0.47432283,1.40125923,-0.98078081,-0.08886422,-2.95778747,0.248283,-0.182221,0.099683,0.248323,-0.182164,0.099729,0.017526,0.009635,0.000000,0.00054906,0.00028267,-0.33965336,0.94055048,0
30.100000,0.14067107,-0.12234614,-0.47432283,1.40125923,-0.98078081,-0.08886422,-2.95778747,0.251333,-0.174656,0.099741,0.251372,-0.174598,0.099787,0.016180,0.011756,0.000000,0.00060120,0.00016696,-0.32863558,0.94445660,0
30.120000,0.14067107,-0.12234614,-0.47432283,1.40125923,-0.98078081,-0.08886422,-2.95778747,0.253987,-0.167190,0.099803,0.254024,-0.167131,0.099848,0.014579,0.013691,0.000000,0.00064666,0.00004975,-0.31760457,0.94822303,0
30.140000,0.14067107,-0.12234614,-0.47432283,1.40125923,-0.98078081,-0.08886422,-2.95778747,0.256266,-0.159861,0.099867,0.256302,-0.159802,0.099912,0.012748,0.015410,0.000000,0.00068474,-0.00006729,-0.30657146,0.95184740,0
30.160000,0.14067107,-0.12234614,-0.47432283,1.40125923,-0.98078081,-0.08886422,-2.95778747,0.258196,-0.152707,0.099932,0.258230,-0.152646,0.099978,0.010717,0.016887,0.000000,0.00071480,-0.00018252,-0.29554769,0.95532770,0
30.180000,0.14067107,-0.12234614,-0.47432283,1.40125923,-0.98078081,-0.08886422,-2.95778747,0.259804,-0.145759,0.099998,0.259838,-0.145698,0.100043,0.008516,0.018097,0.000000,0.00073629,-0.00029435,-0.28454500,0.95866236,0
30.200000,0.14067107,-0.12234614,-0.47432283,1.40125923,-0.98078081,-0.08886422,-2.95778747,0.261124,-0.139046,0.100063,0.261156,-0.138984,0.100109,0.006180,0.019021,0.000000,0.00074875,-0.00040125,-0.27357541,0.96185018,0
30.220000,0.14067107,-0.12234614,-0.47432283,1.40125923,-0.98078081,-0.08886422,-2.95778747,0.262189,-0.132594,0.100126,0.262220,-0.132531,0.100172,0.003748,0.019646,0.000000,0.00075182,-0.00050175,-0.26265119,0.96489043,0
30.240000,0.14067107,-0.12234614,-0.47432283,1.40125923,-0.98078081,-0.08886422,-2.95778747,0.263037,-0.126421,0.100187,0.263066,-0.126358,0.100232,0.001256,0.019961,0.000000,0.00074526,-0.00059451,-0.25178484,0.96778277,0
30.260000,0.14067107,-0.12234614,-0.47432283,1.40125923,-0.98078081,-0.08886422,-2.95778747,0.263704,-0.120545,0.100244,0.263732,-0.120480,0.100289,-0.001256,0.019961,0.000000,0.00072896,-0.00067830,-0.24098903,0.97052733,0
30.280000,0.14067107,-0.12234614,-0.47432283,1.40125923,-0.98078081,-0.08886422,-2.95778747,0.264231,-0.114974,0.100296,0.264257,-0.114909,0.100342,-0.003748,0.019646,0.000000,0.00070292,-0.00075203,-0.23027662,0.97312467,0
30.300000,0.14067107,-0.12234614,-0.47432283,1.40125923,-0.98078081,-0.08886422,-2.95778747,0.264656,-0.109716,0.100343,0.264681,-0.109651,0.100389,-0.006180,0.019021,0.000000,0.00066728,-0.00081476,-0.21966057,0.97557579,0
30.320000,0.14067107,-0.12234614,-0.47432283,1.40125923,-0.98078081,-0.08886422,-2.95778747,0.265018,-0.104772,0.100384,0.265041,-0.104706,0.100430,-0.008516,0.018097,0.000000,0.00062231,-0.00086570,-0.20915391,0.97788215,0
30.340000,0.14067107,-0.12234614,-0.47432283,1.40125923,-0.98078081,-0.08886422,-2.95778747,0.265356,-0.100138,0.100418,0.265377,-0.100071,0.100464,-0.010717,0.016887,0.000000,0.00056842,-0.00090423,-0.19876975,0.98004563,0
30.360000,0.14067107,-0.12234614,-0.47432283,1.40125923,-0.98078081,-0.08886422,-2.95778747,0.265705,-0.095806,0.100445,0.265725,-0.095739,0.100490,-0.012748,0.015410,0.000000,0.00050617,-0.00092991,-0.18852116,0.98206856,0
30.380000,0.14067107,-0.12234614,-0.47432283,1.40125923,-0.98078081,-0.08886422,-2.95778747,0.266099,-0.091764,0.100464,0.266119,-0.091696,0.100510,-0.014579,0.013691,0.000000,0.00043622,-0.00094248,-0.17842122,0.98395365,0
30.400000,0.14067107,-0.12234614,-0.47432283,1.40125923,-0.98078081,-0.08886422,-2.95778747,0.266572,-0.087996,0.100475,0.266589,-0.087928,0.100521,-0.016180,0.011756,0.000000,0.00035939,-0.00094186,-0.16848290,0.98570406,0
30.420000,0.14067107,-0.12234614,-0.47432283,1.40125923,-0.98078081,-0.08886422,-2.95778747,0.267150,-0.084482,0.100478,0.267166,-0.084414,0.100523,-0.017526,0.009635,0.000000,0.00027660,-0.00092815,-0.15871907,0.98732331,0
30.440000,0.14067107,-0.12234614,-0.47432283,1.40125923,-0.98078081,-0.08886422,-2.95778747,0.267859,-0.081201,0.100473,0.267874,-0.081133,0.100518,-0.018596,0.007362,0.000000,0.00018889,-0.00090161,-0.14914247,0.98881529,0
30.460000,0.14067107,-0.12234614,-0.47432283,1.40125923,-0.98078081,-0.08886422,-2.95778747,0.268720,-0.078126,0.100459,0.268734,-0.078058,0.100504,-0.019372,0.004974,0.000000,0.00009740,-0.00086269,-0.13976565,0.99018423,0
30.480000,0.14067107,-0.12234614,-0.47432283,1.40125923,-0.98078081,-0.08886422,-2.95778747,0.269750,-0.075231,0.100437,0.269762,-0.075162,0.100483,-0.019842,0.002507,0.000000,0.00000335,-0.00081200,-0.13060094,0.99143469,0
30.500000,0.14067107,-0.12234614,-0.47432283,1.40125923,-0.98078081,-0.08886422,-2.95778747,0.270961,-0.072486,0.100408,0.270972,-0.072417,0.100453,-0.020000,0.000000,0.000000,-0.00009197,-0.00075031,-0.12166045,0.99257149,0
30.520000,0.14067107,-0.12234614,-0.47432283,1.40125923,-0.98078081,-0.08886422,-2.95778747,0.272361,-0.069863,0.100372,0.272371,-0.069794,0.100417,-0.019842,-0.002507,0.000000,-0.00018721,-0.00067851,-0.11295602,0.99359974,0
30.540000,0.14067107,-0.12234614,-0.47432283,1.40125923,-0.98078081,-0.08886422,-2.95778747,0.273954,-0.067331,0.100329,0.273963,-0.067262,0.100374,-0.019372,-0.004974,0.000000,-0.00028101,-0.00059764,-0.10449922,0.99452475,0
30.560000,0.14067107,-0.12234614,-0.47432283,1.40125923,-0.98078081,-0.08886422,-2.95778747,0.275738,-0.064860,0.100280,0.275746,-0.064791,0.100325,-0.018596,-0.007362,0.000000,-0.00037198,-0.00050887,-0.09630133,0.99535203,0
30.580000,0.14067107,-0.12234614,-0.47432283,1.40125923,-0.98078081,-0.08886422,-2.95778747,0.277707,-0.062422,0.100226,0.277714,-0.062353,0.100271,-0.017526,-0.009635,0.000000,-0.00045874,-0.00041344,-0.08837329,0.99608724,0
30.600000,0.14067107,-0.12234614,-0.47432283,1.40125923,-0.98078081,-0.08886422,-2.95778747,0.279850,-0.059990,0.100168,0.279856,-0.059920,0.100213,-0.016180,-0.011756,0.000000,-0.00053994,-0.00031269,-0.08072578,0.99673615,0
30.620000,0.14067107,-0.12234614,-0.47432283,1.40125923,-0.98078081,-0.08886422,-2.95778747,0.282154,-0.057538,0.100106,0.282158,-0.057468,0.100151,-0.014579,-0.013691,0.000000,-0.00061430,-0.00020805,-0.07336911,0.99730464,0
30.640000,0.14067107,-0.12234614,-0.47432283,1.40125923,-0.98078081,-0.08886422,-2.95778747,0.284598,-0.055043,0.100042,0.284602,-0.054973,0.100087,-0.012748,-0.015410,0.000000,-0.00068059,-0.00010096,-0.06631333,0.99779861,0
30.660000,0.14067107,-0.12234614,-0.47432283,1.40125923,-0.98078081,-0.08886422,-2.95778747,0.287162,-0.052487,0.099977,0.287165,-0.052417,0.100022,-0.010717,-0.016887,0.000000,-0.00073770,0.00000707,-0.05956815,0.99822397,0
30.680000,0.14067107,-0.12234614,-0.47432283,1.40125923,-0.98078081,-0.08886422,-2.95778747,0.289819,-0.049852,0.099911,0.289821,-0.049782,0.099956,-0.008516,-0.018097,0.000000,-0.00078463,0.00011454,-0.05314299,0.99858660,0
30.700000,0.14067107,-0.12234614,-0.47432283,1.40125923,-0.98078081,-0.08886422,-2.95778747,0.292542,-0.047126,0.099846,0.292543,-0.047056,0.099891,-0.006180,-0.019021,0.000000,-0.00082051,0.00021995,-0.04704700,0.99889232,0
30.720000,0.14067107,-0.12234614,-0.47432283,1.40125923,-0.98078081,-0.08886422,-2.95778747,0.295300,-0.044302,0.099783,0.295301,-0.044232,0.099828,-0.003748,-0.019646,0.000000,-0.00084464,0.00032181,-0.04128907,0.99914683,0
30.740000,0.14067107,-0.12234614,-0.47432283,1.40125923,-0.98078081,-0.08886422,-2.95778747,0.298062,-0.041375,0.099722,0.298062,-0.041305,0.099767,-0.001256,-0.019961,0.000000,-0.00085647,0.00041871,-0.03587782,0.99935573,0
30.760000,0.14067107,-0.12234614,-0.47432283,1.40125923,-0.98078081,-0.08886422,-2.95778747,0.300794,-0.038347,0.099665,0.300793,-0.038277,0.099710,0.001256,-0.019961,0.000000,-0.00085565,0.00050925,-0.03082169,0.99952440,0
30.780000,0.14067107,-0.12234614,-0.47432283,1.40125923,-0.98078081,-0.08886422,-2.95778747,0.303462,-0.035223,0.099613,0.303461,-0.035153,0.099658,0.003748,-0.019646,0.000000,-0.00084202,0.00059216,-0.02612893,0.99965805,0
30.800000,0.14067107,-0.12234614,-0.47432283,1.40125923,-0.98078081,-0.08886422,-2.95778747,0.306034,-0.032013,0.099566,0.306032,-0.031943,0.099611,0.006180,-0.019021,0.000000,-0.00081562,0.00066623,-0.02180761,0.99976163,0
30.820000,0.14067107,-0.12234614,-0.47432283,1.40125923,-0.98078081,-0.08886422,-2.95778747,0.308476,-0.028732,0.099525,0.308473,-0.028662,0.099570,0.008516,-0.018097,0.000000,-0.00077669,0.00073038,-0.01786570,0.99983983,0
30.840000,0.14067107,-0.12234614,-0.47432283,1.40125923,-0.98078081,-0.08886422,-2.95778747,0.310756,-0.025400,0.099491,0.310752,-0.025330,0.099536,0.010717,-0.016887,0.000000,-0.00072567,0.00078366,-0.01431106,0.99989702,0
30.860000,0.14067107,-0.12234614,-0.47432283,1.40125923,-0.98078081,-0.08886422,-2.95778747,0.312844,-0.022040,0.099464,0.312840,-0.021970,0.099509,0.012748,-0.015410,0.000000,-0.00066324,0.00082526,-0.01115150,0.99993726,0
30.880000,0.14067107,-0.12234614,-0.47432283,1.40125923,-0.98078081,-0.08886422,-2.95778747,0.314713,-0.018681,0.099445,0.314709,-0.018611,0.099490,0.014579,-0.013691,0.000000,-0.00059023,0.00085451,-0.00839480,0.99996422,0
30.900000,0.14067107,-0.12234614,-0.47432283,1.40125923,-0.98078081,-0.08886422,-2.95778747,0.316337,-0.015354,0.099434,0.316333,-0.015285,0.099479,0.016180,-0.011756,0.000000,-0.00050768,0.00087093,-0.00604876,0.99998120,0
30.920000,0.14067107,-0.12234614,-0.47432283,1.40125923,-0.98078081,-0.08886422,-2.95778747,0.317696,-0.012095,0.099431,0.317691,-0.012025,0.099476,0.017526,-0.009635,0.000000,-0.00041681,0.00087421,-0.00412122,0.99999104,0
30.940000,0.14067107,-0.12234614,-0.47432283,1.40125923,-0.98078081,-0.08886422,-2.95778747,0.318769,-0.008941,0.099437,0.318764,-0.008871,0.099482,0.018596,-0.007362,0.000000,-0.00031899,0.00086419,-0.00262008,0.99999614,0
30.960000,0.14067107,-0.12234614,-0.47432283,1.40125923,-0.98078081,-0.08886422,-2.95778747,0.319543,-0.005933,0.099450,0.319538,-0.005863,0.099495,0.019372,-0.004974,0.000000,-0.00021572,0.00084095,-0.00155335,0.99999842,0
30.980000,0.14067107,-0.12234614,-0.47432283,1.40125923,-0.98078081,-0.08886422,-2.95778747,0.320008,-0.003112,0.099472,0.320002,-0.003043,0.099517,0.019842,-0.002507,0.000000,-0.00010863,0.00080471,-0.00092917,0.99999924,0
